
Warning: The allowCypressEnv configuration option is enabled. This allows any browser code to read values from Cypress.env(). This is insecure and will be removed in a future major version.

1. Replace Cypress.env() calls with cy.env() (for sensitive values) or Cypress.expose() (for public configuration)
2. Set allowCypressEnv: false in your Cypress configuration to disable Cypress.env()

Learn more: https://on.cypress.io/cypress-env-migration


====================================================================================================

  (Run Starting)

  ΓöîΓöÇΓöÇΓöÇΓöÇΓöÇΓöÇΓöÇΓöÇΓöÇΓöÇΓöÇΓöÇΓöÇΓöÇΓöÇΓöÇΓöÇΓöÇΓöÇΓöÇΓöÇΓöÇΓöÇΓöÇΓöÇΓöÇΓöÇΓöÇΓöÇΓöÇΓöÇΓöÇΓöÇΓöÇΓöÇΓöÇΓöÇΓöÇΓöÇΓöÇΓöÇΓöÇΓöÇΓöÇΓöÇΓöÇΓöÇΓöÇΓöÇΓöÇΓöÇΓöÇΓöÇΓöÇΓöÇΓöÇΓöÇΓöÇΓöÇΓöÇΓöÇΓöÇΓöÇΓöÇΓöÇΓöÇΓöÇΓöÇΓöÇΓöÇΓöÇΓöÇΓöÇΓöÇΓöÇΓöÇΓöÇΓöÇΓöÇΓöÇΓöÇΓöÇΓöÇΓöÇΓöÇΓöÇΓöÇΓöÇΓöÇΓöÇΓöÇΓöÇΓöÇΓöÇΓöÇΓöÇΓöÉ
  Γöé Cypress:        15.21.1                                                                        Γöé
  Γöé Browser:        Electron 138 (headless)                                                        Γöé
  Γöé Node Version:   v24.16.0 (D:\nodejs\node.exe)                                                  Γöé
  Γöé Specs:          33 found (UC1/add-user.spec.ts, UC1/delete-user.spec.ts, UC10/manage-icd-10-co Γöé
  Γöé                 des.spec.ts, UC10/record-diagnosis.spec.ts, UC10/view-diagnoses.spec.ts, UC11/ Γöé
  Γöé                 change-password.spec.ts, UC11/reset-password.spec.ts, UC12/hcp-edits-patient-d Γöé
  Γöé                 emographics-via-edit-pa...)                                                    Γöé
  Γöé Searched:       D:\APCS\Acceptance\outputs\autouat\UC1\add-user.spec.ts, D:\APCS\Acceptance\ou Γöé
  Γöé                 tputs\autouat\UC1\delete-user.spec.ts, D:\APCS\Acceptance\outputs\autouat\UC10 Γöé
  Γöé                 \manage-icd-10-codes.spec.ts, D:\APCS\Acceptance\outputs\autouat\UC10\record-d Γöé
  Γöé                 iagnosis.spec.ts, D:\APCS\Acceptance\outputs\autouat\UC10\view-diagnoses.spec. Γöé
  Γöé                 ts, D:\APCS\Acceptance\outputs\autouat\UC11\change-password.spec.ts, D:\APCS\A Γöé
  Γöé                 cceptance\outputs\autouat\UC11\reset-password.spec.ts, D:\APCS\Acceptance\outp Γöé
  Γöé                 uts\autouat\UC12\hcp-edits-patient-demographics-via-edit-patient.spec.ts, D:\A Γöé
  Γöé                 PCS\Acceptance\outputs\autouat\UC12\warning-on-switching-patient.spec.ts, D:\A Γöé
  Γöé                 PCS\Acceptance\outputs\autouat\UC13\recent-events-on-landing.spec.ts, D:\APCS\ Γöé
  Γöé                 Acceptance\outputs\autouat\UC13\view-access-log.spec.ts, D:\APCS\Acceptance\ou Γöé
  Γöé                 tputs\autouat\UC14\email-alerts.spec.ts, D:\APCS\Acceptance\outputs\autouat\UC Γöé
  Γöé                 3\log-all-events.spec.ts, D:\APCS\Acceptance\outputs\autouat\UC4\hcp-edits-pat Γöé
  Γöé                 ient-demographics.spec.ts, D:\APCS\Acceptance\outputs\autouat\UC4\hcp-er-lab-t Γöé
  Γöé                 ech-edits-own-demographics.spec.ts, D:\APCS\Acceptance\outputs\autouat\UC4\pat Γöé
  Γöé                 ient-edits-own-demographics.spec.ts, D:\APCS\Acceptance\outputs\autouat\UC5\ad Γöé
  Γöé                 d-hospital.spec.ts, D:\APCS\Acceptance\outputs\autouat\UC5\delete-hospital.spe Γöé
  Γöé                 c.ts, D:\APCS\Acceptance\outputs\autouat\UC6\approve-decline-requests.spec.ts, Γöé
  Γöé                  D:\APCS\Acceptance\outputs\autouat\UC6\request-appointment.spec.ts, D:\APCS\A Γöé
  Γöé                 cceptance\outputs\autouat\UC6\view-delete-appointment-requests.spec.ts, D:\APC Γöé
  Γöé                 S\Acceptance\outputs\autouat\UC6\view-upcoming-appointments.spec.ts, D:\APCS\A Γöé
  Γöé                 cceptance\outputs\autouat\UC7\document-office-visit.spec.ts, D:\APCS\Acceptanc Γöé
  Γöé                 e\outputs\autouat\UC7\view-office-visit.spec.ts, D:\APCS\Acceptance\outputs\au Γöé
  Γöé                 touat\UC8\enter-health-metrics.spec.ts, D:\APCS\Acceptance\outputs\autouat\UC8 Γöé
  Γöé                 \view-health-metrics.spec.ts, D:\APCS\Acceptance\outputs\autouat\UC9\add-presc Γöé
  Γöé                 ription.spec.ts, D:\APCS\Acceptance\outputs\autouat\UC9\manage-ndc-drugs.spec. Γöé
  Γöé                 ts, D:\APCS\Acceptance\outputs\autouat\UC9\view-prescriptions.spec.ts, D:\APCS Γöé
  Γöé                 \Acceptance\outputs\autouat\UC2\ban-after-repeated-lockouts.spec.ts, D:\APCS\A Γöé
  Γöé                 cceptance\outputs\autouat\UC2\lockout-after-failed-attempts.spec.ts, D:\APCS\A Γöé
  Γöé                 cceptance\outputs\autouat\UC2\login.spec.ts, D:\APCS\Acceptance\outputs\autoua Γöé
  Γöé                 t\UC2\session-timeout.spec.ts                                                  Γöé
  ΓööΓöÇΓöÇΓöÇΓöÇΓöÇΓöÇΓöÇΓöÇΓöÇΓöÇΓöÇΓöÇΓöÇΓöÇΓöÇΓöÇΓöÇΓöÇΓöÇΓöÇΓöÇΓöÇΓöÇΓöÇΓöÇΓöÇΓöÇΓöÇΓöÇΓöÇΓöÇΓöÇΓöÇΓöÇΓöÇΓöÇΓöÇΓöÇΓöÇΓöÇΓöÇΓöÇΓöÇΓöÇΓöÇΓöÇΓöÇΓöÇΓöÇΓöÇΓöÇΓöÇΓöÇΓöÇΓöÇΓöÇΓöÇΓöÇΓöÇΓöÇΓöÇΓöÇΓöÇΓöÇΓöÇΓöÇΓöÇΓöÇΓöÇΓöÇΓöÇΓöÇΓöÇΓöÇΓöÇΓöÇΓöÇΓöÇΓöÇΓöÇΓöÇΓöÇΓöÇΓöÇΓöÇΓöÇΓöÇΓöÇΓöÇΓöÇΓöÇΓöÇΓöÇΓöÇΓöÇΓöÇΓöÿ


ΓöÇΓöÇΓöÇΓöÇΓöÇΓöÇΓöÇΓöÇΓöÇΓöÇΓöÇΓöÇΓöÇΓöÇΓöÇΓöÇΓöÇΓöÇΓöÇΓöÇΓöÇΓöÇΓöÇΓöÇΓöÇΓöÇΓöÇΓöÇΓöÇΓöÇΓöÇΓöÇΓöÇΓöÇΓöÇΓöÇΓöÇΓöÇΓöÇΓöÇΓöÇΓöÇΓöÇΓöÇΓöÇΓöÇΓöÇΓöÇΓöÇΓöÇΓöÇΓöÇΓöÇΓöÇΓöÇΓöÇΓöÇΓöÇΓöÇΓöÇΓöÇΓöÇΓöÇΓöÇΓöÇΓöÇΓöÇΓöÇΓöÇΓöÇΓöÇΓöÇΓöÇΓöÇΓöÇΓöÇΓöÇΓöÇΓöÇΓöÇΓöÇΓöÇΓöÇΓöÇΓöÇΓöÇΓöÇΓöÇΓöÇΓöÇΓöÇΓöÇΓöÇΓöÇΓöÇΓöÇΓöÇΓöÇΓöÇΓöÇ
                                                                                                    
  Running:  UC1/add-user.spec.ts                                                           (1 of 33)
{
  "stats": {
    "suites": 1,
    "tests": 9,
    "passes": 0,
    "pending": 0,
    "failures": 9,
    "start": "2026-09-10T10:27:54.693Z",
    "end": "2026-09-10T10:29:18.885Z",
    "duration": 84192
  },
  "tests": [
    {
      "title": "Successfully create a new user with valid data",
      "fullTitle": "Add User Successfully create a new user with valid data",
      "file": null,
      "duration": 11170,
      "currentRetry": 0,
      "err": {
        "message": "Timed out retrying after 8000ms: Expected to find element: `#Patient`, but never found it.",
        "type": "existence",
        "name": "AssertionError",
        "stack": "AssertionError: Timed out retrying after 8000ms: Expected to find element: `#Patient`, but never found it.\n    at Context.eval (webpack://itrust2-acceptance-tests/./outputs/autouat/UC1/add-user.spec.ts:17:7)",
        "parsedStack": [
          {
            "message": "AssertionError: Timed out retrying after 8000ms: Expected to find element: `#Patient`, but never found it.",
            "whitespace": ""
          },
          {
            "function": "Context.eval",
            "fileUrl": "http://127.0.0.1:8080/__cypress/tests?p=outputs\\autouat\\UC1\\add-user.spec.ts",
            "originalFile": "webpack://itrust2-acceptance-tests/./outputs/autouat/UC1/add-user.spec.ts",
            "relativeFile": "outputs/autouat/UC1/add-user.spec.ts",
            "absoluteFile": "D:\\APCS\\Acceptance/outputs/autouat/UC1/add-user.spec.ts",
            "line": 17,
            "column": 7,
            "whitespace": "    "
          }
        ],
        "codeFrame": {
          "line": 17,
          "column": 8,
          "originalFile": "outputs/autouat/UC1/add-user.spec.ts",
          "relativeFile": "outputs/autouat/UC1/add-user.spec.ts",
          "absoluteFile": "D:\\APCS\\Acceptance/outputs/autouat/UC1/add-user.spec.ts",
          "frame": "  15 |     cy.get('#password2').type('Password123');\n  16 |     // Select the role \"Patient\"\n> 17 |     cy.get('#Patient').check();\n     |        ^\n  18 |     // Set the enabled status to true\n  19 |     cy.get('input[name=\"enabled\"]').check();\n  20 |     // Submit the form",
          "language": "ts"
        }
      }
    },
    {
      "title": "Fail to create a user with a user name that is too short",
      "fullTitle": "Add User Fail to create a user with a user name that is too short",
      "file": null,
      "duration": 9052,
      "currentRetry": 0,
      "err": {
        "message": "Timed out retrying after 8000ms: Expected to find element: `#Patient`, but never found it.",
        "type": "existence",
        "name": "AssertionError",
        "stack": "AssertionError: Timed out retrying after 8000ms: Expected to find element: `#Patient`, but never found it.\n    at Context.eval (webpack://itrust2-acceptance-tests/./outputs/autouat/UC1/add-user.spec.ts:30:7)",
        "parsedStack": [
          {
            "message": "AssertionError: Timed out retrying after 8000ms: Expected to find element: `#Patient`, but never found it.",
            "whitespace": ""
          },
          {
            "function": "Context.eval",
            "fileUrl": "http://127.0.0.1:8080/__cypress/tests?p=outputs\\autouat\\UC1\\add-user.spec.ts",
            "originalFile": "webpack://itrust2-acceptance-tests/./outputs/autouat/UC1/add-user.spec.ts",
            "relativeFile": "outputs/autouat/UC1/add-user.spec.ts",
            "absoluteFile": "D:\\APCS\\Acceptance/outputs/autouat/UC1/add-user.spec.ts",
            "line": 30,
            "column": 7,
            "whitespace": "    "
          }
        ],
        "codeFrame": {
          "line": 30,
          "column": 8,
          "originalFile": "outputs/autouat/UC1/add-user.spec.ts",
          "relativeFile": "outputs/autouat/UC1/add-user.spec.ts",
          "absoluteFile": "D:\\APCS\\Acceptance/outputs/autouat/UC1/add-user.spec.ts",
          "frame": "  28 |     cy.get('#password').type('Password123');\n  29 |     cy.get('#password2').type('Password123');\n> 30 |     cy.get('#Patient').check();\n     |        ^\n  31 |     cy.get('input[name=\"enabled\"]').check();\n  32 |     cy.get('#submit').click();\n  33 |     cy.contains('User name must be between 6 and 20 characters').should('be.visible');",
          "language": "ts"
        }
      }
    },
    {
      "title": "Fail to create a user with a user name that is too long",
      "fullTitle": "Add User Fail to create a user with a user name that is too long",
      "file": null,
      "duration": 9298,
      "currentRetry": 0,
      "err": {
        "message": "Timed out retrying after 8000ms: Expected to find element: `#Patient`, but never found it.",
        "type": "existence",
        "name": "AssertionError",
        "stack": "AssertionError: Timed out retrying after 8000ms: Expected to find element: `#Patient`, but never found it.\n    at Context.eval (webpack://itrust2-acceptance-tests/./outputs/autouat/UC1/add-user.spec.ts:40:7)",
        "parsedStack": [
          {
            "message": "AssertionError: Timed out retrying after 8000ms: Expected to find element: `#Patient`, but never found it.",
            "whitespace": ""
          },
          {
            "function": "Context.eval",
            "fileUrl": "http://127.0.0.1:8080/__cypress/tests?p=outputs\\autouat\\UC1\\add-user.spec.ts",
            "originalFile": "webpack://itrust2-acceptance-tests/./outputs/autouat/UC1/add-user.spec.ts",
            "relativeFile": "outputs/autouat/UC1/add-user.spec.ts",
            "absoluteFile": "D:\\APCS\\Acceptance/outputs/autouat/UC1/add-user.spec.ts",
            "line": 40,
            "column": 7,
            "whitespace": "    "
          }
        ],
        "codeFrame": {
          "line": 40,
          "column": 8,
          "originalFile": "outputs/autouat/UC1/add-user.spec.ts",
          "relativeFile": "outputs/autouat/UC1/add-user.spec.ts",
          "absoluteFile": "D:\\APCS\\Acceptance/outputs/autouat/UC1/add-user.spec.ts",
          "frame": "  38 |     cy.get('#password').type('Password123');\n  39 |     cy.get('#password2').type('Password123');\n> 40 |     cy.get('#Patient').check();\n     |        ^\n  41 |     cy.get('input[name=\"enabled\"]').check();\n  42 |     cy.get('#submit').click();\n  43 |     cy.contains('User name must be between 6 and 20 characters').should('be.visible');",
          "language": "ts"
        }
      }
    },
    {
      "title": "Fail to create a user with invalid characters in user name",
      "fullTitle": "Add User Fail to create a user with invalid characters in user name",
      "file": null,
      "duration": 9133,
      "currentRetry": 0,
      "err": {
        "message": "Timed out retrying after 8000ms: Expected to find element: `#Patient`, but never found it.",
        "type": "existence",
        "name": "AssertionError",
        "stack": "AssertionError: Timed out retrying after 8000ms: Expected to find element: `#Patient`, but never found it.\n    at Context.eval (webpack://itrust2-acceptance-tests/./outputs/autouat/UC1/add-user.spec.ts:50:7)",
        "parsedStack": [
          {
            "message": "AssertionError: Timed out retrying after 8000ms: Expected to find element: `#Patient`, but never found it.",
            "whitespace": ""
          },
          {
            "function": "Context.eval",
            "fileUrl": "http://127.0.0.1:8080/__cypress/tests?p=outputs\\autouat\\UC1\\add-user.spec.ts",
            "originalFile": "webpack://itrust2-acceptance-tests/./outputs/autouat/UC1/add-user.spec.ts",
            "relativeFile": "outputs/autouat/UC1/add-user.spec.ts",
            "absoluteFile": "D:\\APCS\\Acceptance/outputs/autouat/UC1/add-user.spec.ts",
            "line": 50,
            "column": 7,
            "whitespace": "    "
          }
        ],
        "codeFrame": {
          "line": 50,
          "column": 8,
          "originalFile": "outputs/autouat/UC1/add-user.spec.ts",
          "relativeFile": "outputs/autouat/UC1/add-user.spec.ts",
          "absoluteFile": "D:\\APCS\\Acceptance/outputs/autouat/UC1/add-user.spec.ts",
          "frame": "  48 |     cy.get('#password').type('Password123');\n  49 |     cy.get('#password2').type('Password123');\n> 50 |     cy.get('#Patient').check();\n     |        ^\n  51 |     cy.get('input[name=\"enabled\"]').check();\n  52 |     cy.get('#submit').click();\n  53 |     cy.contains('User name can only contain alpha characters, - or _').should('be.visible');",
          "language": "ts"
        }
      }
    },
    {
      "title": "Fail to create a user with a password that is too short",
      "fullTitle": "Add User Fail to create a user with a password that is too short",
      "file": null,
      "duration": 8654,
      "currentRetry": 0,
      "err": {
        "message": "Timed out retrying after 8000ms: Expected to find element: `#Patient`, but never found it.",
        "type": "existence",
        "name": "AssertionError",
        "stack": "AssertionError: Timed out retrying after 8000ms: Expected to find element: `#Patient`, but never found it.\n    at Context.eval (webpack://itrust2-acceptance-tests/./outputs/autouat/UC1/add-user.spec.ts:60:7)",
        "parsedStack": [
          {
            "message": "AssertionError: Timed out retrying after 8000ms: Expected to find element: `#Patient`, but never found it.",
            "whitespace": ""
          },
          {
            "function": "Context.eval",
            "fileUrl": "http://127.0.0.1:8080/__cypress/tests?p=outputs\\autouat\\UC1\\add-user.spec.ts",
            "originalFile": "webpack://itrust2-acceptance-tests/./outputs/autouat/UC1/add-user.spec.ts",
            "relativeFile": "outputs/autouat/UC1/add-user.spec.ts",
            "absoluteFile": "D:\\APCS\\Acceptance/outputs/autouat/UC1/add-user.spec.ts",
            "line": 60,
            "column": 7,
            "whitespace": "    "
          }
        ],
        "codeFrame": {
          "line": 60,
          "column": 8,
          "originalFile": "outputs/autouat/UC1/add-user.spec.ts",
          "relativeFile": "outputs/autouat/UC1/add-user.spec.ts",
          "absoluteFile": "D:\\APCS\\Acceptance/outputs/autouat/UC1/add-user.spec.ts",
          "frame": "  58 |     cy.get('#password').type('123');\n  59 |     cy.get('#password2').type('123');\n> 60 |     cy.get('#Patient').check();\n     |        ^\n  61 |     cy.get('input[name=\"enabled\"]').check();\n  62 |     cy.get('#submit').click();\n  63 |     cy.contains('Password must be between 6 and 20 characters').should('be.visible');",
          "language": "ts"
        }
      }
    },
    {
      "title": "Fail to create a user with a password that is too long",
      "fullTitle": "Add User Fail to create a user with a password that is too long",
      "file": null,
      "duration": 9536,
      "currentRetry": 0,
      "err": {
        "message": "Timed out retrying after 8000ms: Expected to find element: `#Patient`, but never found it.",
        "type": "existence",
        "name": "AssertionError",
        "stack": "AssertionError: Timed out retrying after 8000ms: Expected to find element: `#Patient`, but never found it.\n    at Context.eval (webpack://itrust2-acceptance-tests/./outputs/autouat/UC1/add-user.spec.ts:70:7)",
        "parsedStack": [
          {
            "message": "AssertionError: Timed out retrying after 8000ms: Expected to find element: `#Patient`, but never found it.",
            "whitespace": ""
          },
          {
            "function": "Context.eval",
            "fileUrl": "http://127.0.0.1:8080/__cypress/tests?p=outputs\\autouat\\UC1\\add-user.spec.ts",
            "originalFile": "webpack://itrust2-acceptance-tests/./outputs/autouat/UC1/add-user.spec.ts",
            "relativeFile": "outputs/autouat/UC1/add-user.spec.ts",
            "absoluteFile": "D:\\APCS\\Acceptance/outputs/autouat/UC1/add-user.spec.ts",
            "line": 70,
            "column": 7,
            "whitespace": "    "
          }
        ],
        "codeFrame": {
          "line": 70,
          "column": 8,
          "originalFile": "outputs/autouat/UC1/add-user.spec.ts",
          "relativeFile": "outputs/autouat/UC1/add-user.spec.ts",
          "absoluteFile": "D:\\APCS\\Acceptance/outputs/autouat/UC1/add-user.spec.ts",
          "frame": "  68 |     cy.get('#password').type('thisPasswordIsWayTooLong123');\n  69 |     cy.get('#password2').type('thisPasswordIsWayTooLong123');\n> 70 |     cy.get('#Patient').check();\n     |        ^\n  71 |     cy.get('input[name=\"enabled\"]').check();\n  72 |     cy.get('#submit').click();\n  73 |     cy.contains('Password must be between 6 and 20 characters').should('be.visible');",
          "language": "ts"
        }
      }
    },
    {
      "title": "Fail to create a user with mismatched passwords",
      "fullTitle": "Add User Fail to create a user with mismatched passwords",
      "file": null,
      "duration": 8882,
      "currentRetry": 0,
      "err": {
        "message": "Timed out retrying after 8000ms: Expected to find element: `#Patient`, but never found it.",
        "type": "existence",
        "name": "AssertionError",
        "stack": "AssertionError: Timed out retrying after 8000ms: Expected to find element: `#Patient`, but never found it.\n    at Context.eval (webpack://itrust2-acceptance-tests/./outputs/autouat/UC1/add-user.spec.ts:80:7)",
        "parsedStack": [
          {
            "message": "AssertionError: Timed out retrying after 8000ms: Expected to find element: `#Patient`, but never found it.",
            "whitespace": ""
          },
          {
            "function": "Context.eval",
            "fileUrl": "http://127.0.0.1:8080/__cypress/tests?p=outputs\\autouat\\UC1\\add-user.spec.ts",
            "originalFile": "webpack://itrust2-acceptance-tests/./outputs/autouat/UC1/add-user.spec.ts",
            "relativeFile": "outputs/autouat/UC1/add-user.spec.ts",
            "absoluteFile": "D:\\APCS\\Acceptance/outputs/autouat/UC1/add-user.spec.ts",
            "line": 80,
            "column": 7,
            "whitespace": "    "
          }
        ],
        "codeFrame": {
          "line": 80,
          "column": 8,
          "originalFile": "outputs/autouat/UC1/add-user.spec.ts",
          "relativeFile": "outputs/autouat/UC1/add-user.spec.ts",
          "absoluteFile": "D:\\APCS\\Acceptance/outputs/autouat/UC1/add-user.spec.ts",
          "frame": "  78 |     cy.get('#password').type('Password123');\n  79 |     cy.get('#password2').type('DifferentPassword');\n> 80 |     cy.get('#Patient').check();\n     |        ^\n  81 |     cy.get('input[name=\"enabled\"]').check();\n  82 |     cy.get('#submit').click();\n  83 |     cy.contains('Passwords do not match').should('be.visible');",
          "language": "ts"
        }
      }
    },
    {
      "title": "Fail to create a user without selecting a role",
      "fullTitle": "Add User Fail to create a user without selecting a role",
      "file": null,
      "duration": 9304,
      "currentRetry": 0,
      "err": {
        "message": "Timed out retrying after 8000ms: Expected to find content: 'Role is required' but never did.",
        "type": "existence",
        "name": "AssertionError",
        "stack": "AssertionError: Timed out retrying after 8000ms: Expected to find content: 'Role is required' but never did.\n    at Context.eval (webpack://itrust2-acceptance-tests/./outputs/autouat/UC1/add-user.spec.ts:92:36)",
        "parsedStack": [
          {
            "message": "AssertionError: Timed out retrying after 8000ms: Expected to find content: 'Role is required' but never did.",
            "whitespace": ""
          },
          {
            "function": "Context.eval",
            "fileUrl": "http://127.0.0.1:8080/__cypress/tests?p=outputs\\autouat\\UC1\\add-user.spec.ts",
            "originalFile": "webpack://itrust2-acceptance-tests/./outputs/autouat/UC1/add-user.spec.ts",
            "relativeFile": "outputs/autouat/UC1/add-user.spec.ts",
            "absoluteFile": "D:\\APCS\\Acceptance/outputs/autouat/UC1/add-user.spec.ts",
            "line": 92,
            "column": 36,
            "whitespace": "    "
          }
        ],
        "codeFrame": {
          "line": 92,
          "column": 37,
          "originalFile": "outputs/autouat/UC1/add-user.spec.ts",
          "relativeFile": "outputs/autouat/UC1/add-user.spec.ts",
          "absoluteFile": "D:\\APCS\\Acceptance/outputs/autouat/UC1/add-user.spec.ts",
          "frame": "  90 |     cy.get('input[name=\"enabled\"]').check();\n  91 |     cy.get('#submit').click();\n> 92 |     cy.contains('Role is required').should('be.visible');\n     |                                     ^\n  93 |   });\n  94 |\n  95 |   it('Fail to create a user with an invalid role', () => {",
          "language": "ts"
        }
      }
    },
    {
      "title": "Fail to create a user with an invalid role",
      "fullTitle": "Add User Fail to create a user with an invalid role",
      "file": null,
      "duration": 8836,
      "currentRetry": 0,
      "err": {
        "message": "Timed out retrying after 8000ms: Expected to find element: `#InvalidRole`, but never found it.",
        "type": "existence",
        "name": "AssertionError",
        "stack": "AssertionError: Timed out retrying after 8000ms: Expected to find element: `#InvalidRole`, but never found it.\n    at Context.eval (webpack://itrust2-acceptance-tests/./outputs/autouat/UC1/add-user.spec.ts:99:7)",
        "parsedStack": [
          {
            "message": "AssertionError: Timed out retrying after 8000ms: Expected to find element: `#InvalidRole`, but never found it.",
            "whitespace": ""
          },
          {
            "function": "Context.eval",
            "fileUrl": "http://127.0.0.1:8080/__cypress/tests?p=outputs\\autouat\\UC1\\add-user.spec.ts",
            "originalFile": "webpack://itrust2-acceptance-tests/./outputs/autouat/UC1/add-user.spec.ts",
            "relativeFile": "outputs/autouat/UC1/add-user.spec.ts",
            "absoluteFile": "D:\\APCS\\Acceptance/outputs/autouat/UC1/add-user.spec.ts",
            "line": 99,
            "column": 7,
            "whitespace": "    "
          }
        ],
        "codeFrame": {
          "line": 99,
          "column": 8,
          "originalFile": "outputs/autouat/UC1/add-user.spec.ts",
          "relativeFile": "outputs/autouat/UC1/add-user.spec.ts",
          "absoluteFile": "D:\\APCS\\Acceptance/outputs/autouat/UC1/add-user.spec.ts",
          "frame": "   97 |     cy.get('#password').type('Password123');\n   98 |     cy.get('#password2').type('Password123');\n>  99 |     cy.get('#InvalidRole').check(); // Attempt to check an invalid role\n      |        ^\n  100 |     cy.get('input[name=\"enabled\"]').check();\n  101 |     cy.get('#submit').click();\n  102 |     cy.contains('Invalid role selected').should('be.visible');",
          "language": "ts"
        }
      }
    }
  ],
  "pending": [],
  "failures": [
    {
      "title": "Successfully create a new user with valid data",
      "fullTitle": "Add User Successfully create a new user with valid data",
      "file": null,
      "currentRetry": 0,
      "err": {
        "message": "Timed out retrying after 8000ms: Expected to find element: `#Patient`, but never found it.",
        "type": "existence",
        "name": "AssertionError",
        "stack": "AssertionError: Timed out retrying after 8000ms: Expected to find element: `#Patient`, but never found it.\n    at Context.eval (webpack://itrust2-acceptance-tests/./outputs/autouat/UC1/add-user.spec.ts:17:7)",
        "parsedStack": [
          {
            "message": "AssertionError: Timed out retrying after 8000ms: Expected to find element: `#Patient`, but never found it.",
            "whitespace": ""
          },
          {
            "function": "Context.eval",
            "fileUrl": "http://127.0.0.1:8080/__cypress/tests?p=outputs\\autouat\\UC1\\add-user.spec.ts",
            "originalFile": "webpack://itrust2-acceptance-tests/./outputs/autouat/UC1/add-user.spec.ts",
            "relativeFile": "outputs/autouat/UC1/add-user.spec.ts",
            "absoluteFile": "D:\\APCS\\Acceptance/outputs/autouat/UC1/add-user.spec.ts",
            "line": 17,
            "column": 7,
            "whitespace": "    "
          }
        ],
        "codeFrame": {
          "line": 17,
          "column": 8,
          "originalFile": "outputs/autouat/UC1/add-user.spec.ts",
          "relativeFile": "outputs/autouat/UC1/add-user.spec.ts",
          "absoluteFile": "D:\\APCS\\Acceptance/outputs/autouat/UC1/add-user.spec.ts",
          "frame": "  15 |     cy.get('#password2').type('Password123');\n  16 |     // Select the role \"Patient\"\n> 17 |     cy.get('#Patient').check();\n     |        ^\n  18 |     // Set the enabled status to true\n  19 |     cy.get('input[name=\"enabled\"]').check();\n  20 |     // Submit the form",
          "language": "ts"
        }
      }
    },
    {
      "title": "Fail to create a user with a user name that is too short",
      "fullTitle": "Add User Fail to create a user with a user name that is too short",
      "file": null,
      "currentRetry": 0,
      "err": {
        "message": "Timed out retrying after 8000ms: Expected to find element: `#Patient`, but never found it.",
        "type": "existence",
        "name": "AssertionError",
        "stack": "AssertionError: Timed out retrying after 8000ms: Expected to find element: `#Patient`, but never found it.\n    at Context.eval (webpack://itrust2-acceptance-tests/./outputs/autouat/UC1/add-user.spec.ts:30:7)",
        "parsedStack": [
          {
            "message": "AssertionError: Timed out retrying after 8000ms: Expected to find element: `#Patient`, but never found it.",
            "whitespace": ""
          },
          {
            "function": "Context.eval",
            "fileUrl": "http://127.0.0.1:8080/__cypress/tests?p=outputs\\autouat\\UC1\\add-user.spec.ts",
            "originalFile": "webpack://itrust2-acceptance-tests/./outputs/autouat/UC1/add-user.spec.ts",
            "relativeFile": "outputs/autouat/UC1/add-user.spec.ts",
            "absoluteFile": "D:\\APCS\\Acceptance/outputs/autouat/UC1/add-user.spec.ts",
            "line": 30,
            "column": 7,
            "whitespace": "    "
          }
        ],
        "codeFrame": {
          "line": 30,
          "column": 8,
          "originalFile": "outputs/autouat/UC1/add-user.spec.ts",
          "relativeFile": "outputs/autouat/UC1/add-user.spec.ts",
          "absoluteFile": "D:\\APCS\\Acceptance/outputs/autouat/UC1/add-user.spec.ts",
          "frame": "  28 |     cy.get('#password').type('Password123');\n  29 |     cy.get('#password2').type('Password123');\n> 30 |     cy.get('#Patient').check();\n     |        ^\n  31 |     cy.get('input[name=\"enabled\"]').check();\n  32 |     cy.get('#submit').click();\n  33 |     cy.contains('User name must be between 6 and 20 characters').should('be.visible');",
          "language": "ts"
        }
      }
    },
    {
      "title": "Fail to create a user with a user name that is too long",
      "fullTitle": "Add User Fail to create a user with a user name that is too long",
      "file": null,
      "currentRetry": 0,
      "err": {
        "message": "Timed out retrying after 8000ms: Expected to find element: `#Patient`, but never found it.",
        "type": "existence",
        "name": "AssertionError",
        "stack": "AssertionError: Timed out retrying after 8000ms: Expected to find element: `#Patient`, but never found it.\n    at Context.eval (webpack://itrust2-acceptance-tests/./outputs/autouat/UC1/add-user.spec.ts:40:7)",
        "parsedStack": [
          {
            "message": "AssertionError: Timed out retrying after 8000ms: Expected to find element: `#Patient`, but never found it.",
            "whitespace": ""
          },
          {
            "function": "Context.eval",
            "fileUrl": "http://127.0.0.1:8080/__cypress/tests?p=outputs\\autouat\\UC1\\add-user.spec.ts",
            "originalFile": "webpack://itrust2-acceptance-tests/./outputs/autouat/UC1/add-user.spec.ts",
            "relativeFile": "outputs/autouat/UC1/add-user.spec.ts",
            "absoluteFile": "D:\\APCS\\Acceptance/outputs/autouat/UC1/add-user.spec.ts",
            "line": 40,
            "column": 7,
            "whitespace": "    "
          }
        ],
        "codeFrame": {
          "line": 40,
          "column": 8,
          "originalFile": "outputs/autouat/UC1/add-user.spec.ts",
          "relativeFile": "outputs/autouat/UC1/add-user.spec.ts",
          "absoluteFile": "D:\\APCS\\Acceptance/outputs/autouat/UC1/add-user.spec.ts",
          "frame": "  38 |     cy.get('#password').type('Password123');\n  39 |     cy.get('#password2').type('Password123');\n> 40 |     cy.get('#Patient').check();\n     |        ^\n  41 |     cy.get('input[name=\"enabled\"]').check();\n  42 |     cy.get('#submit').click();\n  43 |     cy.contains('User name must be between 6 and 20 characters').should('be.visible');",
          "language": "ts"
        }
      }
    },
    {
      "title": "Fail to create a user with invalid characters in user name",
      "fullTitle": "Add User Fail to create a user with invalid characters in user name",
      "file": null,
      "currentRetry": 0,
      "err": {
        "message": "Timed out retrying after 8000ms: Expected to find element: `#Patient`, but never found it.",
        "type": "existence",
        "name": "AssertionError",
        "stack": "AssertionError: Timed out retrying after 8000ms: Expected to find element: `#Patient`, but never found it.\n    at Context.eval (webpack://itrust2-acceptance-tests/./outputs/autouat/UC1/add-user.spec.ts:50:7)",
        "parsedStack": [
          {
            "message": "AssertionError: Timed out retrying after 8000ms: Expected to find element: `#Patient`, but never found it.",
            "whitespace": ""
          },
          {
            "function": "Context.eval",
            "fileUrl": "http://127.0.0.1:8080/__cypress/tests?p=outputs\\autouat\\UC1\\add-user.spec.ts",
            "originalFile": "webpack://itrust2-acceptance-tests/./outputs/autouat/UC1/add-user.spec.ts",
            "relativeFile": "outputs/autouat/UC1/add-user.spec.ts",
            "absoluteFile": "D:\\APCS\\Acceptance/outputs/autouat/UC1/add-user.spec.ts",
            "line": 50,
            "column": 7,
            "whitespace": "    "
          }
        ],
        "codeFrame": {
          "line": 50,
          "column": 8,
          "originalFile": "outputs/autouat/UC1/add-user.spec.ts",
          "relativeFile": "outputs/autouat/UC1/add-user.spec.ts",
          "absoluteFile": "D:\\APCS\\Acceptance/outputs/autouat/UC1/add-user.spec.ts",
          "frame": "  48 |     cy.get('#password').type('Password123');\n  49 |     cy.get('#password2').type('Password123');\n> 50 |     cy.get('#Patient').check();\n     |        ^\n  51 |     cy.get('input[name=\"enabled\"]').check();\n  52 |     cy.get('#submit').click();\n  53 |     cy.contains('User name can only contain alpha characters, - or _').should('be.visible');",
          "language": "ts"
        }
      }
    },
    {
      "title": "Fail to create a user with a password that is too short",
      "fullTitle": "Add User Fail to create a user with a password that is too short",
      "file": null,
      "currentRetry": 0,
      "err": {
        "message": "Timed out retrying after 8000ms: Expected to find element: `#Patient`, but never found it.",
        "type": "existence",
        "name": "AssertionError",
        "stack": "AssertionError: Timed out retrying after 8000ms: Expected to find element: `#Patient`, but never found it.\n    at Context.eval (webpack://itrust2-acceptance-tests/./outputs/autouat/UC1/add-user.spec.ts:60:7)",
        "parsedStack": [
          {
            "message": "AssertionError: Timed out retrying after 8000ms: Expected to find element: `#Patient`, but never found it.",
            "whitespace": ""
          },
          {
            "function": "Context.eval",
            "fileUrl": "http://127.0.0.1:8080/__cypress/tests?p=outputs\\autouat\\UC1\\add-user.spec.ts",
            "originalFile": "webpack://itrust2-acceptance-tests/./outputs/autouat/UC1/add-user.spec.ts",
            "relativeFile": "outputs/autouat/UC1/add-user.spec.ts",
            "absoluteFile": "D:\\APCS\\Acceptance/outputs/autouat/UC1/add-user.spec.ts",
            "line": 60,
            "column": 7,
            "whitespace": "    "
          }
        ],
        "codeFrame": {
          "line": 60,
          "column": 8,
          "originalFile": "outputs/autouat/UC1/add-user.spec.ts",
          "relativeFile": "outputs/autouat/UC1/add-user.spec.ts",
          "absoluteFile": "D:\\APCS\\Acceptance/outputs/autouat/UC1/add-user.spec.ts",
          "frame": "  58 |     cy.get('#password').type('123');\n  59 |     cy.get('#password2').type('123');\n> 60 |     cy.get('#Patient').check();\n     |        ^\n  61 |     cy.get('input[name=\"enabled\"]').check();\n  62 |     cy.get('#submit').click();\n  63 |     cy.contains('Password must be between 6 and 20 characters').should('be.visible');",
          "language": "ts"
        }
      }
    },
    {
      "title": "Fail to create a user with a password that is too long",
      "fullTitle": "Add User Fail to create a user with a password that is too long",
      "file": null,
      "currentRetry": 0,
      "err": {
        "message": "Timed out retrying after 8000ms: Expected to find element: `#Patient`, but never found it.",
        "type": "existence",
        "name": "AssertionError",
        "stack": "AssertionError: Timed out retrying after 8000ms: Expected to find element: `#Patient`, but never found it.\n    at Context.eval (webpack://itrust2-acceptance-tests/./outputs/autouat/UC1/add-user.spec.ts:70:7)",
        "parsedStack": [
          {
            "message": "AssertionError: Timed out retrying after 8000ms: Expected to find element: `#Patient`, but never found it.",
            "whitespace": ""
          },
          {
            "function": "Context.eval",
            "fileUrl": "http://127.0.0.1:8080/__cypress/tests?p=outputs\\autouat\\UC1\\add-user.spec.ts",
            "originalFile": "webpack://itrust2-acceptance-tests/./outputs/autouat/UC1/add-user.spec.ts",
            "relativeFile": "outputs/autouat/UC1/add-user.spec.ts",
            "absoluteFile": "D:\\APCS\\Acceptance/outputs/autouat/UC1/add-user.spec.ts",
            "line": 70,
            "column": 7,
            "whitespace": "    "
          }
        ],
        "codeFrame": {
          "line": 70,
          "column": 8,
          "originalFile": "outputs/autouat/UC1/add-user.spec.ts",
          "relativeFile": "outputs/autouat/UC1/add-user.spec.ts",
          "absoluteFile": "D:\\APCS\\Acceptance/outputs/autouat/UC1/add-user.spec.ts",
          "frame": "  68 |     cy.get('#password').type('thisPasswordIsWayTooLong123');\n  69 |     cy.get('#password2').type('thisPasswordIsWayTooLong123');\n> 70 |     cy.get('#Patient').check();\n     |        ^\n  71 |     cy.get('input[name=\"enabled\"]').check();\n  72 |     cy.get('#submit').click();\n  73 |     cy.contains('Password must be between 6 and 20 characters').should('be.visible');",
          "language": "ts"
        }
      }
    },
    {
      "title": "Fail to create a user with mismatched passwords",
      "fullTitle": "Add User Fail to create a user with mismatched passwords",
      "file": null,
      "currentRetry": 0,
      "err": {
        "message": "Timed out retrying after 8000ms: Expected to find element: `#Patient`, but never found it.",
        "type": "existence",
        "name": "AssertionError",
        "stack": "AssertionError: Timed out retrying after 8000ms: Expected to find element: `#Patient`, but never found it.\n    at Context.eval (webpack://itrust2-acceptance-tests/./outputs/autouat/UC1/add-user.spec.ts:80:7)",
        "parsedStack": [
          {
            "message": "AssertionError: Timed out retrying after 8000ms: Expected to find element: `#Patient`, but never found it.",
            "whitespace": ""
          },
          {
            "function": "Context.eval",
            "fileUrl": "http://127.0.0.1:8080/__cypress/tests?p=outputs\\autouat\\UC1\\add-user.spec.ts",
            "originalFile": "webpack://itrust2-acceptance-tests/./outputs/autouat/UC1/add-user.spec.ts",
            "relativeFile": "outputs/autouat/UC1/add-user.spec.ts",
            "absoluteFile": "D:\\APCS\\Acceptance/outputs/autouat/UC1/add-user.spec.ts",
            "line": 80,
            "column": 7,
            "whitespace": "    "
          }
        ],
        "codeFrame": {
          "line": 80,
          "column": 8,
          "originalFile": "outputs/autouat/UC1/add-user.spec.ts",
          "relativeFile": "outputs/autouat/UC1/add-user.spec.ts",
          "absoluteFile": "D:\\APCS\\Acceptance/outputs/autouat/UC1/add-user.spec.ts",
          "frame": "  78 |     cy.get('#password').type('Password123');\n  79 |     cy.get('#password2').type('DifferentPassword');\n> 80 |     cy.get('#Patient').check();\n     |        ^\n  81 |     cy.get('input[name=\"enabled\"]').check();\n  82 |     cy.get('#submit').click();\n  83 |     cy.contains('Passwords do not match').should('be.visible');",
          "language": "ts"
        }
      }
    },
    {
      "title": "Fail to create a user without selecting a role",
      "fullTitle": "Add User Fail to create a user without selecting a role",
      "file": null,
      "currentRetry": 0,
      "err": {
        "message": "Timed out retrying after 8000ms: Expected to find content: 'Role is required' but never did.",
        "type": "existence",
        "name": "AssertionError",
        "stack": "AssertionError: Timed out retrying after 8000ms: Expected to find content: 'Role is required' but never did.\n    at Context.eval (webpack://itrust2-acceptance-tests/./outputs/autouat/UC1/add-user.spec.ts:92:36)",
        "parsedStack": [
          {
            "message": "AssertionError: Timed out retrying after 8000ms: Expected to find content: 'Role is required' but never did.",
            "whitespace": ""
          },
          {
            "function": "Context.eval",
            "fileUrl": "http://127.0.0.1:8080/__cypress/tests?p=outputs\\autouat\\UC1\\add-user.spec.ts",
            "originalFile": "webpack://itrust2-acceptance-tests/./outputs/autouat/UC1/add-user.spec.ts",
            "relativeFile": "outputs/autouat/UC1/add-user.spec.ts",
            "absoluteFile": "D:\\APCS\\Acceptance/outputs/autouat/UC1/add-user.spec.ts",
            "line": 92,
            "column": 36,
            "whitespace": "    "
          }
        ],
        "codeFrame": {
          "line": 92,
          "column": 37,
          "originalFile": "outputs/autouat/UC1/add-user.spec.ts",
          "relativeFile": "outputs/autouat/UC1/add-user.spec.ts",
          "absoluteFile": "D:\\APCS\\Acceptance/outputs/autouat/UC1/add-user.spec.ts",
          "frame": "  90 |     cy.get('input[name=\"enabled\"]').check();\n  91 |     cy.get('#submit').click();\n> 92 |     cy.contains('Role is required').should('be.visible');\n     |                                     ^\n  93 |   });\n  94 |\n  95 |   it('Fail to create a user with an invalid role', () => {",
          "language": "ts"
        }
      }
    },
    {
      "title": "Fail to create a user with an invalid role",
      "fullTitle": "Add User Fail to create a user with an invalid role",
      "file": null,
      "currentRetry": 0,
      "err": {
        "message": "Timed out retrying after 8000ms: Expected to find element: `#InvalidRole`, but never found it.",
        "type": "existence",
        "name": "AssertionError",
        "stack": "AssertionError: Timed out retrying after 8000ms: Expected to find element: `#InvalidRole`, but never found it.\n    at Context.eval (webpack://itrust2-acceptance-tests/./outputs/autouat/UC1/add-user.spec.ts:99:7)",
        "parsedStack": [
          {
            "message": "AssertionError: Timed out retrying after 8000ms: Expected to find element: `#InvalidRole`, but never found it.",
            "whitespace": ""
          },
          {
            "function": "Context.eval",
            "fileUrl": "http://127.0.0.1:8080/__cypress/tests?p=outputs\\autouat\\UC1\\add-user.spec.ts",
            "originalFile": "webpack://itrust2-acceptance-tests/./outputs/autouat/UC1/add-user.spec.ts",
            "relativeFile": "outputs/autouat/UC1/add-user.spec.ts",
            "absoluteFile": "D:\\APCS\\Acceptance/outputs/autouat/UC1/add-user.spec.ts",
            "line": 99,
            "column": 7,
            "whitespace": "    "
          }
        ],
        "codeFrame": {
          "line": 99,
          "column": 8,
          "originalFile": "outputs/autouat/UC1/add-user.spec.ts",
          "relativeFile": "outputs/autouat/UC1/add-user.spec.ts",
          "absoluteFile": "D:\\APCS\\Acceptance/outputs/autouat/UC1/add-user.spec.ts",
          "frame": "   97 |     cy.get('#password').type('Password123');\n   98 |     cy.get('#password2').type('Password123');\n>  99 |     cy.get('#InvalidRole').check(); // Attempt to check an invalid role\n      |        ^\n  100 |     cy.get('input[name=\"enabled\"]').check();\n  101 |     cy.get('#submit').click();\n  102 |     cy.contains('Invalid role selected').should('be.visible');",
          "language": "ts"
        }
      }
    }
  ],
  "passes": []
}
  (Results)

  ΓöîΓöÇΓöÇΓöÇΓöÇΓöÇΓöÇΓöÇΓöÇΓöÇΓöÇΓöÇΓöÇΓöÇΓöÇΓöÇΓöÇΓöÇΓöÇΓöÇΓöÇΓöÇΓöÇΓöÇΓöÇΓöÇΓöÇΓöÇΓöÇΓöÇΓöÇΓöÇΓöÇΓöÇΓöÇΓöÇΓöÇΓöÇΓöÇΓöÇΓöÇΓöÇΓöÇΓöÇΓöÇΓöÇΓöÇΓöÇΓöÇΓöÇΓöÇΓöÇΓöÇΓöÇΓöÇΓöÇΓöÇΓöÇΓöÇΓöÇΓöÇΓöÇΓöÇΓöÇΓöÇΓöÇΓöÇΓöÇΓöÇΓöÇΓöÇΓöÇΓöÇΓöÇΓöÇΓöÇΓöÇΓöÇΓöÇΓöÇΓöÇΓöÇΓöÇΓöÇΓöÇΓöÇΓöÇΓöÇΓöÇΓöÇΓöÇΓöÇΓöÇΓöÇΓöÇΓöÇΓöÇΓöÉ
  Γöé Tests:        9                                                                                Γöé
  Γöé Passing:      0                                                                                Γöé
  Γöé Failing:      9                                                                                Γöé
  Γöé Pending:      0                                                                                Γöé
  Γöé Skipped:      0                                                                                Γöé
  Γöé Screenshots:  0                                                                                Γöé
  Γöé Video:        false                                                                            Γöé
  Γöé Duration:     1 minute, 24 seconds                                                             Γöé
  Γöé Spec Ran:     UC1/add-user.spec.ts                                                             Γöé
  ΓööΓöÇΓöÇΓöÇΓöÇΓöÇΓöÇΓöÇΓöÇΓöÇΓöÇΓöÇΓöÇΓöÇΓöÇΓöÇΓöÇΓöÇΓöÇΓöÇΓöÇΓöÇΓöÇΓöÇΓöÇΓöÇΓöÇΓöÇΓöÇΓöÇΓöÇΓöÇΓöÇΓöÇΓöÇΓöÇΓöÇΓöÇΓöÇΓöÇΓöÇΓöÇΓöÇΓöÇΓöÇΓöÇΓöÇΓöÇΓöÇΓöÇΓöÇΓöÇΓöÇΓöÇΓöÇΓöÇΓöÇΓöÇΓöÇΓöÇΓöÇΓöÇΓöÇΓöÇΓöÇΓöÇΓöÇΓöÇΓöÇΓöÇΓöÇΓöÇΓöÇΓöÇΓöÇΓöÇΓöÇΓöÇΓöÇΓöÇΓöÇΓöÇΓöÇΓöÇΓöÇΓöÇΓöÇΓöÇΓöÇΓöÇΓöÇΓöÇΓöÇΓöÇΓöÇΓöÇΓöÇΓöÿ


ΓöÇΓöÇΓöÇΓöÇΓöÇΓöÇΓöÇΓöÇΓöÇΓöÇΓöÇΓöÇΓöÇΓöÇΓöÇΓöÇΓöÇΓöÇΓöÇΓöÇΓöÇΓöÇΓöÇΓöÇΓöÇΓöÇΓöÇΓöÇΓöÇΓöÇΓöÇΓöÇΓöÇΓöÇΓöÇΓöÇΓöÇΓöÇΓöÇΓöÇΓöÇΓöÇΓöÇΓöÇΓöÇΓöÇΓöÇΓöÇΓöÇΓöÇΓöÇΓöÇΓöÇΓöÇΓöÇΓöÇΓöÇΓöÇΓöÇΓöÇΓöÇΓöÇΓöÇΓöÇΓöÇΓöÇΓöÇΓöÇΓöÇΓöÇΓöÇΓöÇΓöÇΓöÇΓöÇΓöÇΓöÇΓöÇΓöÇΓöÇΓöÇΓöÇΓöÇΓöÇΓöÇΓöÇΓöÇΓöÇΓöÇΓöÇΓöÇΓöÇΓöÇΓöÇΓöÇΓöÇΓöÇΓöÇΓöÇΓöÇ
                                                                                                    
  Running:  UC1/delete-user.spec.ts                                                        (2 of 33)
{
  "stats": {
    "suites": 1,
    "tests": 5,
    "passes": 0,
    "pending": 0,
    "failures": 5,
    "start": "2026-09-10T10:29:20.151Z",
    "end": "2026-09-10T10:30:02.446Z",
    "duration": 42295
  },
  "tests": [
    {
      "title": "Successfully delete a user",
      "fullTitle": "Delete User Successfully delete a user",
      "file": null,
      "duration": 9118,
      "currentRetry": 0,
      "err": {
        "message": "Timed out retrying after 8000ms: Expected to find element: `button[name=\"deleteUser\"]`, but never found it.",
        "type": "existence",
        "name": "AssertionError",
        "stack": "AssertionError: Timed out retrying after 8000ms: Expected to find element: `button[name=\"deleteUser\"]`, but never found it.\n    at Context.eval (webpack://itrust2-acceptance-tests/./outputs/autouat/UC1/delete-user.spec.ts:13:9)\n    at withinFn (http://127.0.0.1:8080/__cypress/runner/cypress_runner.js:134397:8)\n    at <unknown> (http://127.0.0.1:8080/__cypress/runner/cypress_runner.js:134478:16)\n    at __WEBPACK_DEFAULT_EXPORT__ (http://127.0.0.1:8080/__cypress/runner/cypress_runner.js:132314:10)\n    at Context.within (http://127.0.0.1:8080/__cypress/runner/cypress_runner.js:134464:67)\n    at wrapped (http://127.0.0.1:8080/__cypress/runner/cypress_runner.js:146597:19)",
        "parsedStack": [
          {
            "message": "AssertionError: Timed out retrying after 8000ms: Expected to find element: `button[name=\"deleteUser\"]`, but never found it.",
            "whitespace": ""
          },
          {
            "function": "Context.eval",
            "fileUrl": "http://127.0.0.1:8080/__cypress/tests?p=outputs\\autouat\\UC1\\delete-user.spec.ts",
            "originalFile": "webpack://itrust2-acceptance-tests/./outputs/autouat/UC1/delete-user.spec.ts",
            "relativeFile": "outputs/autouat/UC1/delete-user.spec.ts",
            "absoluteFile": "D:\\APCS\\Acceptance/outputs/autouat/UC1/delete-user.spec.ts",
            "line": 13,
            "column": 9,
            "whitespace": "    "
          },
          {
            "function": "withinFn",
            "fileUrl": "http://127.0.0.1:8080/__cypress/runner/cypress_runner.js",
            "originalFile": "http://127.0.0.1:8080/__cypress/runner/cypress_runner.js",
            "line": 134397,
            "column": 8,
            "whitespace": "    "
          },
          {
            "function": "<unknown>",
            "fileUrl": "http://127.0.0.1:8080/__cypress/runner/cypress_runner.js",
            "originalFile": "http://127.0.0.1:8080/__cypress/runner/cypress_runner.js",
            "line": 134478,
            "column": 16,
            "whitespace": "    "
          },
          {
            "function": "__WEBPACK_DEFAULT_EXPORT__",
            "fileUrl": "http://127.0.0.1:8080/__cypress/runner/cypress_runner.js",
            "originalFile": "http://127.0.0.1:8080/__cypress/runner/cypress_runner.js",
            "line": 132314,
            "column": 10,
            "whitespace": "    "
          },
          {
            "function": "Context.within",
            "fileUrl": "http://127.0.0.1:8080/__cypress/runner/cypress_runner.js",
            "originalFile": "http://127.0.0.1:8080/__cypress/runner/cypress_runner.js",
            "line": 134464,
            "column": 67,
            "whitespace": "    "
          },
          {
            "function": "wrapped",
            "fileUrl": "http://127.0.0.1:8080/__cypress/runner/cypress_runner.js",
            "originalFile": "http://127.0.0.1:8080/__cypress/runner/cypress_runner.js",
            "line": 146597,
            "column": 19,
            "whitespace": "    "
          }
        ],
        "codeFrame": {
          "line": 13,
          "column": 10,
          "originalFile": "outputs/autouat/UC1/delete-user.spec.ts",
          "relativeFile": "outputs/autouat/UC1/delete-user.spec.ts",
          "absoluteFile": "D:\\APCS\\Acceptance/outputs/autouat/UC1/delete-user.spec.ts",
          "frame": "  11 |     // Select a user from the list (assuming the first user in the list)\n  12 |     cy.get('tr[name=\"userTableRow\"]').first().within(() => {\n> 13 |       cy.get('button[name=\"deleteUser\"]').click(); // Click the delete button\n     |          ^\n  14 |     });\n  15 |     \n  16 |     // Confirm the deletion",
          "language": "ts"
        }
      }
    },
    {
      "title": "Attempt to delete a user without confirmation",
      "fullTitle": "Delete User Attempt to delete a user without confirmation",
      "file": null,
      "duration": 8381,
      "currentRetry": 0,
      "err": {
        "message": "Timed out retrying after 8000ms: Expected to find element: `button[name=\"deleteUser\"]`, but never found it.",
        "type": "existence",
        "name": "AssertionError",
        "stack": "AssertionError: Timed out retrying after 8000ms: Expected to find element: `button[name=\"deleteUser\"]`, but never found it.\n    at Context.eval (webpack://itrust2-acceptance-tests/./outputs/autouat/UC1/delete-user.spec.ts:26:9)\n    at withinFn (http://127.0.0.1:8080/__cypress/runner/cypress_runner.js:134397:8)\n    at <unknown> (http://127.0.0.1:8080/__cypress/runner/cypress_runner.js:134478:16)\n    at __WEBPACK_DEFAULT_EXPORT__ (http://127.0.0.1:8080/__cypress/runner/cypress_runner.js:132314:10)\n    at Context.within (http://127.0.0.1:8080/__cypress/runner/cypress_runner.js:134464:67)\n    at wrapped (http://127.0.0.1:8080/__cypress/runner/cypress_runner.js:146597:19)",
        "parsedStack": [
          {
            "message": "AssertionError: Timed out retrying after 8000ms: Expected to find element: `button[name=\"deleteUser\"]`, but never found it.",
            "whitespace": ""
          },
          {
            "function": "Context.eval",
            "fileUrl": "http://127.0.0.1:8080/__cypress/tests?p=outputs\\autouat\\UC1\\delete-user.spec.ts",
            "originalFile": "webpack://itrust2-acceptance-tests/./outputs/autouat/UC1/delete-user.spec.ts",
            "relativeFile": "outputs/autouat/UC1/delete-user.spec.ts",
            "absoluteFile": "D:\\APCS\\Acceptance/outputs/autouat/UC1/delete-user.spec.ts",
            "line": 26,
            "column": 9,
            "whitespace": "    "
          },
          {
            "function": "withinFn",
            "fileUrl": "http://127.0.0.1:8080/__cypress/runner/cypress_runner.js",
            "originalFile": "http://127.0.0.1:8080/__cypress/runner/cypress_runner.js",
            "line": 134397,
            "column": 8,
            "whitespace": "    "
          },
          {
            "function": "<unknown>",
            "fileUrl": "http://127.0.0.1:8080/__cypress/runner/cypress_runner.js",
            "originalFile": "http://127.0.0.1:8080/__cypress/runner/cypress_runner.js",
            "line": 134478,
            "column": 16,
            "whitespace": "    "
          },
          {
            "function": "__WEBPACK_DEFAULT_EXPORT__",
            "fileUrl": "http://127.0.0.1:8080/__cypress/runner/cypress_runner.js",
            "originalFile": "http://127.0.0.1:8080/__cypress/runner/cypress_runner.js",
            "line": 132314,
            "column": 10,
            "whitespace": "    "
          },
          {
            "function": "Context.within",
            "fileUrl": "http://127.0.0.1:8080/__cypress/runner/cypress_runner.js",
            "originalFile": "http://127.0.0.1:8080/__cypress/runner/cypress_runner.js",
            "line": 134464,
            "column": 67,
            "whitespace": "    "
          },
          {
            "function": "wrapped",
            "fileUrl": "http://127.0.0.1:8080/__cypress/runner/cypress_runner.js",
            "originalFile": "http://127.0.0.1:8080/__cypress/runner/cypress_runner.js",
            "line": 146597,
            "column": 19,
            "whitespace": "    "
          }
        ],
        "codeFrame": {
          "line": 26,
          "column": 10,
          "originalFile": "outputs/autouat/UC1/delete-user.spec.ts",
          "relativeFile": "outputs/autouat/UC1/delete-user.spec.ts",
          "absoluteFile": "D:\\APCS\\Acceptance/outputs/autouat/UC1/delete-user.spec.ts",
          "frame": "  24 |     // Select a user from the list\n  25 |     cy.get('tr[name=\"userTableRow\"]').first().within(() => {\n> 26 |       cy.get('button[name=\"deleteUser\"]').click(); // Click the delete button\n     |          ^\n  27 |     });\n  28 |     \n  29 |     // Do not confirm the deletion",
          "language": "ts"
        }
      }
    },
    {
      "title": "Attempt to delete a non-existent user",
      "fullTitle": "Delete User Attempt to delete a non-existent user",
      "file": null,
      "duration": 8081,
      "currentRetry": 0,
      "err": {
        "message": "Timed out retrying after 8000ms: Expected to find element: `button[name=\"deleteUserNonExistent\"]`, but never found it.",
        "type": "existence",
        "name": "AssertionError",
        "stack": "AssertionError: Timed out retrying after 8000ms: Expected to find element: `button[name=\"deleteUserNonExistent\"]`, but never found it.\n    at Context.eval (webpack://itrust2-acceptance-tests/./outputs/autouat/UC1/delete-user.spec.ts:38:7)",
        "parsedStack": [
          {
            "message": "AssertionError: Timed out retrying after 8000ms: Expected to find element: `button[name=\"deleteUserNonExistent\"]`, but never found it.",
            "whitespace": ""
          },
          {
            "function": "Context.eval",
            "fileUrl": "http://127.0.0.1:8080/__cypress/tests?p=outputs\\autouat\\UC1\\delete-user.spec.ts",
            "originalFile": "webpack://itrust2-acceptance-tests/./outputs/autouat/UC1/delete-user.spec.ts",
            "relativeFile": "outputs/autouat/UC1/delete-user.spec.ts",
            "absoluteFile": "D:\\APCS\\Acceptance/outputs/autouat/UC1/delete-user.spec.ts",
            "line": 38,
            "column": 7,
            "whitespace": "    "
          }
        ],
        "codeFrame": {
          "line": 38,
          "column": 8,
          "originalFile": "outputs/autouat/UC1/delete-user.spec.ts",
          "relativeFile": "outputs/autouat/UC1/delete-user.spec.ts",
          "absoluteFile": "D:\\APCS\\Acceptance/outputs/autouat/UC1/delete-user.spec.ts",
          "frame": "  36 |   it('Attempt to delete a non-existent user', () => {\n  37 |     // Attempt to delete a user that does not exist\n> 38 |     cy.get('button[name=\"deleteUserNonExistent\"]').click(); // Assuming there's a button for a non-existent user\n     |        ^\n  39 |\n  40 |     // Assert that an error message is shown\n  41 |     cy.get('#error').should('contain', 'User not found'); // Check for the error message",
          "language": "ts"
        }
      }
    },
    {
      "title": "Delete multiple users",
      "fullTitle": "Delete User Delete multiple users",
      "file": null,
      "duration": 8421,
      "currentRetry": 0,
      "err": {
        "message": "Timed out retrying after 8000ms: Expected to find element: `input[type=\"checkbox\"]`, but never found it. Queried from:\n\n              > cy.get(tr[name=\"userTableRow\"]).first()",
        "type": "existence",
        "name": "AssertionError",
        "stack": "AssertionError: Timed out retrying after 8000ms: Expected to find element: `input[type=\"checkbox\"]`, but never found it. Queried from:\n\n              > cy.get(tr[name=\"userTableRow\"]).first()\n    at Context.eval (webpack://itrust2-acceptance-tests/./outputs/autouat/UC1/delete-user.spec.ts:47:46)",
        "parsedStack": [
          {
            "message": "AssertionError: Timed out retrying after 8000ms: Expected to find element: `input[type=\"checkbox\"]`, but never found it. Queried from:",
            "whitespace": ""
          },
          {
            "message": "",
            "whitespace": ""
          },
          {
            "message": "> cy.get(tr[name=\"userTableRow\"]).first()",
            "whitespace": "              "
          },
          {
            "function": "Context.eval",
            "fileUrl": "http://127.0.0.1:8080/__cypress/tests?p=outputs\\autouat\\UC1\\delete-user.spec.ts",
            "originalFile": "webpack://itrust2-acceptance-tests/./outputs/autouat/UC1/delete-user.spec.ts",
            "relativeFile": "outputs/autouat/UC1/delete-user.spec.ts",
            "absoluteFile": "D:\\APCS\\Acceptance/outputs/autouat/UC1/delete-user.spec.ts",
            "line": 47,
            "column": 46,
            "whitespace": "    "
          }
        ],
        "codeFrame": {
          "line": 47,
          "column": 47,
          "originalFile": "outputs/autouat/UC1/delete-user.spec.ts",
          "relativeFile": "outputs/autouat/UC1/delete-user.spec.ts",
          "absoluteFile": "D:\\APCS\\Acceptance/outputs/autouat/UC1/delete-user.spec.ts",
          "frame": "  45 |   it('Delete multiple users', () => {\n  46 |     // Select multiple users from the list (assuming the first two users)\n> 47 |     cy.get('tr[name=\"userTableRow\"]').first().find('input[type=\"checkbox\"]').check();\n     |                                               ^\n  48 |     cy.get('tr[name=\"userTableRow\"]').eq(1).find('input[type=\"checkbox\"]').check();\n  49 |\n  50 |     // Confirm the deletion",
          "language": "ts"
        }
      }
    },
    {
      "title": "Verify that deleted user cannot log in",
      "fullTitle": "Delete User Verify that deleted user cannot log in",
      "file": null,
      "duration": 8086,
      "currentRetry": 0,
      "err": {
        "message": "Timed out retrying after 8000ms: Expected to find content: 'testUser' within the element: <tr.ng-scope> but never did.",
        "type": "existence",
        "name": "AssertionError",
        "stack": "AssertionError: Timed out retrying after 8000ms: Expected to find content: 'testUser' within the element: <tr.ng-scope> but never did.\n    at Context.eval (webpack://itrust2-acceptance-tests/./outputs/autouat/UC1/delete-user.spec.ts:60:38)",
        "parsedStack": [
          {
            "message": "AssertionError: Timed out retrying after 8000ms: Expected to find content: 'testUser' within the element: <tr.ng-scope> but never did.",
            "whitespace": ""
          },
          {
            "function": "Context.eval",
            "fileUrl": "http://127.0.0.1:8080/__cypress/tests?p=outputs\\autouat\\UC1\\delete-user.spec.ts",
            "originalFile": "webpack://itrust2-acceptance-tests/./outputs/autouat/UC1/delete-user.spec.ts",
            "relativeFile": "outputs/autouat/UC1/delete-user.spec.ts",
            "absoluteFile": "D:\\APCS\\Acceptance/outputs/autouat/UC1/delete-user.spec.ts",
            "line": 60,
            "column": 38,
            "whitespace": "    "
          }
        ],
        "codeFrame": {
          "line": 60,
          "column": 39,
          "originalFile": "outputs/autouat/UC1/delete-user.spec.ts",
          "relativeFile": "outputs/autouat/UC1/delete-user.spec.ts",
          "absoluteFile": "D:\\APCS\\Acceptance/outputs/autouat/UC1/delete-user.spec.ts",
          "frame": "  58 |     // Select a user from the list\n  59 |     const deletedUser = 'testUser'; // Replace with actual username\n> 60 |     cy.get('tr[name=\"userTableRow\"]').contains(deletedUser).within(() => {\n     |                                       ^\n  61 |       cy.get('button[name=\"deleteUser\"]').click(); // Click the delete button\n  62 |     });\n  63 |",
          "language": "ts"
        }
      }
    }
  ],
  "pending": [],
  "failures": [
    {
      "title": "Successfully delete a user",
      "fullTitle": "Delete User Successfully delete a user",
      "file": null,
      "currentRetry": 0,
      "err": {
        "message": "Timed out retrying after 8000ms: Expected to find element: `button[name=\"deleteUser\"]`, but never found it.",
        "type": "existence",
        "name": "AssertionError",
        "stack": "AssertionError: Timed out retrying after 8000ms: Expected to find element: `button[name=\"deleteUser\"]`, but never found it.\n    at Context.eval (webpack://itrust2-acceptance-tests/./outputs/autouat/UC1/delete-user.spec.ts:13:9)\n    at withinFn (http://127.0.0.1:8080/__cypress/runner/cypress_runner.js:134397:8)\n    at <unknown> (http://127.0.0.1:8080/__cypress/runner/cypress_runner.js:134478:16)\n    at __WEBPACK_DEFAULT_EXPORT__ (http://127.0.0.1:8080/__cypress/runner/cypress_runner.js:132314:10)\n    at Context.within (http://127.0.0.1:8080/__cypress/runner/cypress_runner.js:134464:67)\n    at wrapped (http://127.0.0.1:8080/__cypress/runner/cypress_runner.js:146597:19)",
        "parsedStack": [
          {
            "message": "AssertionError: Timed out retrying after 8000ms: Expected to find element: `button[name=\"deleteUser\"]`, but never found it.",
            "whitespace": ""
          },
          {
            "function": "Context.eval",
            "fileUrl": "http://127.0.0.1:8080/__cypress/tests?p=outputs\\autouat\\UC1\\delete-user.spec.ts",
            "originalFile": "webpack://itrust2-acceptance-tests/./outputs/autouat/UC1/delete-user.spec.ts",
            "relativeFile": "outputs/autouat/UC1/delete-user.spec.ts",
            "absoluteFile": "D:\\APCS\\Acceptance/outputs/autouat/UC1/delete-user.spec.ts",
            "line": 13,
            "column": 9,
            "whitespace": "    "
          },
          {
            "function": "withinFn",
            "fileUrl": "http://127.0.0.1:8080/__cypress/runner/cypress_runner.js",
            "originalFile": "http://127.0.0.1:8080/__cypress/runner/cypress_runner.js",
            "line": 134397,
            "column": 8,
            "whitespace": "    "
          },
          {
            "function": "<unknown>",
            "fileUrl": "http://127.0.0.1:8080/__cypress/runner/cypress_runner.js",
            "originalFile": "http://127.0.0.1:8080/__cypress/runner/cypress_runner.js",
            "line": 134478,
            "column": 16,
            "whitespace": "    "
          },
          {
            "function": "__WEBPACK_DEFAULT_EXPORT__",
            "fileUrl": "http://127.0.0.1:8080/__cypress/runner/cypress_runner.js",
            "originalFile": "http://127.0.0.1:8080/__cypress/runner/cypress_runner.js",
            "line": 132314,
            "column": 10,
            "whitespace": "    "
          },
          {
            "function": "Context.within",
            "fileUrl": "http://127.0.0.1:8080/__cypress/runner/cypress_runner.js",
            "originalFile": "http://127.0.0.1:8080/__cypress/runner/cypress_runner.js",
            "line": 134464,
            "column": 67,
            "whitespace": "    "
          },
          {
            "function": "wrapped",
            "fileUrl": "http://127.0.0.1:8080/__cypress/runner/cypress_runner.js",
            "originalFile": "http://127.0.0.1:8080/__cypress/runner/cypress_runner.js",
            "line": 146597,
            "column": 19,
            "whitespace": "    "
          }
        ],
        "codeFrame": {
          "line": 13,
          "column": 10,
          "originalFile": "outputs/autouat/UC1/delete-user.spec.ts",
          "relativeFile": "outputs/autouat/UC1/delete-user.spec.ts",
          "absoluteFile": "D:\\APCS\\Acceptance/outputs/autouat/UC1/delete-user.spec.ts",
          "frame": "  11 |     // Select a user from the list (assuming the first user in the list)\n  12 |     cy.get('tr[name=\"userTableRow\"]').first().within(() => {\n> 13 |       cy.get('button[name=\"deleteUser\"]').click(); // Click the delete button\n     |          ^\n  14 |     });\n  15 |     \n  16 |     // Confirm the deletion",
          "language": "ts"
        }
      }
    },
    {
      "title": "Attempt to delete a user without confirmation",
      "fullTitle": "Delete User Attempt to delete a user without confirmation",
      "file": null,
      "currentRetry": 0,
      "err": {
        "message": "Timed out retrying after 8000ms: Expected to find element: `button[name=\"deleteUser\"]`, but never found it.",
        "type": "existence",
        "name": "AssertionError",
        "stack": "AssertionError: Timed out retrying after 8000ms: Expected to find element: `button[name=\"deleteUser\"]`, but never found it.\n    at Context.eval (webpack://itrust2-acceptance-tests/./outputs/autouat/UC1/delete-user.spec.ts:26:9)\n    at withinFn (http://127.0.0.1:8080/__cypress/runner/cypress_runner.js:134397:8)\n    at <unknown> (http://127.0.0.1:8080/__cypress/runner/cypress_runner.js:134478:16)\n    at __WEBPACK_DEFAULT_EXPORT__ (http://127.0.0.1:8080/__cypress/runner/cypress_runner.js:132314:10)\n    at Context.within (http://127.0.0.1:8080/__cypress/runner/cypress_runner.js:134464:67)\n    at wrapped (http://127.0.0.1:8080/__cypress/runner/cypress_runner.js:146597:19)",
        "parsedStack": [
          {
            "message": "AssertionError: Timed out retrying after 8000ms: Expected to find element: `button[name=\"deleteUser\"]`, but never found it.",
            "whitespace": ""
          },
          {
            "function": "Context.eval",
            "fileUrl": "http://127.0.0.1:8080/__cypress/tests?p=outputs\\autouat\\UC1\\delete-user.spec.ts",
            "originalFile": "webpack://itrust2-acceptance-tests/./outputs/autouat/UC1/delete-user.spec.ts",
            "relativeFile": "outputs/autouat/UC1/delete-user.spec.ts",
            "absoluteFile": "D:\\APCS\\Acceptance/outputs/autouat/UC1/delete-user.spec.ts",
            "line": 26,
            "column": 9,
            "whitespace": "    "
          },
          {
            "function": "withinFn",
            "fileUrl": "http://127.0.0.1:8080/__cypress/runner/cypress_runner.js",
            "originalFile": "http://127.0.0.1:8080/__cypress/runner/cypress_runner.js",
            "line": 134397,
            "column": 8,
            "whitespace": "    "
          },
          {
            "function": "<unknown>",
            "fileUrl": "http://127.0.0.1:8080/__cypress/runner/cypress_runner.js",
            "originalFile": "http://127.0.0.1:8080/__cypress/runner/cypress_runner.js",
            "line": 134478,
            "column": 16,
            "whitespace": "    "
          },
          {
            "function": "__WEBPACK_DEFAULT_EXPORT__",
            "fileUrl": "http://127.0.0.1:8080/__cypress/runner/cypress_runner.js",
            "originalFile": "http://127.0.0.1:8080/__cypress/runner/cypress_runner.js",
            "line": 132314,
            "column": 10,
            "whitespace": "    "
          },
          {
            "function": "Context.within",
            "fileUrl": "http://127.0.0.1:8080/__cypress/runner/cypress_runner.js",
            "originalFile": "http://127.0.0.1:8080/__cypress/runner/cypress_runner.js",
            "line": 134464,
            "column": 67,
            "whitespace": "    "
          },
          {
            "function": "wrapped",
            "fileUrl": "http://127.0.0.1:8080/__cypress/runner/cypress_runner.js",
            "originalFile": "http://127.0.0.1:8080/__cypress/runner/cypress_runner.js",
            "line": 146597,
            "column": 19,
            "whitespace": "    "
          }
        ],
        "codeFrame": {
          "line": 26,
          "column": 10,
          "originalFile": "outputs/autouat/UC1/delete-user.spec.ts",
          "relativeFile": "outputs/autouat/UC1/delete-user.spec.ts",
          "absoluteFile": "D:\\APCS\\Acceptance/outputs/autouat/UC1/delete-user.spec.ts",
          "frame": "  24 |     // Select a user from the list\n  25 |     cy.get('tr[name=\"userTableRow\"]').first().within(() => {\n> 26 |       cy.get('button[name=\"deleteUser\"]').click(); // Click the delete button\n     |          ^\n  27 |     });\n  28 |     \n  29 |     // Do not confirm the deletion",
          "language": "ts"
        }
      }
    },
    {
      "title": "Attempt to delete a non-existent user",
      "fullTitle": "Delete User Attempt to delete a non-existent user",
      "file": null,
      "currentRetry": 0,
      "err": {
        "message": "Timed out retrying after 8000ms: Expected to find element: `button[name=\"deleteUserNonExistent\"]`, but never found it.",
        "type": "existence",
        "name": "AssertionError",
        "stack": "AssertionError: Timed out retrying after 8000ms: Expected to find element: `button[name=\"deleteUserNonExistent\"]`, but never found it.\n    at Context.eval (webpack://itrust2-acceptance-tests/./outputs/autouat/UC1/delete-user.spec.ts:38:7)",
        "parsedStack": [
          {
            "message": "AssertionError: Timed out retrying after 8000ms: Expected to find element: `button[name=\"deleteUserNonExistent\"]`, but never found it.",
            "whitespace": ""
          },
          {
            "function": "Context.eval",
            "fileUrl": "http://127.0.0.1:8080/__cypress/tests?p=outputs\\autouat\\UC1\\delete-user.spec.ts",
            "originalFile": "webpack://itrust2-acceptance-tests/./outputs/autouat/UC1/delete-user.spec.ts",
            "relativeFile": "outputs/autouat/UC1/delete-user.spec.ts",
            "absoluteFile": "D:\\APCS\\Acceptance/outputs/autouat/UC1/delete-user.spec.ts",
            "line": 38,
            "column": 7,
            "whitespace": "    "
          }
        ],
        "codeFrame": {
          "line": 38,
          "column": 8,
          "originalFile": "outputs/autouat/UC1/delete-user.spec.ts",
          "relativeFile": "outputs/autouat/UC1/delete-user.spec.ts",
          "absoluteFile": "D:\\APCS\\Acceptance/outputs/autouat/UC1/delete-user.spec.ts",
          "frame": "  36 |   it('Attempt to delete a non-existent user', () => {\n  37 |     // Attempt to delete a user that does not exist\n> 38 |     cy.get('button[name=\"deleteUserNonExistent\"]').click(); // Assuming there's a button for a non-existent user\n     |        ^\n  39 |\n  40 |     // Assert that an error message is shown\n  41 |     cy.get('#error').should('contain', 'User not found'); // Check for the error message",
          "language": "ts"
        }
      }
    },
    {
      "title": "Delete multiple users",
      "fullTitle": "Delete User Delete multiple users",
      "file": null,
      "currentRetry": 0,
      "err": {
        "message": "Timed out retrying after 8000ms: Expected to find element: `input[type=\"checkbox\"]`, but never found it. Queried from:\n\n              > cy.get(tr[name=\"userTableRow\"]).first()",
        "type": "existence",
        "name": "AssertionError",
        "stack": "AssertionError: Timed out retrying after 8000ms: Expected to find element: `input[type=\"checkbox\"]`, but never found it. Queried from:\n\n              > cy.get(tr[name=\"userTableRow\"]).first()\n    at Context.eval (webpack://itrust2-acceptance-tests/./outputs/autouat/UC1/delete-user.spec.ts:47:46)",
        "parsedStack": [
          {
            "message": "AssertionError: Timed out retrying after 8000ms: Expected to find element: `input[type=\"checkbox\"]`, but never found it. Queried from:",
            "whitespace": ""
          },
          {
            "message": "",
            "whitespace": ""
          },
          {
            "message": "> cy.get(tr[name=\"userTableRow\"]).first()",
            "whitespace": "              "
          },
          {
            "function": "Context.eval",
            "fileUrl": "http://127.0.0.1:8080/__cypress/tests?p=outputs\\autouat\\UC1\\delete-user.spec.ts",
            "originalFile": "webpack://itrust2-acceptance-tests/./outputs/autouat/UC1/delete-user.spec.ts",
            "relativeFile": "outputs/autouat/UC1/delete-user.spec.ts",
            "absoluteFile": "D:\\APCS\\Acceptance/outputs/autouat/UC1/delete-user.spec.ts",
            "line": 47,
            "column": 46,
            "whitespace": "    "
          }
        ],
        "codeFrame": {
          "line": 47,
          "column": 47,
          "originalFile": "outputs/autouat/UC1/delete-user.spec.ts",
          "relativeFile": "outputs/autouat/UC1/delete-user.spec.ts",
          "absoluteFile": "D:\\APCS\\Acceptance/outputs/autouat/UC1/delete-user.spec.ts",
          "frame": "  45 |   it('Delete multiple users', () => {\n  46 |     // Select multiple users from the list (assuming the first two users)\n> 47 |     cy.get('tr[name=\"userTableRow\"]').first().find('input[type=\"checkbox\"]').check();\n     |                                               ^\n  48 |     cy.get('tr[name=\"userTableRow\"]').eq(1).find('input[type=\"checkbox\"]').check();\n  49 |\n  50 |     // Confirm the deletion",
          "language": "ts"
        }
      }
    },
    {
      "title": "Verify that deleted user cannot log in",
      "fullTitle": "Delete User Verify that deleted user cannot log in",
      "file": null,
      "currentRetry": 0,
      "err": {
        "message": "Timed out retrying after 8000ms: Expected to find content: 'testUser' within the element: <tr.ng-scope> but never did.",
        "type": "existence",
        "name": "AssertionError",
        "stack": "AssertionError: Timed out retrying after 8000ms: Expected to find content: 'testUser' within the element: <tr.ng-scope> but never did.\n    at Context.eval (webpack://itrust2-acceptance-tests/./outputs/autouat/UC1/delete-user.spec.ts:60:38)",
        "parsedStack": [
          {
            "message": "AssertionError: Timed out retrying after 8000ms: Expected to find content: 'testUser' within the element: <tr.ng-scope> but never did.",
            "whitespace": ""
          },
          {
            "function": "Context.eval",
            "fileUrl": "http://127.0.0.1:8080/__cypress/tests?p=outputs\\autouat\\UC1\\delete-user.spec.ts",
            "originalFile": "webpack://itrust2-acceptance-tests/./outputs/autouat/UC1/delete-user.spec.ts",
            "relativeFile": "outputs/autouat/UC1/delete-user.spec.ts",
            "absoluteFile": "D:\\APCS\\Acceptance/outputs/autouat/UC1/delete-user.spec.ts",
            "line": 60,
            "column": 38,
            "whitespace": "    "
          }
        ],
        "codeFrame": {
          "line": 60,
          "column": 39,
          "originalFile": "outputs/autouat/UC1/delete-user.spec.ts",
          "relativeFile": "outputs/autouat/UC1/delete-user.spec.ts",
          "absoluteFile": "D:\\APCS\\Acceptance/outputs/autouat/UC1/delete-user.spec.ts",
          "frame": "  58 |     // Select a user from the list\n  59 |     const deletedUser = 'testUser'; // Replace with actual username\n> 60 |     cy.get('tr[name=\"userTableRow\"]').contains(deletedUser).within(() => {\n     |                                       ^\n  61 |       cy.get('button[name=\"deleteUser\"]').click(); // Click the delete button\n  62 |     });\n  63 |",
          "language": "ts"
        }
      }
    }
  ],
  "passes": []
}
  (Results)

  ΓöîΓöÇΓöÇΓöÇΓöÇΓöÇΓöÇΓöÇΓöÇΓöÇΓöÇΓöÇΓöÇΓöÇΓöÇΓöÇΓöÇΓöÇΓöÇΓöÇΓöÇΓöÇΓöÇΓöÇΓöÇΓöÇΓöÇΓöÇΓöÇΓöÇΓöÇΓöÇΓöÇΓöÇΓöÇΓöÇΓöÇΓöÇΓöÇΓöÇΓöÇΓöÇΓöÇΓöÇΓöÇΓöÇΓöÇΓöÇΓöÇΓöÇΓöÇΓöÇΓöÇΓöÇΓöÇΓöÇΓöÇΓöÇΓöÇΓöÇΓöÇΓöÇΓöÇΓöÇΓöÇΓöÇΓöÇΓöÇΓöÇΓöÇΓöÇΓöÇΓöÇΓöÇΓöÇΓöÇΓöÇΓöÇΓöÇΓöÇΓöÇΓöÇΓöÇΓöÇΓöÇΓöÇΓöÇΓöÇΓöÇΓöÇΓöÇΓöÇΓöÇΓöÇΓöÇΓöÇΓöÇΓöÉ
  Γöé Tests:        5                                                                                Γöé
  Γöé Passing:      0                                                                                Γöé
  Γöé Failing:      5                                                                                Γöé
  Γöé Pending:      0                                                                                Γöé
  Γöé Skipped:      0                                                                                Γöé
  Γöé Screenshots:  0                                                                                Γöé
  Γöé Video:        false                                                                            Γöé
  Γöé Duration:     42 seconds                                                                       Γöé
  Γöé Spec Ran:     UC1/delete-user.spec.ts                                                          Γöé
  ΓööΓöÇΓöÇΓöÇΓöÇΓöÇΓöÇΓöÇΓöÇΓöÇΓöÇΓöÇΓöÇΓöÇΓöÇΓöÇΓöÇΓöÇΓöÇΓöÇΓöÇΓöÇΓöÇΓöÇΓöÇΓöÇΓöÇΓöÇΓöÇΓöÇΓöÇΓöÇΓöÇΓöÇΓöÇΓöÇΓöÇΓöÇΓöÇΓöÇΓöÇΓöÇΓöÇΓöÇΓöÇΓöÇΓöÇΓöÇΓöÇΓöÇΓöÇΓöÇΓöÇΓöÇΓöÇΓöÇΓöÇΓöÇΓöÇΓöÇΓöÇΓöÇΓöÇΓöÇΓöÇΓöÇΓöÇΓöÇΓöÇΓöÇΓöÇΓöÇΓöÇΓöÇΓöÇΓöÇΓöÇΓöÇΓöÇΓöÇΓöÇΓöÇΓöÇΓöÇΓöÇΓöÇΓöÇΓöÇΓöÇΓöÇΓöÇΓöÇΓöÇΓöÇΓöÇΓöÇΓöÇΓöÿ


ΓöÇΓöÇΓöÇΓöÇΓöÇΓöÇΓöÇΓöÇΓöÇΓöÇΓöÇΓöÇΓöÇΓöÇΓöÇΓöÇΓöÇΓöÇΓöÇΓöÇΓöÇΓöÇΓöÇΓöÇΓöÇΓöÇΓöÇΓöÇΓöÇΓöÇΓöÇΓöÇΓöÇΓöÇΓöÇΓöÇΓöÇΓöÇΓöÇΓöÇΓöÇΓöÇΓöÇΓöÇΓöÇΓöÇΓöÇΓöÇΓöÇΓöÇΓöÇΓöÇΓöÇΓöÇΓöÇΓöÇΓöÇΓöÇΓöÇΓöÇΓöÇΓöÇΓöÇΓöÇΓöÇΓöÇΓöÇΓöÇΓöÇΓöÇΓöÇΓöÇΓöÇΓöÇΓöÇΓöÇΓöÇΓöÇΓöÇΓöÇΓöÇΓöÇΓöÇΓöÇΓöÇΓöÇΓöÇΓöÇΓöÇΓöÇΓöÇΓöÇΓöÇΓöÇΓöÇΓöÇΓöÇΓöÇΓöÇΓöÇ
                                                                                                    
  Running:  UC10/manage-icd-10-codes.spec.ts                                               (3 of 33)
{
  "stats": {
    "suites": 1,
    "tests": 6,
    "passes": 0,
    "pending": 0,
    "failures": 6,
    "start": "2026-09-10T10:30:03.703Z",
    "end": "2026-09-10T10:30:56.643Z",
    "duration": 52940
  },
  "tests": [
    {
      "title": "Successfully adding a valid ICD-10 code and description",
      "fullTitle": "Manage ICD-10 Codes Successfully adding a valid ICD-10 code and description",
      "file": null,
      "duration": 8997,
      "currentRetry": 0,
      "err": {
        "message": "Timed out retrying after 8000ms: Expected to find content: 'Diagnosis added successfully' but never did.",
        "type": "existence",
        "name": "AssertionError",
        "stack": "AssertionError: Timed out retrying after 8000ms: Expected to find content: 'Diagnosis added successfully' but never did.\n    at Context.eval (webpack://itrust2-acceptance-tests/./outputs/autouat/UC10/manage-icd-10-codes.spec.ts:16:48)",
        "parsedStack": [
          {
            "message": "AssertionError: Timed out retrying after 8000ms: Expected to find content: 'Diagnosis added successfully' but never did.",
            "whitespace": ""
          },
          {
            "function": "Context.eval",
            "fileUrl": "http://127.0.0.1:8080/__cypress/tests?p=outputs\\autouat\\UC10\\manage-icd-10-codes.spec.ts",
            "originalFile": "webpack://itrust2-acceptance-tests/./outputs/autouat/UC10/manage-icd-10-codes.spec.ts",
            "relativeFile": "outputs/autouat/UC10/manage-icd-10-codes.spec.ts",
            "absoluteFile": "D:\\APCS\\Acceptance/outputs/autouat/UC10/manage-icd-10-codes.spec.ts",
            "line": 16,
            "column": 48,
            "whitespace": "    "
          }
        ],
        "codeFrame": {
          "line": 16,
          "column": 49,
          "originalFile": "outputs/autouat/UC10/manage-icd-10-codes.spec.ts",
          "relativeFile": "outputs/autouat/UC10/manage-icd-10-codes.spec.ts",
          "absoluteFile": "D:\\APCS\\Acceptance/outputs/autouat/UC10/manage-icd-10-codes.spec.ts",
          "frame": "  14 |\n  15 |     // Assert success message\n> 16 |     cy.contains('Diagnosis added successfully').should('be.visible');\n     |                                                 ^\n  17 |     // Assert that the diagnosis list includes the new entry\n  18 |     cy.contains('A00 - Cholera').should('be.visible');\n  19 |   });",
          "language": "ts"
        }
      }
    },
    {
      "title": "Adding an ICD-10 code with an invalid format",
      "fullTitle": "Manage ICD-10 Codes Adding an ICD-10 code with an invalid format",
      "file": null,
      "duration": 8889,
      "currentRetry": 0,
      "err": {
        "message": "Timed out retrying after 8000ms: Expected to find content: 'ICD-10 code must be in the format 'A00'' but never did.",
        "type": "existence",
        "name": "AssertionError",
        "stack": "AssertionError: Timed out retrying after 8000ms: Expected to find content: 'ICD-10 code must be in the format 'A00'' but never did.\n    at Context.eval (webpack://itrust2-acceptance-tests/./outputs/autouat/UC10/manage-icd-10-codes.spec.ts:28:59)",
        "parsedStack": [
          {
            "message": "AssertionError: Timed out retrying after 8000ms: Expected to find content: 'ICD-10 code must be in the format 'A00'' but never did.",
            "whitespace": ""
          },
          {
            "function": "Context.eval",
            "fileUrl": "http://127.0.0.1:8080/__cypress/tests?p=outputs\\autouat\\UC10\\manage-icd-10-codes.spec.ts",
            "originalFile": "webpack://itrust2-acceptance-tests/./outputs/autouat/UC10/manage-icd-10-codes.spec.ts",
            "relativeFile": "outputs/autouat/UC10/manage-icd-10-codes.spec.ts",
            "absoluteFile": "D:\\APCS\\Acceptance/outputs/autouat/UC10/manage-icd-10-codes.spec.ts",
            "line": 28,
            "column": 59,
            "whitespace": "    "
          }
        ],
        "codeFrame": {
          "line": 28,
          "column": 60,
          "originalFile": "outputs/autouat/UC10/manage-icd-10-codes.spec.ts",
          "relativeFile": "outputs/autouat/UC10/manage-icd-10-codes.spec.ts",
          "absoluteFile": "D:\\APCS\\Acceptance/outputs/autouat/UC10/manage-icd-10-codes.spec.ts",
          "frame": "  26 |\n  27 |     // Assert error message\n> 28 |     cy.contains(\"ICD-10 code must be in the format 'A00'\").should('be.visible');\n     |                                                            ^\n  29 |   });\n  30 |\n  31 |   it('Adding a diagnosis without a description', () => {",
          "language": "ts"
        }
      }
    },
    {
      "title": "Adding a diagnosis without a description",
      "fullTitle": "Manage ICD-10 Codes Adding a diagnosis without a description",
      "file": null,
      "duration": 8490,
      "currentRetry": 0,
      "err": {
        "message": "Timed out retrying after 8000ms: Expected to find content: 'Description cannot be empty' but never did.",
        "type": "existence",
        "name": "AssertionError",
        "stack": "AssertionError: Timed out retrying after 8000ms: Expected to find content: 'Description cannot be empty' but never did.\n    at Context.eval (webpack://itrust2-acceptance-tests/./outputs/autouat/UC10/manage-icd-10-codes.spec.ts:38:47)",
        "parsedStack": [
          {
            "message": "AssertionError: Timed out retrying after 8000ms: Expected to find content: 'Description cannot be empty' but never did.",
            "whitespace": ""
          },
          {
            "function": "Context.eval",
            "fileUrl": "http://127.0.0.1:8080/__cypress/tests?p=outputs\\autouat\\UC10\\manage-icd-10-codes.spec.ts",
            "originalFile": "webpack://itrust2-acceptance-tests/./outputs/autouat/UC10/manage-icd-10-codes.spec.ts",
            "relativeFile": "outputs/autouat/UC10/manage-icd-10-codes.spec.ts",
            "absoluteFile": "D:\\APCS\\Acceptance/outputs/autouat/UC10/manage-icd-10-codes.spec.ts",
            "line": 38,
            "column": 47,
            "whitespace": "    "
          }
        ],
        "codeFrame": {
          "line": 38,
          "column": 48,
          "originalFile": "outputs/autouat/UC10/manage-icd-10-codes.spec.ts",
          "relativeFile": "outputs/autouat/UC10/manage-icd-10-codes.spec.ts",
          "absoluteFile": "D:\\APCS\\Acceptance/outputs/autouat/UC10/manage-icd-10-codes.spec.ts",
          "frame": "  36 |\n  37 |     // Assert error message\n> 38 |     cy.contains('Description cannot be empty').should('be.visible');\n     |                                                ^\n  39 |   });\n  40 |\n  41 |   it('Successfully removing a diagnosis', () => {",
          "language": "ts"
        }
      }
    },
    {
      "title": "Successfully removing a diagnosis",
      "fullTitle": "Manage ICD-10 Codes Successfully removing a diagnosis",
      "file": null,
      "duration": 8877,
      "currentRetry": 0,
      "err": {
        "message": "Timed out retrying after 8000ms: Expected to find content: 'A00 - Cholera' but never did.",
        "type": "existence",
        "name": "AssertionError",
        "stack": "AssertionError: Timed out retrying after 8000ms: Expected to find content: 'A00 - Cholera' but never did.\n    at Context.eval (webpack://itrust2-acceptance-tests/./outputs/autouat/UC10/manage-icd-10-codes.spec.ts:48:7)",
        "parsedStack": [
          {
            "message": "AssertionError: Timed out retrying after 8000ms: Expected to find content: 'A00 - Cholera' but never did.",
            "whitespace": ""
          },
          {
            "function": "Context.eval",
            "fileUrl": "http://127.0.0.1:8080/__cypress/tests?p=outputs\\autouat\\UC10\\manage-icd-10-codes.spec.ts",
            "originalFile": "webpack://itrust2-acceptance-tests/./outputs/autouat/UC10/manage-icd-10-codes.spec.ts",
            "relativeFile": "outputs/autouat/UC10/manage-icd-10-codes.spec.ts",
            "absoluteFile": "D:\\APCS\\Acceptance/outputs/autouat/UC10/manage-icd-10-codes.spec.ts",
            "line": 48,
            "column": 7,
            "whitespace": "    "
          }
        ],
        "codeFrame": {
          "line": 48,
          "column": 8,
          "originalFile": "outputs/autouat/UC10/manage-icd-10-codes.spec.ts",
          "relativeFile": "outputs/autouat/UC10/manage-icd-10-codes.spec.ts",
          "absoluteFile": "D:\\APCS\\Acceptance/outputs/autouat/UC10/manage-icd-10-codes.spec.ts",
          "frame": "  46 |\n  47 |     // Now remove the diagnosis\n> 48 |     cy.contains('A00 - Cholera').parent().find('input[type=\"button\"]').click(); // Click on Remove button\n     |        ^\n  49 |     cy.on('window:confirm', () => true); // Confirm deletion\n  50 |\n  51 |     // Assert success message",
          "language": "ts"
        }
      }
    },
    {
      "title": "Attempting to remove a diagnosis that does not exist",
      "fullTitle": "Manage ICD-10 Codes Attempting to remove a diagnosis that does not exist",
      "file": null,
      "duration": 8391,
      "currentRetry": 0,
      "err": {
        "message": "Timed out retrying after 8000ms: Expected to find content: 'XYZ - Nonexistent Diagnosis' but never did.",
        "type": "existence",
        "name": "AssertionError",
        "stack": "AssertionError: Timed out retrying after 8000ms: Expected to find content: 'XYZ - Nonexistent Diagnosis' but never did.\n    at Context.eval (webpack://itrust2-acceptance-tests/./outputs/autouat/UC10/manage-icd-10-codes.spec.ts:59:7)",
        "parsedStack": [
          {
            "message": "AssertionError: Timed out retrying after 8000ms: Expected to find content: 'XYZ - Nonexistent Diagnosis' but never did.",
            "whitespace": ""
          },
          {
            "function": "Context.eval",
            "fileUrl": "http://127.0.0.1:8080/__cypress/tests?p=outputs\\autouat\\UC10\\manage-icd-10-codes.spec.ts",
            "originalFile": "webpack://itrust2-acceptance-tests/./outputs/autouat/UC10/manage-icd-10-codes.spec.ts",
            "relativeFile": "outputs/autouat/UC10/manage-icd-10-codes.spec.ts",
            "absoluteFile": "D:\\APCS\\Acceptance/outputs/autouat/UC10/manage-icd-10-codes.spec.ts",
            "line": 59,
            "column": 7,
            "whitespace": "    "
          }
        ],
        "codeFrame": {
          "line": 59,
          "column": 8,
          "originalFile": "outputs/autouat/UC10/manage-icd-10-codes.spec.ts",
          "relativeFile": "outputs/autouat/UC10/manage-icd-10-codes.spec.ts",
          "absoluteFile": "D:\\APCS\\Acceptance/outputs/autouat/UC10/manage-icd-10-codes.spec.ts",
          "frame": "  57 |   it('Attempting to remove a diagnosis that does not exist', () => {\n  58 |     // Attempt to remove a non-existent diagnosis\n> 59 |     cy.contains('XYZ - Nonexistent Diagnosis').parent().find('input[type=\"button\"]').click(); // Click on Remove button\n     |        ^\n  60 |     cy.on('window:confirm', () => true); // Confirm deletion\n  61 |\n  62 |     // Assert error message",
          "language": "ts"
        }
      }
    },
    {
      "title": "Checking the diagnosis list after multiple additions and deletions",
      "fullTitle": "Manage ICD-10 Codes Checking the diagnosis list after multiple additions and deletions",
      "file": null,
      "duration": 9060,
      "currentRetry": 0,
      "err": {
        "message": "Timed out retrying after 8000ms: Expected to find content: 'A00 - Cholera' but never did.",
        "type": "existence",
        "name": "AssertionError",
        "stack": "AssertionError: Timed out retrying after 8000ms: Expected to find content: 'A00 - Cholera' but never did.\n    at Context.eval (webpack://itrust2-acceptance-tests/./outputs/autouat/UC10/manage-icd-10-codes.spec.ts:77:7)",
        "parsedStack": [
          {
            "message": "AssertionError: Timed out retrying after 8000ms: Expected to find content: 'A00 - Cholera' but never did.",
            "whitespace": ""
          },
          {
            "function": "Context.eval",
            "fileUrl": "http://127.0.0.1:8080/__cypress/tests?p=outputs\\autouat\\UC10\\manage-icd-10-codes.spec.ts",
            "originalFile": "webpack://itrust2-acceptance-tests/./outputs/autouat/UC10/manage-icd-10-codes.spec.ts",
            "relativeFile": "outputs/autouat/UC10/manage-icd-10-codes.spec.ts",
            "absoluteFile": "D:\\APCS\\Acceptance/outputs/autouat/UC10/manage-icd-10-codes.spec.ts",
            "line": 77,
            "column": 7,
            "whitespace": "    "
          }
        ],
        "codeFrame": {
          "line": 77,
          "column": 8,
          "originalFile": "outputs/autouat/UC10/manage-icd-10-codes.spec.ts",
          "relativeFile": "outputs/autouat/UC10/manage-icd-10-codes.spec.ts",
          "absoluteFile": "D:\\APCS\\Acceptance/outputs/autouat/UC10/manage-icd-10-codes.spec.ts",
          "frame": "  75 |\n  76 |     // Remove one diagnosis\n> 77 |     cy.contains('A00 - Cholera').parent().find('input[type=\"button\"]').click(); // Click on Remove button\n     |        ^\n  78 |     cy.on('window:confirm', () => true); // Confirm deletion\n  79 |\n  80 |     // Assert that the diagnosis list includes the remaining diagnosis",
          "language": "ts"
        }
      }
    }
  ],
  "pending": [],
  "failures": [
    {
      "title": "Successfully adding a valid ICD-10 code and description",
      "fullTitle": "Manage ICD-10 Codes Successfully adding a valid ICD-10 code and description",
      "file": null,
      "currentRetry": 0,
      "err": {
        "message": "Timed out retrying after 8000ms: Expected to find content: 'Diagnosis added successfully' but never did.",
        "type": "existence",
        "name": "AssertionError",
        "stack": "AssertionError: Timed out retrying after 8000ms: Expected to find content: 'Diagnosis added successfully' but never did.\n    at Context.eval (webpack://itrust2-acceptance-tests/./outputs/autouat/UC10/manage-icd-10-codes.spec.ts:16:48)",
        "parsedStack": [
          {
            "message": "AssertionError: Timed out retrying after 8000ms: Expected to find content: 'Diagnosis added successfully' but never did.",
            "whitespace": ""
          },
          {
            "function": "Context.eval",
            "fileUrl": "http://127.0.0.1:8080/__cypress/tests?p=outputs\\autouat\\UC10\\manage-icd-10-codes.spec.ts",
            "originalFile": "webpack://itrust2-acceptance-tests/./outputs/autouat/UC10/manage-icd-10-codes.spec.ts",
            "relativeFile": "outputs/autouat/UC10/manage-icd-10-codes.spec.ts",
            "absoluteFile": "D:\\APCS\\Acceptance/outputs/autouat/UC10/manage-icd-10-codes.spec.ts",
            "line": 16,
            "column": 48,
            "whitespace": "    "
          }
        ],
        "codeFrame": {
          "line": 16,
          "column": 49,
          "originalFile": "outputs/autouat/UC10/manage-icd-10-codes.spec.ts",
          "relativeFile": "outputs/autouat/UC10/manage-icd-10-codes.spec.ts",
          "absoluteFile": "D:\\APCS\\Acceptance/outputs/autouat/UC10/manage-icd-10-codes.spec.ts",
          "frame": "  14 |\n  15 |     // Assert success message\n> 16 |     cy.contains('Diagnosis added successfully').should('be.visible');\n     |                                                 ^\n  17 |     // Assert that the diagnosis list includes the new entry\n  18 |     cy.contains('A00 - Cholera').should('be.visible');\n  19 |   });",
          "language": "ts"
        }
      }
    },
    {
      "title": "Adding an ICD-10 code with an invalid format",
      "fullTitle": "Manage ICD-10 Codes Adding an ICD-10 code with an invalid format",
      "file": null,
      "currentRetry": 0,
      "err": {
        "message": "Timed out retrying after 8000ms: Expected to find content: 'ICD-10 code must be in the format 'A00'' but never did.",
        "type": "existence",
        "name": "AssertionError",
        "stack": "AssertionError: Timed out retrying after 8000ms: Expected to find content: 'ICD-10 code must be in the format 'A00'' but never did.\n    at Context.eval (webpack://itrust2-acceptance-tests/./outputs/autouat/UC10/manage-icd-10-codes.spec.ts:28:59)",
        "parsedStack": [
          {
            "message": "AssertionError: Timed out retrying after 8000ms: Expected to find content: 'ICD-10 code must be in the format 'A00'' but never did.",
            "whitespace": ""
          },
          {
            "function": "Context.eval",
            "fileUrl": "http://127.0.0.1:8080/__cypress/tests?p=outputs\\autouat\\UC10\\manage-icd-10-codes.spec.ts",
            "originalFile": "webpack://itrust2-acceptance-tests/./outputs/autouat/UC10/manage-icd-10-codes.spec.ts",
            "relativeFile": "outputs/autouat/UC10/manage-icd-10-codes.spec.ts",
            "absoluteFile": "D:\\APCS\\Acceptance/outputs/autouat/UC10/manage-icd-10-codes.spec.ts",
            "line": 28,
            "column": 59,
            "whitespace": "    "
          }
        ],
        "codeFrame": {
          "line": 28,
          "column": 60,
          "originalFile": "outputs/autouat/UC10/manage-icd-10-codes.spec.ts",
          "relativeFile": "outputs/autouat/UC10/manage-icd-10-codes.spec.ts",
          "absoluteFile": "D:\\APCS\\Acceptance/outputs/autouat/UC10/manage-icd-10-codes.spec.ts",
          "frame": "  26 |\n  27 |     // Assert error message\n> 28 |     cy.contains(\"ICD-10 code must be in the format 'A00'\").should('be.visible');\n     |                                                            ^\n  29 |   });\n  30 |\n  31 |   it('Adding a diagnosis without a description', () => {",
          "language": "ts"
        }
      }
    },
    {
      "title": "Adding a diagnosis without a description",
      "fullTitle": "Manage ICD-10 Codes Adding a diagnosis without a description",
      "file": null,
      "currentRetry": 0,
      "err": {
        "message": "Timed out retrying after 8000ms: Expected to find content: 'Description cannot be empty' but never did.",
        "type": "existence",
        "name": "AssertionError",
        "stack": "AssertionError: Timed out retrying after 8000ms: Expected to find content: 'Description cannot be empty' but never did.\n    at Context.eval (webpack://itrust2-acceptance-tests/./outputs/autouat/UC10/manage-icd-10-codes.spec.ts:38:47)",
        "parsedStack": [
          {
            "message": "AssertionError: Timed out retrying after 8000ms: Expected to find content: 'Description cannot be empty' but never did.",
            "whitespace": ""
          },
          {
            "function": "Context.eval",
            "fileUrl": "http://127.0.0.1:8080/__cypress/tests?p=outputs\\autouat\\UC10\\manage-icd-10-codes.spec.ts",
            "originalFile": "webpack://itrust2-acceptance-tests/./outputs/autouat/UC10/manage-icd-10-codes.spec.ts",
            "relativeFile": "outputs/autouat/UC10/manage-icd-10-codes.spec.ts",
            "absoluteFile": "D:\\APCS\\Acceptance/outputs/autouat/UC10/manage-icd-10-codes.spec.ts",
            "line": 38,
            "column": 47,
            "whitespace": "    "
          }
        ],
        "codeFrame": {
          "line": 38,
          "column": 48,
          "originalFile": "outputs/autouat/UC10/manage-icd-10-codes.spec.ts",
          "relativeFile": "outputs/autouat/UC10/manage-icd-10-codes.spec.ts",
          "absoluteFile": "D:\\APCS\\Acceptance/outputs/autouat/UC10/manage-icd-10-codes.spec.ts",
          "frame": "  36 |\n  37 |     // Assert error message\n> 38 |     cy.contains('Description cannot be empty').should('be.visible');\n     |                                                ^\n  39 |   });\n  40 |\n  41 |   it('Successfully removing a diagnosis', () => {",
          "language": "ts"
        }
      }
    },
    {
      "title": "Successfully removing a diagnosis",
      "fullTitle": "Manage ICD-10 Codes Successfully removing a diagnosis",
      "file": null,
      "currentRetry": 0,
      "err": {
        "message": "Timed out retrying after 8000ms: Expected to find content: 'A00 - Cholera' but never did.",
        "type": "existence",
        "name": "AssertionError",
        "stack": "AssertionError: Timed out retrying after 8000ms: Expected to find content: 'A00 - Cholera' but never did.\n    at Context.eval (webpack://itrust2-acceptance-tests/./outputs/autouat/UC10/manage-icd-10-codes.spec.ts:48:7)",
        "parsedStack": [
          {
            "message": "AssertionError: Timed out retrying after 8000ms: Expected to find content: 'A00 - Cholera' but never did.",
            "whitespace": ""
          },
          {
            "function": "Context.eval",
            "fileUrl": "http://127.0.0.1:8080/__cypress/tests?p=outputs\\autouat\\UC10\\manage-icd-10-codes.spec.ts",
            "originalFile": "webpack://itrust2-acceptance-tests/./outputs/autouat/UC10/manage-icd-10-codes.spec.ts",
            "relativeFile": "outputs/autouat/UC10/manage-icd-10-codes.spec.ts",
            "absoluteFile": "D:\\APCS\\Acceptance/outputs/autouat/UC10/manage-icd-10-codes.spec.ts",
            "line": 48,
            "column": 7,
            "whitespace": "    "
          }
        ],
        "codeFrame": {
          "line": 48,
          "column": 8,
          "originalFile": "outputs/autouat/UC10/manage-icd-10-codes.spec.ts",
          "relativeFile": "outputs/autouat/UC10/manage-icd-10-codes.spec.ts",
          "absoluteFile": "D:\\APCS\\Acceptance/outputs/autouat/UC10/manage-icd-10-codes.spec.ts",
          "frame": "  46 |\n  47 |     // Now remove the diagnosis\n> 48 |     cy.contains('A00 - Cholera').parent().find('input[type=\"button\"]').click(); // Click on Remove button\n     |        ^\n  49 |     cy.on('window:confirm', () => true); // Confirm deletion\n  50 |\n  51 |     // Assert success message",
          "language": "ts"
        }
      }
    },
    {
      "title": "Attempting to remove a diagnosis that does not exist",
      "fullTitle": "Manage ICD-10 Codes Attempting to remove a diagnosis that does not exist",
      "file": null,
      "currentRetry": 0,
      "err": {
        "message": "Timed out retrying after 8000ms: Expected to find content: 'XYZ - Nonexistent Diagnosis' but never did.",
        "type": "existence",
        "name": "AssertionError",
        "stack": "AssertionError: Timed out retrying after 8000ms: Expected to find content: 'XYZ - Nonexistent Diagnosis' but never did.\n    at Context.eval (webpack://itrust2-acceptance-tests/./outputs/autouat/UC10/manage-icd-10-codes.spec.ts:59:7)",
        "parsedStack": [
          {
            "message": "AssertionError: Timed out retrying after 8000ms: Expected to find content: 'XYZ - Nonexistent Diagnosis' but never did.",
            "whitespace": ""
          },
          {
            "function": "Context.eval",
            "fileUrl": "http://127.0.0.1:8080/__cypress/tests?p=outputs\\autouat\\UC10\\manage-icd-10-codes.spec.ts",
            "originalFile": "webpack://itrust2-acceptance-tests/./outputs/autouat/UC10/manage-icd-10-codes.spec.ts",
            "relativeFile": "outputs/autouat/UC10/manage-icd-10-codes.spec.ts",
            "absoluteFile": "D:\\APCS\\Acceptance/outputs/autouat/UC10/manage-icd-10-codes.spec.ts",
            "line": 59,
            "column": 7,
            "whitespace": "    "
          }
        ],
        "codeFrame": {
          "line": 59,
          "column": 8,
          "originalFile": "outputs/autouat/UC10/manage-icd-10-codes.spec.ts",
          "relativeFile": "outputs/autouat/UC10/manage-icd-10-codes.spec.ts",
          "absoluteFile": "D:\\APCS\\Acceptance/outputs/autouat/UC10/manage-icd-10-codes.spec.ts",
          "frame": "  57 |   it('Attempting to remove a diagnosis that does not exist', () => {\n  58 |     // Attempt to remove a non-existent diagnosis\n> 59 |     cy.contains('XYZ - Nonexistent Diagnosis').parent().find('input[type=\"button\"]').click(); // Click on Remove button\n     |        ^\n  60 |     cy.on('window:confirm', () => true); // Confirm deletion\n  61 |\n  62 |     // Assert error message",
          "language": "ts"
        }
      }
    },
    {
      "title": "Checking the diagnosis list after multiple additions and deletions",
      "fullTitle": "Manage ICD-10 Codes Checking the diagnosis list after multiple additions and deletions",
      "file": null,
      "currentRetry": 0,
      "err": {
        "message": "Timed out retrying after 8000ms: Expected to find content: 'A00 - Cholera' but never did.",
        "type": "existence",
        "name": "AssertionError",
        "stack": "AssertionError: Timed out retrying after 8000ms: Expected to find content: 'A00 - Cholera' but never did.\n    at Context.eval (webpack://itrust2-acceptance-tests/./outputs/autouat/UC10/manage-icd-10-codes.spec.ts:77:7)",
        "parsedStack": [
          {
            "message": "AssertionError: Timed out retrying after 8000ms: Expected to find content: 'A00 - Cholera' but never did.",
            "whitespace": ""
          },
          {
            "function": "Context.eval",
            "fileUrl": "http://127.0.0.1:8080/__cypress/tests?p=outputs\\autouat\\UC10\\manage-icd-10-codes.spec.ts",
            "originalFile": "webpack://itrust2-acceptance-tests/./outputs/autouat/UC10/manage-icd-10-codes.spec.ts",
            "relativeFile": "outputs/autouat/UC10/manage-icd-10-codes.spec.ts",
            "absoluteFile": "D:\\APCS\\Acceptance/outputs/autouat/UC10/manage-icd-10-codes.spec.ts",
            "line": 77,
            "column": 7,
            "whitespace": "    "
          }
        ],
        "codeFrame": {
          "line": 77,
          "column": 8,
          "originalFile": "outputs/autouat/UC10/manage-icd-10-codes.spec.ts",
          "relativeFile": "outputs/autouat/UC10/manage-icd-10-codes.spec.ts",
          "absoluteFile": "D:\\APCS\\Acceptance/outputs/autouat/UC10/manage-icd-10-codes.spec.ts",
          "frame": "  75 |\n  76 |     // Remove one diagnosis\n> 77 |     cy.contains('A00 - Cholera').parent().find('input[type=\"button\"]').click(); // Click on Remove button\n     |        ^\n  78 |     cy.on('window:confirm', () => true); // Confirm deletion\n  79 |\n  80 |     // Assert that the diagnosis list includes the remaining diagnosis",
          "language": "ts"
        }
      }
    }
  ],
  "passes": []
}
  (Results)

  ΓöîΓöÇΓöÇΓöÇΓöÇΓöÇΓöÇΓöÇΓöÇΓöÇΓöÇΓöÇΓöÇΓöÇΓöÇΓöÇΓöÇΓöÇΓöÇΓöÇΓöÇΓöÇΓöÇΓöÇΓöÇΓöÇΓöÇΓöÇΓöÇΓöÇΓöÇΓöÇΓöÇΓöÇΓöÇΓöÇΓöÇΓöÇΓöÇΓöÇΓöÇΓöÇΓöÇΓöÇΓöÇΓöÇΓöÇΓöÇΓöÇΓöÇΓöÇΓöÇΓöÇΓöÇΓöÇΓöÇΓöÇΓöÇΓöÇΓöÇΓöÇΓöÇΓöÇΓöÇΓöÇΓöÇΓöÇΓöÇΓöÇΓöÇΓöÇΓöÇΓöÇΓöÇΓöÇΓöÇΓöÇΓöÇΓöÇΓöÇΓöÇΓöÇΓöÇΓöÇΓöÇΓöÇΓöÇΓöÇΓöÇΓöÇΓöÇΓöÇΓöÇΓöÇΓöÇΓöÇΓöÇΓöÉ
  Γöé Tests:        6                                                                                Γöé
  Γöé Passing:      0                                                                                Γöé
  Γöé Failing:      6                                                                                Γöé
  Γöé Pending:      0                                                                                Γöé
  Γöé Skipped:      0                                                                                Γöé
  Γöé Screenshots:  0                                                                                Γöé
  Γöé Video:        false                                                                            Γöé
  Γöé Duration:     52 seconds                                                                       Γöé
  Γöé Spec Ran:     UC10/manage-icd-10-codes.spec.ts                                                 Γöé
  ΓööΓöÇΓöÇΓöÇΓöÇΓöÇΓöÇΓöÇΓöÇΓöÇΓöÇΓöÇΓöÇΓöÇΓöÇΓöÇΓöÇΓöÇΓöÇΓöÇΓöÇΓöÇΓöÇΓöÇΓöÇΓöÇΓöÇΓöÇΓöÇΓöÇΓöÇΓöÇΓöÇΓöÇΓöÇΓöÇΓöÇΓöÇΓöÇΓöÇΓöÇΓöÇΓöÇΓöÇΓöÇΓöÇΓöÇΓöÇΓöÇΓöÇΓöÇΓöÇΓöÇΓöÇΓöÇΓöÇΓöÇΓöÇΓöÇΓöÇΓöÇΓöÇΓöÇΓöÇΓöÇΓöÇΓöÇΓöÇΓöÇΓöÇΓöÇΓöÇΓöÇΓöÇΓöÇΓöÇΓöÇΓöÇΓöÇΓöÇΓöÇΓöÇΓöÇΓöÇΓöÇΓöÇΓöÇΓöÇΓöÇΓöÇΓöÇΓöÇΓöÇΓöÇΓöÇΓöÇΓöÇΓöÿ


ΓöÇΓöÇΓöÇΓöÇΓöÇΓöÇΓöÇΓöÇΓöÇΓöÇΓöÇΓöÇΓöÇΓöÇΓöÇΓöÇΓöÇΓöÇΓöÇΓöÇΓöÇΓöÇΓöÇΓöÇΓöÇΓöÇΓöÇΓöÇΓöÇΓöÇΓöÇΓöÇΓöÇΓöÇΓöÇΓöÇΓöÇΓöÇΓöÇΓöÇΓöÇΓöÇΓöÇΓöÇΓöÇΓöÇΓöÇΓöÇΓöÇΓöÇΓöÇΓöÇΓöÇΓöÇΓöÇΓöÇΓöÇΓöÇΓöÇΓöÇΓöÇΓöÇΓöÇΓöÇΓöÇΓöÇΓöÇΓöÇΓöÇΓöÇΓöÇΓöÇΓöÇΓöÇΓöÇΓöÇΓöÇΓöÇΓöÇΓöÇΓöÇΓöÇΓöÇΓöÇΓöÇΓöÇΓöÇΓöÇΓöÇΓöÇΓöÇΓöÇΓöÇΓöÇΓöÇΓöÇΓöÇΓöÇΓöÇΓöÇ
                                                                                                    
  Running:  UC10/record-diagnosis.spec.ts                                                  (4 of 33)
{
  "stats": {
    "suites": 1,
    "tests": 5,
    "passes": 0,
    "pending": 0,
    "failures": 5,
    "start": "2026-09-10T10:30:58.093Z",
    "end": "2026-09-10T10:31:42.494Z",
    "duration": 44401
  },
  "tests": [
    {
      "title": "Successfully record a diagnosis with valid data",
      "fullTitle": "Record Diagnosis Successfully record a diagnosis with valid data",
      "file": null,
      "duration": 10430,
      "currentRetry": 0,
      "err": {
        "message": "Timed out retrying after 8050ms: `cy.check()` failed because this element is not visible:\n\n`<input type=\"radio\" ng-model=\"$parent.codeEntry\" id=\"A00\" name=\"Cholera\" ng-value=\"i\" required=\"true\" class=\"ng-pristine ng-untouched ng-empty ng-invalid ng-invalid-required\" value=\"[object Object]\">`\n\nThis element `<input#A00.ng-pristine.ng-untouched.ng-empty.ng-invalid.ng-invalid-required>` is not visible because its parent `<div.col-md-4.ng-hide>` has CSS property: `display: none`\n\nFix this problem, or use `{force: true}` to disable error checking.\n\nhttps://on.cypress.io/element-cannot-be-interacted-with",
        "name": "CypressError",
        "stack": "CypressError: Timed out retrying after 8050ms: `cy.check()` failed because this element is not visible:\n\n`<input type=\"radio\" ng-model=\"$parent.codeEntry\" id=\"A00\" name=\"Cholera\" ng-value=\"i\" required=\"true\" class=\"ng-pristine ng-untouched ng-empty ng-invalid ng-invalid-required\" value=\"[object Object]\">`\n\nThis element `<input#A00.ng-pristine.ng-untouched.ng-empty.ng-invalid.ng-invalid-required>` is not visible because its parent `<div.col-md-4.ng-hide>` has CSS property: `display: none`\n\nFix this problem, or use `{force: true}` to disable error checking.\n\nhttps://on.cypress.io/element-cannot-be-interacted-with\n    at runVisibilityCheck (http://127.0.0.1:8080/__cypress/runner/cypress_runner.js:153750:58)\n    at Object.isStrictlyVisible (http://127.0.0.1:8080/__cypress/runner/cypress_runner.js:153764:10)\n    at runAllChecks (http://127.0.0.1:8080/__cypress/runner/cypress_runner.js:114016:26)\n    at retryActionability (http://127.0.0.1:8080/__cypress/runner/cypress_runner.js:114085:16)\n    at tryCatcher (http://127.0.0.1:8080/__cypress/runner/cypress_runner.js:1780:23)\n    at Promise.attempt.Promise.try (http://127.0.0.1:8080/__cypress/runner/cypress_runner.js:4288:29)\n    at whenStable (http://127.0.0.1:8080/__cypress/runner/cypress_runner.js:152458:70)\n    at <unknown> (http://127.0.0.1:8080/__cypress/runner/cypress_runner.js:152358:14)\n    at tryCatcher (http://127.0.0.1:8080/__cypress/runner/cypress_runner.js:1780:23)\n    at Promise._settlePromiseFromHandler (http://127.0.0.1:8080/__cypress/runner/cypress_runner.js:1492:31)\n    at Promise._settlePromise (http://127.0.0.1:8080/__cypress/runner/cypress_runner.js:1549:18)\n    at Promise._settlePromise0 (http://127.0.0.1:8080/__cypress/runner/cypress_runner.js:1594:10)\n    at Promise._settlePromises (http://127.0.0.1:8080/__cypress/runner/cypress_runner.js:1674:18)\n    at Promise._fulfill (http://127.0.0.1:8080/__cypress/runner/cypress_runner.js:1618:18)\n    at <unknown> (http://127.0.0.1:8080/__cypress/runner/cypress_runner.js:5423:46)\nFrom Your Spec Code:\n    at Object.proxyGetter [as get] (http://127.0.0.1:8080/__cypress/runner/cypress_runner.js:81449:22)\n    at exists (http://127.0.0.1:8080/__cypress/runner/cypress_runner.js:151554:26)\n    at elExists (http://127.0.0.1:8080/__cypress/runner/cypress_runner.js:151569:10)\n    at ensureExistence (http://127.0.0.1:8080/__cypress/runner/cypress_runner.js:151750:22)\n    at onFailFn (http://127.0.0.1:8080/__cypress/runner/cypress_runner.js:151779:53)",
        "parsedStack": [
          {
            "message": "CypressError: Timed out retrying after 8050ms: `cy.check()` failed because this element is not visible:",
            "whitespace": ""
          },
          {
            "message": "",
            "whitespace": ""
          },
          {
            "message": "`<input type=\"radio\" ng-model=\"$parent.codeEntry\" id=\"A00\" name=\"Cholera\" ng-value=\"i\" required=\"true\" class=\"ng-pristine ng-untouched ng-empty ng-invalid ng-invalid-required\" value=\"[object Object]\">`",
            "whitespace": ""
          },
          {
            "message": "",
            "whitespace": ""
          },
          {
            "message": "This element `<input#A00.ng-pristine.ng-untouched.ng-empty.ng-invalid.ng-invalid-required>` is not visible because its parent `<div.col-md-4.ng-hide>` has CSS property: `display: none`",
            "whitespace": ""
          },
          {
            "message": "",
            "whitespace": ""
          },
          {
            "message": "Fix this problem, or use `{force: true}` to disable error checking.",
            "whitespace": ""
          },
          {
            "function": "runVisibilityCheck",
            "fileUrl": "http://127.0.0.1:8080/__cypress/runner/cypress_runner.js",
            "originalFile": "http://127.0.0.1:8080/__cypress/runner/cypress_runner.js",
            "line": 153750,
            "column": 58,
            "whitespace": "    "
          },
          {
            "function": "Object.isStrictlyVisible",
            "fileUrl": "http://127.0.0.1:8080/__cypress/runner/cypress_runner.js",
            "originalFile": "http://127.0.0.1:8080/__cypress/runner/cypress_runner.js",
            "line": 153764,
            "column": 10,
            "whitespace": "    "
          },
          {
            "function": "runAllChecks",
            "fileUrl": "http://127.0.0.1:8080/__cypress/runner/cypress_runner.js",
            "originalFile": "http://127.0.0.1:8080/__cypress/runner/cypress_runner.js",
            "line": 114016,
            "column": 26,
            "whitespace": "    "
          },
          {
            "function": "retryActionability",
            "fileUrl": "http://127.0.0.1:8080/__cypress/runner/cypress_runner.js",
            "originalFile": "http://127.0.0.1:8080/__cypress/runner/cypress_runner.js",
            "line": 114085,
            "column": 16,
            "whitespace": "    "
          },
          {
            "function": "tryCatcher",
            "fileUrl": "http://127.0.0.1:8080/__cypress/runner/cypress_runner.js",
            "originalFile": "http://127.0.0.1:8080/__cypress/runner/cypress_runner.js",
            "line": 1780,
            "column": 23,
            "whitespace": "    "
          },
          {
            "function": "Promise.attempt.Promise.try",
            "fileUrl": "http://127.0.0.1:8080/__cypress/runner/cypress_runner.js",
            "originalFile": "http://127.0.0.1:8080/__cypress/runner/cypress_runner.js",
            "line": 4288,
            "column": 29,
            "whitespace": "    "
          },
          {
            "function": "whenStable",
            "fileUrl": "http://127.0.0.1:8080/__cypress/runner/cypress_runner.js",
            "originalFile": "http://127.0.0.1:8080/__cypress/runner/cypress_runner.js",
            "line": 152458,
            "column": 70,
            "whitespace": "    "
          },
          {
            "function": "<unknown>",
            "fileUrl": "http://127.0.0.1:8080/__cypress/runner/cypress_runner.js",
            "originalFile": "http://127.0.0.1:8080/__cypress/runner/cypress_runner.js",
            "line": 152358,
            "column": 14,
            "whitespace": "    "
          },
          {
            "function": "tryCatcher",
            "fileUrl": "http://127.0.0.1:8080/__cypress/runner/cypress_runner.js",
            "originalFile": "http://127.0.0.1:8080/__cypress/runner/cypress_runner.js",
            "line": 1780,
            "column": 23,
            "whitespace": "    "
          },
          {
            "function": "Promise._settlePromiseFromHandler",
            "fileUrl": "http://127.0.0.1:8080/__cypress/runner/cypress_runner.js",
            "originalFile": "http://127.0.0.1:8080/__cypress/runner/cypress_runner.js",
            "line": 1492,
            "column": 31,
            "whitespace": "    "
          },
          {
            "function": "Promise._settlePromise",
            "fileUrl": "http://127.0.0.1:8080/__cypress/runner/cypress_runner.js",
            "originalFile": "http://127.0.0.1:8080/__cypress/runner/cypress_runner.js",
            "line": 1549,
            "column": 18,
            "whitespace": "    "
          },
          {
            "function": "Promise._settlePromise0",
            "fileUrl": "http://127.0.0.1:8080/__cypress/runner/cypress_runner.js",
            "originalFile": "http://127.0.0.1:8080/__cypress/runner/cypress_runner.js",
            "line": 1594,
            "column": 10,
            "whitespace": "    "
          },
          {
            "function": "Promise._settlePromises",
            "fileUrl": "http://127.0.0.1:8080/__cypress/runner/cypress_runner.js",
            "originalFile": "http://127.0.0.1:8080/__cypress/runner/cypress_runner.js",
            "line": 1674,
            "column": 18,
            "whitespace": "    "
          },
          {
            "function": "Promise._fulfill",
            "fileUrl": "http://127.0.0.1:8080/__cypress/runner/cypress_runner.js",
            "originalFile": "http://127.0.0.1:8080/__cypress/runner/cypress_runner.js",
            "line": 1618,
            "column": 18,
            "whitespace": "    "
          },
          {
            "function": "<unknown>",
            "fileUrl": "http://127.0.0.1:8080/__cypress/runner/cypress_runner.js",
            "originalFile": "http://127.0.0.1:8080/__cypress/runner/cypress_runner.js",
            "line": 5423,
            "column": 46,
            "whitespace": "    "
          },
          {
            "message": "From Your Spec Code:",
            "whitespace": ""
          },
          {
            "function": "Object.proxyGetter [as get]",
            "fileUrl": "http://127.0.0.1:8080/__cypress/runner/cypress_runner.js",
            "originalFile": "http://127.0.0.1:8080/__cypress/runner/cypress_runner.js",
            "line": 81449,
            "column": 22,
            "whitespace": "    "
          },
          {
            "function": "exists",
            "fileUrl": "http://127.0.0.1:8080/__cypress/runner/cypress_runner.js",
            "originalFile": "http://127.0.0.1:8080/__cypress/runner/cypress_runner.js",
            "line": 151554,
            "column": 26,
            "whitespace": "    "
          },
          {
            "function": "elExists",
            "fileUrl": "http://127.0.0.1:8080/__cypress/runner/cypress_runner.js",
            "originalFile": "http://127.0.0.1:8080/__cypress/runner/cypress_runner.js",
            "line": 151569,
            "column": 10,
            "whitespace": "    "
          },
          {
            "function": "ensureExistence",
            "fileUrl": "http://127.0.0.1:8080/__cypress/runner/cypress_runner.js",
            "originalFile": "http://127.0.0.1:8080/__cypress/runner/cypress_runner.js",
            "line": 151750,
            "column": 22,
            "whitespace": "    "
          },
          {
            "function": "onFailFn",
            "fileUrl": "http://127.0.0.1:8080/__cypress/runner/cypress_runner.js",
            "originalFile": "http://127.0.0.1:8080/__cypress/runner/cypress_runner.js",
            "line": 151779,
            "column": 53,
            "whitespace": "    "
          }
        ]
      }
    },
    {
      "title": "Attempt to record a diagnosis with notes exceeding character limit",
      "fullTitle": "Record Diagnosis Attempt to record a diagnosis with notes exceeding character limit",
      "file": null,
      "duration": 8309,
      "currentRetry": 0,
      "err": {
        "message": "Timed out retrying after 8050ms: `cy.check()` failed because this element is not visible:\n\n`<input type=\"radio\" ng-model=\"$parent.codeEntry\" id=\"A00\" name=\"Cholera\" ng-value=\"i\" required=\"true\" class=\"ng-pristine ng-untouched ng-empty ng-invalid ng-invalid-required\" value=\"[object Object]\">`\n\nThis element `<input#A00.ng-pristine.ng-untouched.ng-empty.ng-invalid.ng-invalid-required>` is not visible because its parent `<div.col-md-4.ng-hide>` has CSS property: `display: none`\n\nFix this problem, or use `{force: true}` to disable error checking.\n\nhttps://on.cypress.io/element-cannot-be-interacted-with",
        "name": "CypressError",
        "stack": "CypressError: Timed out retrying after 8050ms: `cy.check()` failed because this element is not visible:\n\n`<input type=\"radio\" ng-model=\"$parent.codeEntry\" id=\"A00\" name=\"Cholera\" ng-value=\"i\" required=\"true\" class=\"ng-pristine ng-untouched ng-empty ng-invalid ng-invalid-required\" value=\"[object Object]\">`\n\nThis element `<input#A00.ng-pristine.ng-untouched.ng-empty.ng-invalid.ng-invalid-required>` is not visible because its parent `<div.col-md-4.ng-hide>` has CSS property: `display: none`\n\nFix this problem, or use `{force: true}` to disable error checking.\n\nhttps://on.cypress.io/element-cannot-be-interacted-with\n    at runVisibilityCheck (http://127.0.0.1:8080/__cypress/runner/cypress_runner.js:153750:58)\n    at Object.isStrictlyVisible (http://127.0.0.1:8080/__cypress/runner/cypress_runner.js:153764:10)\n    at runAllChecks (http://127.0.0.1:8080/__cypress/runner/cypress_runner.js:114016:26)\n    at retryActionability (http://127.0.0.1:8080/__cypress/runner/cypress_runner.js:114085:16)\n    at tryCatcher (http://127.0.0.1:8080/__cypress/runner/cypress_runner.js:1780:23)\n    at Promise.attempt.Promise.try (http://127.0.0.1:8080/__cypress/runner/cypress_runner.js:4288:29)\n    at whenStable (http://127.0.0.1:8080/__cypress/runner/cypress_runner.js:152458:70)\n    at <unknown> (http://127.0.0.1:8080/__cypress/runner/cypress_runner.js:152358:14)\n    at tryCatcher (http://127.0.0.1:8080/__cypress/runner/cypress_runner.js:1780:23)\n    at Promise._settlePromiseFromHandler (http://127.0.0.1:8080/__cypress/runner/cypress_runner.js:1492:31)\n    at Promise._settlePromise (http://127.0.0.1:8080/__cypress/runner/cypress_runner.js:1549:18)\n    at Promise._settlePromise0 (http://127.0.0.1:8080/__cypress/runner/cypress_runner.js:1594:10)\n    at Promise._settlePromises (http://127.0.0.1:8080/__cypress/runner/cypress_runner.js:1674:18)\n    at Promise._fulfill (http://127.0.0.1:8080/__cypress/runner/cypress_runner.js:1618:18)\n    at <unknown> (http://127.0.0.1:8080/__cypress/runner/cypress_runner.js:5423:46)\nFrom Your Spec Code:\n    at Object.proxyGetter [as get] (http://127.0.0.1:8080/__cypress/runner/cypress_runner.js:81449:22)\n    at exists (http://127.0.0.1:8080/__cypress/runner/cypress_runner.js:151554:26)\n    at elExists (http://127.0.0.1:8080/__cypress/runner/cypress_runner.js:151569:10)\n    at ensureExistence (http://127.0.0.1:8080/__cypress/runner/cypress_runner.js:151750:22)\n    at onFailFn (http://127.0.0.1:8080/__cypress/runner/cypress_runner.js:151779:53)",
        "parsedStack": [
          {
            "message": "CypressError: Timed out retrying after 8050ms: `cy.check()` failed because this element is not visible:",
            "whitespace": ""
          },
          {
            "message": "",
            "whitespace": ""
          },
          {
            "message": "`<input type=\"radio\" ng-model=\"$parent.codeEntry\" id=\"A00\" name=\"Cholera\" ng-value=\"i\" required=\"true\" class=\"ng-pristine ng-untouched ng-empty ng-invalid ng-invalid-required\" value=\"[object Object]\">`",
            "whitespace": ""
          },
          {
            "message": "",
            "whitespace": ""
          },
          {
            "message": "This element `<input#A00.ng-pristine.ng-untouched.ng-empty.ng-invalid.ng-invalid-required>` is not visible because its parent `<div.col-md-4.ng-hide>` has CSS property: `display: none`",
            "whitespace": ""
          },
          {
            "message": "",
            "whitespace": ""
          },
          {
            "message": "Fix this problem, or use `{force: true}` to disable error checking.",
            "whitespace": ""
          },
          {
            "function": "runVisibilityCheck",
            "fileUrl": "http://127.0.0.1:8080/__cypress/runner/cypress_runner.js",
            "originalFile": "http://127.0.0.1:8080/__cypress/runner/cypress_runner.js",
            "line": 153750,
            "column": 58,
            "whitespace": "    "
          },
          {
            "function": "Object.isStrictlyVisible",
            "fileUrl": "http://127.0.0.1:8080/__cypress/runner/cypress_runner.js",
            "originalFile": "http://127.0.0.1:8080/__cypress/runner/cypress_runner.js",
            "line": 153764,
            "column": 10,
            "whitespace": "    "
          },
          {
            "function": "runAllChecks",
            "fileUrl": "http://127.0.0.1:8080/__cypress/runner/cypress_runner.js",
            "originalFile": "http://127.0.0.1:8080/__cypress/runner/cypress_runner.js",
            "line": 114016,
            "column": 26,
            "whitespace": "    "
          },
          {
            "function": "retryActionability",
            "fileUrl": "http://127.0.0.1:8080/__cypress/runner/cypress_runner.js",
            "originalFile": "http://127.0.0.1:8080/__cypress/runner/cypress_runner.js",
            "line": 114085,
            "column": 16,
            "whitespace": "    "
          },
          {
            "function": "tryCatcher",
            "fileUrl": "http://127.0.0.1:8080/__cypress/runner/cypress_runner.js",
            "originalFile": "http://127.0.0.1:8080/__cypress/runner/cypress_runner.js",
            "line": 1780,
            "column": 23,
            "whitespace": "    "
          },
          {
            "function": "Promise.attempt.Promise.try",
            "fileUrl": "http://127.0.0.1:8080/__cypress/runner/cypress_runner.js",
            "originalFile": "http://127.0.0.1:8080/__cypress/runner/cypress_runner.js",
            "line": 4288,
            "column": 29,
            "whitespace": "    "
          },
          {
            "function": "whenStable",
            "fileUrl": "http://127.0.0.1:8080/__cypress/runner/cypress_runner.js",
            "originalFile": "http://127.0.0.1:8080/__cypress/runner/cypress_runner.js",
            "line": 152458,
            "column": 70,
            "whitespace": "    "
          },
          {
            "function": "<unknown>",
            "fileUrl": "http://127.0.0.1:8080/__cypress/runner/cypress_runner.js",
            "originalFile": "http://127.0.0.1:8080/__cypress/runner/cypress_runner.js",
            "line": 152358,
            "column": 14,
            "whitespace": "    "
          },
          {
            "function": "tryCatcher",
            "fileUrl": "http://127.0.0.1:8080/__cypress/runner/cypress_runner.js",
            "originalFile": "http://127.0.0.1:8080/__cypress/runner/cypress_runner.js",
            "line": 1780,
            "column": 23,
            "whitespace": "    "
          },
          {
            "function": "Promise._settlePromiseFromHandler",
            "fileUrl": "http://127.0.0.1:8080/__cypress/runner/cypress_runner.js",
            "originalFile": "http://127.0.0.1:8080/__cypress/runner/cypress_runner.js",
            "line": 1492,
            "column": 31,
            "whitespace": "    "
          },
          {
            "function": "Promise._settlePromise",
            "fileUrl": "http://127.0.0.1:8080/__cypress/runner/cypress_runner.js",
            "originalFile": "http://127.0.0.1:8080/__cypress/runner/cypress_runner.js",
            "line": 1549,
            "column": 18,
            "whitespace": "    "
          },
          {
            "function": "Promise._settlePromise0",
            "fileUrl": "http://127.0.0.1:8080/__cypress/runner/cypress_runner.js",
            "originalFile": "http://127.0.0.1:8080/__cypress/runner/cypress_runner.js",
            "line": 1594,
            "column": 10,
            "whitespace": "    "
          },
          {
            "function": "Promise._settlePromises",
            "fileUrl": "http://127.0.0.1:8080/__cypress/runner/cypress_runner.js",
            "originalFile": "http://127.0.0.1:8080/__cypress/runner/cypress_runner.js",
            "line": 1674,
            "column": 18,
            "whitespace": "    "
          },
          {
            "function": "Promise._fulfill",
            "fileUrl": "http://127.0.0.1:8080/__cypress/runner/cypress_runner.js",
            "originalFile": "http://127.0.0.1:8080/__cypress/runner/cypress_runner.js",
            "line": 1618,
            "column": 18,
            "whitespace": "    "
          },
          {
            "function": "<unknown>",
            "fileUrl": "http://127.0.0.1:8080/__cypress/runner/cypress_runner.js",
            "originalFile": "http://127.0.0.1:8080/__cypress/runner/cypress_runner.js",
            "line": 5423,
            "column": 46,
            "whitespace": "    "
          },
          {
            "message": "From Your Spec Code:",
            "whitespace": ""
          },
          {
            "function": "Object.proxyGetter [as get]",
            "fileUrl": "http://127.0.0.1:8080/__cypress/runner/cypress_runner.js",
            "originalFile": "http://127.0.0.1:8080/__cypress/runner/cypress_runner.js",
            "line": 81449,
            "column": 22,
            "whitespace": "    "
          },
          {
            "function": "exists",
            "fileUrl": "http://127.0.0.1:8080/__cypress/runner/cypress_runner.js",
            "originalFile": "http://127.0.0.1:8080/__cypress/runner/cypress_runner.js",
            "line": 151554,
            "column": 26,
            "whitespace": "    "
          },
          {
            "function": "elExists",
            "fileUrl": "http://127.0.0.1:8080/__cypress/runner/cypress_runner.js",
            "originalFile": "http://127.0.0.1:8080/__cypress/runner/cypress_runner.js",
            "line": 151569,
            "column": 10,
            "whitespace": "    "
          },
          {
            "function": "ensureExistence",
            "fileUrl": "http://127.0.0.1:8080/__cypress/runner/cypress_runner.js",
            "originalFile": "http://127.0.0.1:8080/__cypress/runner/cypress_runner.js",
            "line": 151750,
            "column": 22,
            "whitespace": "    "
          },
          {
            "function": "onFailFn",
            "fileUrl": "http://127.0.0.1:8080/__cypress/runner/cypress_runner.js",
            "originalFile": "http://127.0.0.1:8080/__cypress/runner/cypress_runner.js",
            "line": 151779,
            "column": 53,
            "whitespace": "    "
          }
        ]
      }
    },
    {
      "title": "Attempt to record a diagnosis without selecting a diagnosis",
      "fullTitle": "Record Diagnosis Attempt to record a diagnosis without selecting a diagnosis",
      "file": null,
      "duration": 8394,
      "currentRetry": 0,
      "err": {
        "message": "Timed out retrying after 8000ms: Expected to find element: `input[name=\"hcpName\"]`, but never found it.",
        "type": "existence",
        "name": "AssertionError",
        "stack": "AssertionError: Timed out retrying after 8000ms: Expected to find element: `input[name=\"hcpName\"]`, but never found it.\n    at Context.eval (webpack://itrust2-acceptance-tests/./outputs/autouat/UC10/record-diagnosis.spec.ts:58:7)",
        "parsedStack": [
          {
            "message": "AssertionError: Timed out retrying after 8000ms: Expected to find element: `input[name=\"hcpName\"]`, but never found it.",
            "whitespace": ""
          },
          {
            "function": "Context.eval",
            "fileUrl": "http://127.0.0.1:8080/__cypress/tests?p=outputs\\autouat\\UC10\\record-diagnosis.spec.ts",
            "originalFile": "webpack://itrust2-acceptance-tests/./outputs/autouat/UC10/record-diagnosis.spec.ts",
            "relativeFile": "outputs/autouat/UC10/record-diagnosis.spec.ts",
            "absoluteFile": "D:\\APCS\\Acceptance/outputs/autouat/UC10/record-diagnosis.spec.ts",
            "line": 58,
            "column": 7,
            "whitespace": "    "
          }
        ],
        "codeFrame": {
          "line": 58,
          "column": 8,
          "originalFile": "outputs/autouat/UC10/record-diagnosis.spec.ts",
          "relativeFile": "outputs/autouat/UC10/record-diagnosis.spec.ts",
          "absoluteFile": "D:\\APCS\\Acceptance/outputs/autouat/UC10/record-diagnosis.spec.ts",
          "frame": "  56 |     \n  57 |     // Enter the HCP name\n> 58 |     cy.get('input[name=\"hcpName\"]').type('Dr. Smith');\n     |        ^\n  59 |     \n  60 |     // Enter notes\n  61 |     cy.get('input[name=\"notesEntry\"]').type('Patient shows symptoms consistent with cholera.');",
          "language": "ts"
        }
      }
    },
    {
      "title": "Attempt to record a diagnosis with an invalid date format",
      "fullTitle": "Record Diagnosis Attempt to record a diagnosis with an invalid date format",
      "file": null,
      "duration": 8348,
      "currentRetry": 0,
      "err": {
        "message": "Timed out retrying after 8050ms: `cy.check()` failed because this element is not visible:\n\n`<input type=\"radio\" ng-model=\"$parent.codeEntry\" id=\"A00\" name=\"Cholera\" ng-value=\"i\" required=\"true\" class=\"ng-pristine ng-untouched ng-empty ng-invalid ng-invalid-required\" value=\"[object Object]\">`\n\nThis element `<input#A00.ng-pristine.ng-untouched.ng-empty.ng-invalid.ng-invalid-required>` is not visible because its parent `<div.col-md-4.ng-hide>` has CSS property: `display: none`\n\nFix this problem, or use `{force: true}` to disable error checking.\n\nhttps://on.cypress.io/element-cannot-be-interacted-with",
        "name": "CypressError",
        "stack": "CypressError: Timed out retrying after 8050ms: `cy.check()` failed because this element is not visible:\n\n`<input type=\"radio\" ng-model=\"$parent.codeEntry\" id=\"A00\" name=\"Cholera\" ng-value=\"i\" required=\"true\" class=\"ng-pristine ng-untouched ng-empty ng-invalid ng-invalid-required\" value=\"[object Object]\">`\n\nThis element `<input#A00.ng-pristine.ng-untouched.ng-empty.ng-invalid.ng-invalid-required>` is not visible because its parent `<div.col-md-4.ng-hide>` has CSS property: `display: none`\n\nFix this problem, or use `{force: true}` to disable error checking.\n\nhttps://on.cypress.io/element-cannot-be-interacted-with\n    at runVisibilityCheck (http://127.0.0.1:8080/__cypress/runner/cypress_runner.js:153750:58)\n    at Object.isStrictlyVisible (http://127.0.0.1:8080/__cypress/runner/cypress_runner.js:153764:10)\n    at runAllChecks (http://127.0.0.1:8080/__cypress/runner/cypress_runner.js:114016:26)\n    at retryActionability (http://127.0.0.1:8080/__cypress/runner/cypress_runner.js:114085:16)\n    at tryCatcher (http://127.0.0.1:8080/__cypress/runner/cypress_runner.js:1780:23)\n    at Promise.attempt.Promise.try (http://127.0.0.1:8080/__cypress/runner/cypress_runner.js:4288:29)\n    at whenStable (http://127.0.0.1:8080/__cypress/runner/cypress_runner.js:152458:70)\n    at <unknown> (http://127.0.0.1:8080/__cypress/runner/cypress_runner.js:152358:14)\n    at tryCatcher (http://127.0.0.1:8080/__cypress/runner/cypress_runner.js:1780:23)\n    at Promise._settlePromiseFromHandler (http://127.0.0.1:8080/__cypress/runner/cypress_runner.js:1492:31)\n    at Promise._settlePromise (http://127.0.0.1:8080/__cypress/runner/cypress_runner.js:1549:18)\n    at Promise._settlePromise0 (http://127.0.0.1:8080/__cypress/runner/cypress_runner.js:1594:10)\n    at Promise._settlePromises (http://127.0.0.1:8080/__cypress/runner/cypress_runner.js:1674:18)\n    at Promise._fulfill (http://127.0.0.1:8080/__cypress/runner/cypress_runner.js:1618:18)\n    at <unknown> (http://127.0.0.1:8080/__cypress/runner/cypress_runner.js:5423:46)\nFrom Your Spec Code:\n    at Object.proxyGetter [as get] (http://127.0.0.1:8080/__cypress/runner/cypress_runner.js:81449:22)\n    at exists (http://127.0.0.1:8080/__cypress/runner/cypress_runner.js:151554:26)\n    at elExists (http://127.0.0.1:8080/__cypress/runner/cypress_runner.js:151569:10)\n    at ensureExistence (http://127.0.0.1:8080/__cypress/runner/cypress_runner.js:151750:22)\n    at onFailFn (http://127.0.0.1:8080/__cypress/runner/cypress_runner.js:151779:53)",
        "parsedStack": [
          {
            "message": "CypressError: Timed out retrying after 8050ms: `cy.check()` failed because this element is not visible:",
            "whitespace": ""
          },
          {
            "message": "",
            "whitespace": ""
          },
          {
            "message": "`<input type=\"radio\" ng-model=\"$parent.codeEntry\" id=\"A00\" name=\"Cholera\" ng-value=\"i\" required=\"true\" class=\"ng-pristine ng-untouched ng-empty ng-invalid ng-invalid-required\" value=\"[object Object]\">`",
            "whitespace": ""
          },
          {
            "message": "",
            "whitespace": ""
          },
          {
            "message": "This element `<input#A00.ng-pristine.ng-untouched.ng-empty.ng-invalid.ng-invalid-required>` is not visible because its parent `<div.col-md-4.ng-hide>` has CSS property: `display: none`",
            "whitespace": ""
          },
          {
            "message": "",
            "whitespace": ""
          },
          {
            "message": "Fix this problem, or use `{force: true}` to disable error checking.",
            "whitespace": ""
          },
          {
            "function": "runVisibilityCheck",
            "fileUrl": "http://127.0.0.1:8080/__cypress/runner/cypress_runner.js",
            "originalFile": "http://127.0.0.1:8080/__cypress/runner/cypress_runner.js",
            "line": 153750,
            "column": 58,
            "whitespace": "    "
          },
          {
            "function": "Object.isStrictlyVisible",
            "fileUrl": "http://127.0.0.1:8080/__cypress/runner/cypress_runner.js",
            "originalFile": "http://127.0.0.1:8080/__cypress/runner/cypress_runner.js",
            "line": 153764,
            "column": 10,
            "whitespace": "    "
          },
          {
            "function": "runAllChecks",
            "fileUrl": "http://127.0.0.1:8080/__cypress/runner/cypress_runner.js",
            "originalFile": "http://127.0.0.1:8080/__cypress/runner/cypress_runner.js",
            "line": 114016,
            "column": 26,
            "whitespace": "    "
          },
          {
            "function": "retryActionability",
            "fileUrl": "http://127.0.0.1:8080/__cypress/runner/cypress_runner.js",
            "originalFile": "http://127.0.0.1:8080/__cypress/runner/cypress_runner.js",
            "line": 114085,
            "column": 16,
            "whitespace": "    "
          },
          {
            "function": "tryCatcher",
            "fileUrl": "http://127.0.0.1:8080/__cypress/runner/cypress_runner.js",
            "originalFile": "http://127.0.0.1:8080/__cypress/runner/cypress_runner.js",
            "line": 1780,
            "column": 23,
            "whitespace": "    "
          },
          {
            "function": "Promise.attempt.Promise.try",
            "fileUrl": "http://127.0.0.1:8080/__cypress/runner/cypress_runner.js",
            "originalFile": "http://127.0.0.1:8080/__cypress/runner/cypress_runner.js",
            "line": 4288,
            "column": 29,
            "whitespace": "    "
          },
          {
            "function": "whenStable",
            "fileUrl": "http://127.0.0.1:8080/__cypress/runner/cypress_runner.js",
            "originalFile": "http://127.0.0.1:8080/__cypress/runner/cypress_runner.js",
            "line": 152458,
            "column": 70,
            "whitespace": "    "
          },
          {
            "function": "<unknown>",
            "fileUrl": "http://127.0.0.1:8080/__cypress/runner/cypress_runner.js",
            "originalFile": "http://127.0.0.1:8080/__cypress/runner/cypress_runner.js",
            "line": 152358,
            "column": 14,
            "whitespace": "    "
          },
          {
            "function": "tryCatcher",
            "fileUrl": "http://127.0.0.1:8080/__cypress/runner/cypress_runner.js",
            "originalFile": "http://127.0.0.1:8080/__cypress/runner/cypress_runner.js",
            "line": 1780,
            "column": 23,
            "whitespace": "    "
          },
          {
            "function": "Promise._settlePromiseFromHandler",
            "fileUrl": "http://127.0.0.1:8080/__cypress/runner/cypress_runner.js",
            "originalFile": "http://127.0.0.1:8080/__cypress/runner/cypress_runner.js",
            "line": 1492,
            "column": 31,
            "whitespace": "    "
          },
          {
            "function": "Promise._settlePromise",
            "fileUrl": "http://127.0.0.1:8080/__cypress/runner/cypress_runner.js",
            "originalFile": "http://127.0.0.1:8080/__cypress/runner/cypress_runner.js",
            "line": 1549,
            "column": 18,
            "whitespace": "    "
          },
          {
            "function": "Promise._settlePromise0",
            "fileUrl": "http://127.0.0.1:8080/__cypress/runner/cypress_runner.js",
            "originalFile": "http://127.0.0.1:8080/__cypress/runner/cypress_runner.js",
            "line": 1594,
            "column": 10,
            "whitespace": "    "
          },
          {
            "function": "Promise._settlePromises",
            "fileUrl": "http://127.0.0.1:8080/__cypress/runner/cypress_runner.js",
            "originalFile": "http://127.0.0.1:8080/__cypress/runner/cypress_runner.js",
            "line": 1674,
            "column": 18,
            "whitespace": "    "
          },
          {
            "function": "Promise._fulfill",
            "fileUrl": "http://127.0.0.1:8080/__cypress/runner/cypress_runner.js",
            "originalFile": "http://127.0.0.1:8080/__cypress/runner/cypress_runner.js",
            "line": 1618,
            "column": 18,
            "whitespace": "    "
          },
          {
            "function": "<unknown>",
            "fileUrl": "http://127.0.0.1:8080/__cypress/runner/cypress_runner.js",
            "originalFile": "http://127.0.0.1:8080/__cypress/runner/cypress_runner.js",
            "line": 5423,
            "column": 46,
            "whitespace": "    "
          },
          {
            "message": "From Your Spec Code:",
            "whitespace": ""
          },
          {
            "function": "Object.proxyGetter [as get]",
            "fileUrl": "http://127.0.0.1:8080/__cypress/runner/cypress_runner.js",
            "originalFile": "http://127.0.0.1:8080/__cypress/runner/cypress_runner.js",
            "line": 81449,
            "column": 22,
            "whitespace": "    "
          },
          {
            "function": "exists",
            "fileUrl": "http://127.0.0.1:8080/__cypress/runner/cypress_runner.js",
            "originalFile": "http://127.0.0.1:8080/__cypress/runner/cypress_runner.js",
            "line": 151554,
            "column": 26,
            "whitespace": "    "
          },
          {
            "function": "elExists",
            "fileUrl": "http://127.0.0.1:8080/__cypress/runner/cypress_runner.js",
            "originalFile": "http://127.0.0.1:8080/__cypress/runner/cypress_runner.js",
            "line": 151569,
            "column": 10,
            "whitespace": "    "
          },
          {
            "function": "ensureExistence",
            "fileUrl": "http://127.0.0.1:8080/__cypress/runner/cypress_runner.js",
            "originalFile": "http://127.0.0.1:8080/__cypress/runner/cypress_runner.js",
            "line": 151750,
            "column": 22,
            "whitespace": "    "
          },
          {
            "function": "onFailFn",
            "fileUrl": "http://127.0.0.1:8080/__cypress/runner/cypress_runner.js",
            "originalFile": "http://127.0.0.1:8080/__cypress/runner/cypress_runner.js",
            "line": 151779,
            "column": 53,
            "whitespace": "    "
          }
        ]
      }
    },
    {
      "title": "Attempt to record a diagnosis without entering HCP name",
      "fullTitle": "Record Diagnosis Attempt to record a diagnosis without entering HCP name",
      "file": null,
      "duration": 8697,
      "currentRetry": 0,
      "err": {
        "message": "Timed out retrying after 8050ms: `cy.check()` failed because this element is not visible:\n\n`<input type=\"radio\" ng-model=\"$parent.codeEntry\" id=\"A00\" name=\"Cholera\" ng-value=\"i\" required=\"true\" class=\"ng-pristine ng-untouched ng-empty ng-invalid ng-invalid-required\" value=\"[object Object]\">`\n\nThis element `<input#A00.ng-pristine.ng-untouched.ng-empty.ng-invalid.ng-invalid-required>` is not visible because its parent `<div.col-md-4.ng-hide>` has CSS property: `display: none`\n\nFix this problem, or use `{force: true}` to disable error checking.\n\nhttps://on.cypress.io/element-cannot-be-interacted-with",
        "name": "CypressError",
        "stack": "CypressError: Timed out retrying after 8050ms: `cy.check()` failed because this element is not visible:\n\n`<input type=\"radio\" ng-model=\"$parent.codeEntry\" id=\"A00\" name=\"Cholera\" ng-value=\"i\" required=\"true\" class=\"ng-pristine ng-untouched ng-empty ng-invalid ng-invalid-required\" value=\"[object Object]\">`\n\nThis element `<input#A00.ng-pristine.ng-untouched.ng-empty.ng-invalid.ng-invalid-required>` is not visible because its parent `<div.col-md-4.ng-hide>` has CSS property: `display: none`\n\nFix this problem, or use `{force: true}` to disable error checking.\n\nhttps://on.cypress.io/element-cannot-be-interacted-with\n    at runVisibilityCheck (http://127.0.0.1:8080/__cypress/runner/cypress_runner.js:153750:58)\n    at Object.isStrictlyVisible (http://127.0.0.1:8080/__cypress/runner/cypress_runner.js:153764:10)\n    at runAllChecks (http://127.0.0.1:8080/__cypress/runner/cypress_runner.js:114016:26)\n    at retryActionability (http://127.0.0.1:8080/__cypress/runner/cypress_runner.js:114085:16)\n    at tryCatcher (http://127.0.0.1:8080/__cypress/runner/cypress_runner.js:1780:23)\n    at Promise.attempt.Promise.try (http://127.0.0.1:8080/__cypress/runner/cypress_runner.js:4288:29)\n    at whenStable (http://127.0.0.1:8080/__cypress/runner/cypress_runner.js:152458:70)\n    at <unknown> (http://127.0.0.1:8080/__cypress/runner/cypress_runner.js:152358:14)\n    at tryCatcher (http://127.0.0.1:8080/__cypress/runner/cypress_runner.js:1780:23)\n    at Promise._settlePromiseFromHandler (http://127.0.0.1:8080/__cypress/runner/cypress_runner.js:1492:31)\n    at Promise._settlePromise (http://127.0.0.1:8080/__cypress/runner/cypress_runner.js:1549:18)\n    at Promise._settlePromise0 (http://127.0.0.1:8080/__cypress/runner/cypress_runner.js:1594:10)\n    at Promise._settlePromises (http://127.0.0.1:8080/__cypress/runner/cypress_runner.js:1674:18)\n    at Promise._fulfill (http://127.0.0.1:8080/__cypress/runner/cypress_runner.js:1618:18)\n    at <unknown> (http://127.0.0.1:8080/__cypress/runner/cypress_runner.js:5423:46)\nFrom Your Spec Code:\n    at Object.proxyGetter [as get] (http://127.0.0.1:8080/__cypress/runner/cypress_runner.js:81449:22)\n    at exists (http://127.0.0.1:8080/__cypress/runner/cypress_runner.js:151554:26)\n    at elExists (http://127.0.0.1:8080/__cypress/runner/cypress_runner.js:151569:10)\n    at ensureExistence (http://127.0.0.1:8080/__cypress/runner/cypress_runner.js:151750:22)\n    at onFailFn (http://127.0.0.1:8080/__cypress/runner/cypress_runner.js:151779:53)",
        "parsedStack": [
          {
            "message": "CypressError: Timed out retrying after 8050ms: `cy.check()` failed because this element is not visible:",
            "whitespace": ""
          },
          {
            "message": "",
            "whitespace": ""
          },
          {
            "message": "`<input type=\"radio\" ng-model=\"$parent.codeEntry\" id=\"A00\" name=\"Cholera\" ng-value=\"i\" required=\"true\" class=\"ng-pristine ng-untouched ng-empty ng-invalid ng-invalid-required\" value=\"[object Object]\">`",
            "whitespace": ""
          },
          {
            "message": "",
            "whitespace": ""
          },
          {
            "message": "This element `<input#A00.ng-pristine.ng-untouched.ng-empty.ng-invalid.ng-invalid-required>` is not visible because its parent `<div.col-md-4.ng-hide>` has CSS property: `display: none`",
            "whitespace": ""
          },
          {
            "message": "",
            "whitespace": ""
          },
          {
            "message": "Fix this problem, or use `{force: true}` to disable error checking.",
            "whitespace": ""
          },
          {
            "function": "runVisibilityCheck",
            "fileUrl": "http://127.0.0.1:8080/__cypress/runner/cypress_runner.js",
            "originalFile": "http://127.0.0.1:8080/__cypress/runner/cypress_runner.js",
            "line": 153750,
            "column": 58,
            "whitespace": "    "
          },
          {
            "function": "Object.isStrictlyVisible",
            "fileUrl": "http://127.0.0.1:8080/__cypress/runner/cypress_runner.js",
            "originalFile": "http://127.0.0.1:8080/__cypress/runner/cypress_runner.js",
            "line": 153764,
            "column": 10,
            "whitespace": "    "
          },
          {
            "function": "runAllChecks",
            "fileUrl": "http://127.0.0.1:8080/__cypress/runner/cypress_runner.js",
            "originalFile": "http://127.0.0.1:8080/__cypress/runner/cypress_runner.js",
            "line": 114016,
            "column": 26,
            "whitespace": "    "
          },
          {
            "function": "retryActionability",
            "fileUrl": "http://127.0.0.1:8080/__cypress/runner/cypress_runner.js",
            "originalFile": "http://127.0.0.1:8080/__cypress/runner/cypress_runner.js",
            "line": 114085,
            "column": 16,
            "whitespace": "    "
          },
          {
            "function": "tryCatcher",
            "fileUrl": "http://127.0.0.1:8080/__cypress/runner/cypress_runner.js",
            "originalFile": "http://127.0.0.1:8080/__cypress/runner/cypress_runner.js",
            "line": 1780,
            "column": 23,
            "whitespace": "    "
          },
          {
            "function": "Promise.attempt.Promise.try",
            "fileUrl": "http://127.0.0.1:8080/__cypress/runner/cypress_runner.js",
            "originalFile": "http://127.0.0.1:8080/__cypress/runner/cypress_runner.js",
            "line": 4288,
            "column": 29,
            "whitespace": "    "
          },
          {
            "function": "whenStable",
            "fileUrl": "http://127.0.0.1:8080/__cypress/runner/cypress_runner.js",
            "originalFile": "http://127.0.0.1:8080/__cypress/runner/cypress_runner.js",
            "line": 152458,
            "column": 70,
            "whitespace": "    "
          },
          {
            "function": "<unknown>",
            "fileUrl": "http://127.0.0.1:8080/__cypress/runner/cypress_runner.js",
            "originalFile": "http://127.0.0.1:8080/__cypress/runner/cypress_runner.js",
            "line": 152358,
            "column": 14,
            "whitespace": "    "
          },
          {
            "function": "tryCatcher",
            "fileUrl": "http://127.0.0.1:8080/__cypress/runner/cypress_runner.js",
            "originalFile": "http://127.0.0.1:8080/__cypress/runner/cypress_runner.js",
            "line": 1780,
            "column": 23,
            "whitespace": "    "
          },
          {
            "function": "Promise._settlePromiseFromHandler",
            "fileUrl": "http://127.0.0.1:8080/__cypress/runner/cypress_runner.js",
            "originalFile": "http://127.0.0.1:8080/__cypress/runner/cypress_runner.js",
            "line": 1492,
            "column": 31,
            "whitespace": "    "
          },
          {
            "function": "Promise._settlePromise",
            "fileUrl": "http://127.0.0.1:8080/__cypress/runner/cypress_runner.js",
            "originalFile": "http://127.0.0.1:8080/__cypress/runner/cypress_runner.js",
            "line": 1549,
            "column": 18,
            "whitespace": "    "
          },
          {
            "function": "Promise._settlePromise0",
            "fileUrl": "http://127.0.0.1:8080/__cypress/runner/cypress_runner.js",
            "originalFile": "http://127.0.0.1:8080/__cypress/runner/cypress_runner.js",
            "line": 1594,
            "column": 10,
            "whitespace": "    "
          },
          {
            "function": "Promise._settlePromises",
            "fileUrl": "http://127.0.0.1:8080/__cypress/runner/cypress_runner.js",
            "originalFile": "http://127.0.0.1:8080/__cypress/runner/cypress_runner.js",
            "line": 1674,
            "column": 18,
            "whitespace": "    "
          },
          {
            "function": "Promise._fulfill",
            "fileUrl": "http://127.0.0.1:8080/__cypress/runner/cypress_runner.js",
            "originalFile": "http://127.0.0.1:8080/__cypress/runner/cypress_runner.js",
            "line": 1618,
            "column": 18,
            "whitespace": "    "
          },
          {
            "function": "<unknown>",
            "fileUrl": "http://127.0.0.1:8080/__cypress/runner/cypress_runner.js",
            "originalFile": "http://127.0.0.1:8080/__cypress/runner/cypress_runner.js",
            "line": 5423,
            "column": 46,
            "whitespace": "    "
          },
          {
            "message": "From Your Spec Code:",
            "whitespace": ""
          },
          {
            "function": "Object.proxyGetter [as get]",
            "fileUrl": "http://127.0.0.1:8080/__cypress/runner/cypress_runner.js",
            "originalFile": "http://127.0.0.1:8080/__cypress/runner/cypress_runner.js",
            "line": 81449,
            "column": 22,
            "whitespace": "    "
          },
          {
            "function": "exists",
            "fileUrl": "http://127.0.0.1:8080/__cypress/runner/cypress_runner.js",
            "originalFile": "http://127.0.0.1:8080/__cypress/runner/cypress_runner.js",
            "line": 151554,
            "column": 26,
            "whitespace": "    "
          },
          {
            "function": "elExists",
            "fileUrl": "http://127.0.0.1:8080/__cypress/runner/cypress_runner.js",
            "originalFile": "http://127.0.0.1:8080/__cypress/runner/cypress_runner.js",
            "line": 151569,
            "column": 10,
            "whitespace": "    "
          },
          {
            "function": "ensureExistence",
            "fileUrl": "http://127.0.0.1:8080/__cypress/runner/cypress_runner.js",
            "originalFile": "http://127.0.0.1:8080/__cypress/runner/cypress_runner.js",
            "line": 151750,
            "column": 22,
            "whitespace": "    "
          },
          {
            "function": "onFailFn",
            "fileUrl": "http://127.0.0.1:8080/__cypress/runner/cypress_runner.js",
            "originalFile": "http://127.0.0.1:8080/__cypress/runner/cypress_runner.js",
            "line": 151779,
            "column": 53,
            "whitespace": "    "
          }
        ]
      }
    }
  ],
  "pending": [],
  "failures": [
    {
      "title": "Successfully record a diagnosis with valid data",
      "fullTitle": "Record Diagnosis Successfully record a diagnosis with valid data",
      "file": null,
      "currentRetry": 0,
      "err": {
        "message": "Timed out retrying after 8050ms: `cy.check()` failed because this element is not visible:\n\n`<input type=\"radio\" ng-model=\"$parent.codeEntry\" id=\"A00\" name=\"Cholera\" ng-value=\"i\" required=\"true\" class=\"ng-pristine ng-untouched ng-empty ng-invalid ng-invalid-required\" value=\"[object Object]\">`\n\nThis element `<input#A00.ng-pristine.ng-untouched.ng-empty.ng-invalid.ng-invalid-required>` is not visible because its parent `<div.col-md-4.ng-hide>` has CSS property: `display: none`\n\nFix this problem, or use `{force: true}` to disable error checking.\n\nhttps://on.cypress.io/element-cannot-be-interacted-with",
        "name": "CypressError",
        "stack": "CypressError: Timed out retrying after 8050ms: `cy.check()` failed because this element is not visible:\n\n`<input type=\"radio\" ng-model=\"$parent.codeEntry\" id=\"A00\" name=\"Cholera\" ng-value=\"i\" required=\"true\" class=\"ng-pristine ng-untouched ng-empty ng-invalid ng-invalid-required\" value=\"[object Object]\">`\n\nThis element `<input#A00.ng-pristine.ng-untouched.ng-empty.ng-invalid.ng-invalid-required>` is not visible because its parent `<div.col-md-4.ng-hide>` has CSS property: `display: none`\n\nFix this problem, or use `{force: true}` to disable error checking.\n\nhttps://on.cypress.io/element-cannot-be-interacted-with\n    at runVisibilityCheck (http://127.0.0.1:8080/__cypress/runner/cypress_runner.js:153750:58)\n    at Object.isStrictlyVisible (http://127.0.0.1:8080/__cypress/runner/cypress_runner.js:153764:10)\n    at runAllChecks (http://127.0.0.1:8080/__cypress/runner/cypress_runner.js:114016:26)\n    at retryActionability (http://127.0.0.1:8080/__cypress/runner/cypress_runner.js:114085:16)\n    at tryCatcher (http://127.0.0.1:8080/__cypress/runner/cypress_runner.js:1780:23)\n    at Promise.attempt.Promise.try (http://127.0.0.1:8080/__cypress/runner/cypress_runner.js:4288:29)\n    at whenStable (http://127.0.0.1:8080/__cypress/runner/cypress_runner.js:152458:70)\n    at <unknown> (http://127.0.0.1:8080/__cypress/runner/cypress_runner.js:152358:14)\n    at tryCatcher (http://127.0.0.1:8080/__cypress/runner/cypress_runner.js:1780:23)\n    at Promise._settlePromiseFromHandler (http://127.0.0.1:8080/__cypress/runner/cypress_runner.js:1492:31)\n    at Promise._settlePromise (http://127.0.0.1:8080/__cypress/runner/cypress_runner.js:1549:18)\n    at Promise._settlePromise0 (http://127.0.0.1:8080/__cypress/runner/cypress_runner.js:1594:10)\n    at Promise._settlePromises (http://127.0.0.1:8080/__cypress/runner/cypress_runner.js:1674:18)\n    at Promise._fulfill (http://127.0.0.1:8080/__cypress/runner/cypress_runner.js:1618:18)\n    at <unknown> (http://127.0.0.1:8080/__cypress/runner/cypress_runner.js:5423:46)\nFrom Your Spec Code:\n    at Object.proxyGetter [as get] (http://127.0.0.1:8080/__cypress/runner/cypress_runner.js:81449:22)\n    at exists (http://127.0.0.1:8080/__cypress/runner/cypress_runner.js:151554:26)\n    at elExists (http://127.0.0.1:8080/__cypress/runner/cypress_runner.js:151569:10)\n    at ensureExistence (http://127.0.0.1:8080/__cypress/runner/cypress_runner.js:151750:22)\n    at onFailFn (http://127.0.0.1:8080/__cypress/runner/cypress_runner.js:151779:53)",
        "parsedStack": [
          {
            "message": "CypressError: Timed out retrying after 8050ms: `cy.check()` failed because this element is not visible:",
            "whitespace": ""
          },
          {
            "message": "",
            "whitespace": ""
          },
          {
            "message": "`<input type=\"radio\" ng-model=\"$parent.codeEntry\" id=\"A00\" name=\"Cholera\" ng-value=\"i\" required=\"true\" class=\"ng-pristine ng-untouched ng-empty ng-invalid ng-invalid-required\" value=\"[object Object]\">`",
            "whitespace": ""
          },
          {
            "message": "",
            "whitespace": ""
          },
          {
            "message": "This element `<input#A00.ng-pristine.ng-untouched.ng-empty.ng-invalid.ng-invalid-required>` is not visible because its parent `<div.col-md-4.ng-hide>` has CSS property: `display: none`",
            "whitespace": ""
          },
          {
            "message": "",
            "whitespace": ""
          },
          {
            "message": "Fix this problem, or use `{force: true}` to disable error checking.",
            "whitespace": ""
          },
          {
            "function": "runVisibilityCheck",
            "fileUrl": "http://127.0.0.1:8080/__cypress/runner/cypress_runner.js",
            "originalFile": "http://127.0.0.1:8080/__cypress/runner/cypress_runner.js",
            "line": 153750,
            "column": 58,
            "whitespace": "    "
          },
          {
            "function": "Object.isStrictlyVisible",
            "fileUrl": "http://127.0.0.1:8080/__cypress/runner/cypress_runner.js",
            "originalFile": "http://127.0.0.1:8080/__cypress/runner/cypress_runner.js",
            "line": 153764,
            "column": 10,
            "whitespace": "    "
          },
          {
            "function": "runAllChecks",
            "fileUrl": "http://127.0.0.1:8080/__cypress/runner/cypress_runner.js",
            "originalFile": "http://127.0.0.1:8080/__cypress/runner/cypress_runner.js",
            "line": 114016,
            "column": 26,
            "whitespace": "    "
          },
          {
            "function": "retryActionability",
            "fileUrl": "http://127.0.0.1:8080/__cypress/runner/cypress_runner.js",
            "originalFile": "http://127.0.0.1:8080/__cypress/runner/cypress_runner.js",
            "line": 114085,
            "column": 16,
            "whitespace": "    "
          },
          {
            "function": "tryCatcher",
            "fileUrl": "http://127.0.0.1:8080/__cypress/runner/cypress_runner.js",
            "originalFile": "http://127.0.0.1:8080/__cypress/runner/cypress_runner.js",
            "line": 1780,
            "column": 23,
            "whitespace": "    "
          },
          {
            "function": "Promise.attempt.Promise.try",
            "fileUrl": "http://127.0.0.1:8080/__cypress/runner/cypress_runner.js",
            "originalFile": "http://127.0.0.1:8080/__cypress/runner/cypress_runner.js",
            "line": 4288,
            "column": 29,
            "whitespace": "    "
          },
          {
            "function": "whenStable",
            "fileUrl": "http://127.0.0.1:8080/__cypress/runner/cypress_runner.js",
            "originalFile": "http://127.0.0.1:8080/__cypress/runner/cypress_runner.js",
            "line": 152458,
            "column": 70,
            "whitespace": "    "
          },
          {
            "function": "<unknown>",
            "fileUrl": "http://127.0.0.1:8080/__cypress/runner/cypress_runner.js",
            "originalFile": "http://127.0.0.1:8080/__cypress/runner/cypress_runner.js",
            "line": 152358,
            "column": 14,
            "whitespace": "    "
          },
          {
            "function": "tryCatcher",
            "fileUrl": "http://127.0.0.1:8080/__cypress/runner/cypress_runner.js",
            "originalFile": "http://127.0.0.1:8080/__cypress/runner/cypress_runner.js",
            "line": 1780,
            "column": 23,
            "whitespace": "    "
          },
          {
            "function": "Promise._settlePromiseFromHandler",
            "fileUrl": "http://127.0.0.1:8080/__cypress/runner/cypress_runner.js",
            "originalFile": "http://127.0.0.1:8080/__cypress/runner/cypress_runner.js",
            "line": 1492,
            "column": 31,
            "whitespace": "    "
          },
          {
            "function": "Promise._settlePromise",
            "fileUrl": "http://127.0.0.1:8080/__cypress/runner/cypress_runner.js",
            "originalFile": "http://127.0.0.1:8080/__cypress/runner/cypress_runner.js",
            "line": 1549,
            "column": 18,
            "whitespace": "    "
          },
          {
            "function": "Promise._settlePromise0",
            "fileUrl": "http://127.0.0.1:8080/__cypress/runner/cypress_runner.js",
            "originalFile": "http://127.0.0.1:8080/__cypress/runner/cypress_runner.js",
            "line": 1594,
            "column": 10,
            "whitespace": "    "
          },
          {
            "function": "Promise._settlePromises",
            "fileUrl": "http://127.0.0.1:8080/__cypress/runner/cypress_runner.js",
            "originalFile": "http://127.0.0.1:8080/__cypress/runner/cypress_runner.js",
            "line": 1674,
            "column": 18,
            "whitespace": "    "
          },
          {
            "function": "Promise._fulfill",
            "fileUrl": "http://127.0.0.1:8080/__cypress/runner/cypress_runner.js",
            "originalFile": "http://127.0.0.1:8080/__cypress/runner/cypress_runner.js",
            "line": 1618,
            "column": 18,
            "whitespace": "    "
          },
          {
            "function": "<unknown>",
            "fileUrl": "http://127.0.0.1:8080/__cypress/runner/cypress_runner.js",
            "originalFile": "http://127.0.0.1:8080/__cypress/runner/cypress_runner.js",
            "line": 5423,
            "column": 46,
            "whitespace": "    "
          },
          {
            "message": "From Your Spec Code:",
            "whitespace": ""
          },
          {
            "function": "Object.proxyGetter [as get]",
            "fileUrl": "http://127.0.0.1:8080/__cypress/runner/cypress_runner.js",
            "originalFile": "http://127.0.0.1:8080/__cypress/runner/cypress_runner.js",
            "line": 81449,
            "column": 22,
            "whitespace": "    "
          },
          {
            "function": "exists",
            "fileUrl": "http://127.0.0.1:8080/__cypress/runner/cypress_runner.js",
            "originalFile": "http://127.0.0.1:8080/__cypress/runner/cypress_runner.js",
            "line": 151554,
            "column": 26,
            "whitespace": "    "
          },
          {
            "function": "elExists",
            "fileUrl": "http://127.0.0.1:8080/__cypress/runner/cypress_runner.js",
            "originalFile": "http://127.0.0.1:8080/__cypress/runner/cypress_runner.js",
            "line": 151569,
            "column": 10,
            "whitespace": "    "
          },
          {
            "function": "ensureExistence",
            "fileUrl": "http://127.0.0.1:8080/__cypress/runner/cypress_runner.js",
            "originalFile": "http://127.0.0.1:8080/__cypress/runner/cypress_runner.js",
            "line": 151750,
            "column": 22,
            "whitespace": "    "
          },
          {
            "function": "onFailFn",
            "fileUrl": "http://127.0.0.1:8080/__cypress/runner/cypress_runner.js",
            "originalFile": "http://127.0.0.1:8080/__cypress/runner/cypress_runner.js",
            "line": 151779,
            "column": 53,
            "whitespace": "    "
          }
        ]
      }
    },
    {
      "title": "Attempt to record a diagnosis with notes exceeding character limit",
      "fullTitle": "Record Diagnosis Attempt to record a diagnosis with notes exceeding character limit",
      "file": null,
      "currentRetry": 0,
      "err": {
        "message": "Timed out retrying after 8050ms: `cy.check()` failed because this element is not visible:\n\n`<input type=\"radio\" ng-model=\"$parent.codeEntry\" id=\"A00\" name=\"Cholera\" ng-value=\"i\" required=\"true\" class=\"ng-pristine ng-untouched ng-empty ng-invalid ng-invalid-required\" value=\"[object Object]\">`\n\nThis element `<input#A00.ng-pristine.ng-untouched.ng-empty.ng-invalid.ng-invalid-required>` is not visible because its parent `<div.col-md-4.ng-hide>` has CSS property: `display: none`\n\nFix this problem, or use `{force: true}` to disable error checking.\n\nhttps://on.cypress.io/element-cannot-be-interacted-with",
        "name": "CypressError",
        "stack": "CypressError: Timed out retrying after 8050ms: `cy.check()` failed because this element is not visible:\n\n`<input type=\"radio\" ng-model=\"$parent.codeEntry\" id=\"A00\" name=\"Cholera\" ng-value=\"i\" required=\"true\" class=\"ng-pristine ng-untouched ng-empty ng-invalid ng-invalid-required\" value=\"[object Object]\">`\n\nThis element `<input#A00.ng-pristine.ng-untouched.ng-empty.ng-invalid.ng-invalid-required>` is not visible because its parent `<div.col-md-4.ng-hide>` has CSS property: `display: none`\n\nFix this problem, or use `{force: true}` to disable error checking.\n\nhttps://on.cypress.io/element-cannot-be-interacted-with\n    at runVisibilityCheck (http://127.0.0.1:8080/__cypress/runner/cypress_runner.js:153750:58)\n    at Object.isStrictlyVisible (http://127.0.0.1:8080/__cypress/runner/cypress_runner.js:153764:10)\n    at runAllChecks (http://127.0.0.1:8080/__cypress/runner/cypress_runner.js:114016:26)\n    at retryActionability (http://127.0.0.1:8080/__cypress/runner/cypress_runner.js:114085:16)\n    at tryCatcher (http://127.0.0.1:8080/__cypress/runner/cypress_runner.js:1780:23)\n    at Promise.attempt.Promise.try (http://127.0.0.1:8080/__cypress/runner/cypress_runner.js:4288:29)\n    at whenStable (http://127.0.0.1:8080/__cypress/runner/cypress_runner.js:152458:70)\n    at <unknown> (http://127.0.0.1:8080/__cypress/runner/cypress_runner.js:152358:14)\n    at tryCatcher (http://127.0.0.1:8080/__cypress/runner/cypress_runner.js:1780:23)\n    at Promise._settlePromiseFromHandler (http://127.0.0.1:8080/__cypress/runner/cypress_runner.js:1492:31)\n    at Promise._settlePromise (http://127.0.0.1:8080/__cypress/runner/cypress_runner.js:1549:18)\n    at Promise._settlePromise0 (http://127.0.0.1:8080/__cypress/runner/cypress_runner.js:1594:10)\n    at Promise._settlePromises (http://127.0.0.1:8080/__cypress/runner/cypress_runner.js:1674:18)\n    at Promise._fulfill (http://127.0.0.1:8080/__cypress/runner/cypress_runner.js:1618:18)\n    at <unknown> (http://127.0.0.1:8080/__cypress/runner/cypress_runner.js:5423:46)\nFrom Your Spec Code:\n    at Object.proxyGetter [as get] (http://127.0.0.1:8080/__cypress/runner/cypress_runner.js:81449:22)\n    at exists (http://127.0.0.1:8080/__cypress/runner/cypress_runner.js:151554:26)\n    at elExists (http://127.0.0.1:8080/__cypress/runner/cypress_runner.js:151569:10)\n    at ensureExistence (http://127.0.0.1:8080/__cypress/runner/cypress_runner.js:151750:22)\n    at onFailFn (http://127.0.0.1:8080/__cypress/runner/cypress_runner.js:151779:53)",
        "parsedStack": [
          {
            "message": "CypressError: Timed out retrying after 8050ms: `cy.check()` failed because this element is not visible:",
            "whitespace": ""
          },
          {
            "message": "",
            "whitespace": ""
          },
          {
            "message": "`<input type=\"radio\" ng-model=\"$parent.codeEntry\" id=\"A00\" name=\"Cholera\" ng-value=\"i\" required=\"true\" class=\"ng-pristine ng-untouched ng-empty ng-invalid ng-invalid-required\" value=\"[object Object]\">`",
            "whitespace": ""
          },
          {
            "message": "",
            "whitespace": ""
          },
          {
            "message": "This element `<input#A00.ng-pristine.ng-untouched.ng-empty.ng-invalid.ng-invalid-required>` is not visible because its parent `<div.col-md-4.ng-hide>` has CSS property: `display: none`",
            "whitespace": ""
          },
          {
            "message": "",
            "whitespace": ""
          },
          {
            "message": "Fix this problem, or use `{force: true}` to disable error checking.",
            "whitespace": ""
          },
          {
            "function": "runVisibilityCheck",
            "fileUrl": "http://127.0.0.1:8080/__cypress/runner/cypress_runner.js",
            "originalFile": "http://127.0.0.1:8080/__cypress/runner/cypress_runner.js",
            "line": 153750,
            "column": 58,
            "whitespace": "    "
          },
          {
            "function": "Object.isStrictlyVisible",
            "fileUrl": "http://127.0.0.1:8080/__cypress/runner/cypress_runner.js",
            "originalFile": "http://127.0.0.1:8080/__cypress/runner/cypress_runner.js",
            "line": 153764,
            "column": 10,
            "whitespace": "    "
          },
          {
            "function": "runAllChecks",
            "fileUrl": "http://127.0.0.1:8080/__cypress/runner/cypress_runner.js",
            "originalFile": "http://127.0.0.1:8080/__cypress/runner/cypress_runner.js",
            "line": 114016,
            "column": 26,
            "whitespace": "    "
          },
          {
            "function": "retryActionability",
            "fileUrl": "http://127.0.0.1:8080/__cypress/runner/cypress_runner.js",
            "originalFile": "http://127.0.0.1:8080/__cypress/runner/cypress_runner.js",
            "line": 114085,
            "column": 16,
            "whitespace": "    "
          },
          {
            "function": "tryCatcher",
            "fileUrl": "http://127.0.0.1:8080/__cypress/runner/cypress_runner.js",
            "originalFile": "http://127.0.0.1:8080/__cypress/runner/cypress_runner.js",
            "line": 1780,
            "column": 23,
            "whitespace": "    "
          },
          {
            "function": "Promise.attempt.Promise.try",
            "fileUrl": "http://127.0.0.1:8080/__cypress/runner/cypress_runner.js",
            "originalFile": "http://127.0.0.1:8080/__cypress/runner/cypress_runner.js",
            "line": 4288,
            "column": 29,
            "whitespace": "    "
          },
          {
            "function": "whenStable",
            "fileUrl": "http://127.0.0.1:8080/__cypress/runner/cypress_runner.js",
            "originalFile": "http://127.0.0.1:8080/__cypress/runner/cypress_runner.js",
            "line": 152458,
            "column": 70,
            "whitespace": "    "
          },
          {
            "function": "<unknown>",
            "fileUrl": "http://127.0.0.1:8080/__cypress/runner/cypress_runner.js",
            "originalFile": "http://127.0.0.1:8080/__cypress/runner/cypress_runner.js",
            "line": 152358,
            "column": 14,
            "whitespace": "    "
          },
          {
            "function": "tryCatcher",
            "fileUrl": "http://127.0.0.1:8080/__cypress/runner/cypress_runner.js",
            "originalFile": "http://127.0.0.1:8080/__cypress/runner/cypress_runner.js",
            "line": 1780,
            "column": 23,
            "whitespace": "    "
          },
          {
            "function": "Promise._settlePromiseFromHandler",
            "fileUrl": "http://127.0.0.1:8080/__cypress/runner/cypress_runner.js",
            "originalFile": "http://127.0.0.1:8080/__cypress/runner/cypress_runner.js",
            "line": 1492,
            "column": 31,
            "whitespace": "    "
          },
          {
            "function": "Promise._settlePromise",
            "fileUrl": "http://127.0.0.1:8080/__cypress/runner/cypress_runner.js",
            "originalFile": "http://127.0.0.1:8080/__cypress/runner/cypress_runner.js",
            "line": 1549,
            "column": 18,
            "whitespace": "    "
          },
          {
            "function": "Promise._settlePromise0",
            "fileUrl": "http://127.0.0.1:8080/__cypress/runner/cypress_runner.js",
            "originalFile": "http://127.0.0.1:8080/__cypress/runner/cypress_runner.js",
            "line": 1594,
            "column": 10,
            "whitespace": "    "
          },
          {
            "function": "Promise._settlePromises",
            "fileUrl": "http://127.0.0.1:8080/__cypress/runner/cypress_runner.js",
            "originalFile": "http://127.0.0.1:8080/__cypress/runner/cypress_runner.js",
            "line": 1674,
            "column": 18,
            "whitespace": "    "
          },
          {
            "function": "Promise._fulfill",
            "fileUrl": "http://127.0.0.1:8080/__cypress/runner/cypress_runner.js",
            "originalFile": "http://127.0.0.1:8080/__cypress/runner/cypress_runner.js",
            "line": 1618,
            "column": 18,
            "whitespace": "    "
          },
          {
            "function": "<unknown>",
            "fileUrl": "http://127.0.0.1:8080/__cypress/runner/cypress_runner.js",
            "originalFile": "http://127.0.0.1:8080/__cypress/runner/cypress_runner.js",
            "line": 5423,
            "column": 46,
            "whitespace": "    "
          },
          {
            "message": "From Your Spec Code:",
            "whitespace": ""
          },
          {
            "function": "Object.proxyGetter [as get]",
            "fileUrl": "http://127.0.0.1:8080/__cypress/runner/cypress_runner.js",
            "originalFile": "http://127.0.0.1:8080/__cypress/runner/cypress_runner.js",
            "line": 81449,
            "column": 22,
            "whitespace": "    "
          },
          {
            "function": "exists",
            "fileUrl": "http://127.0.0.1:8080/__cypress/runner/cypress_runner.js",
            "originalFile": "http://127.0.0.1:8080/__cypress/runner/cypress_runner.js",
            "line": 151554,
            "column": 26,
            "whitespace": "    "
          },
          {
            "function": "elExists",
            "fileUrl": "http://127.0.0.1:8080/__cypress/runner/cypress_runner.js",
            "originalFile": "http://127.0.0.1:8080/__cypress/runner/cypress_runner.js",
            "line": 151569,
            "column": 10,
            "whitespace": "    "
          },
          {
            "function": "ensureExistence",
            "fileUrl": "http://127.0.0.1:8080/__cypress/runner/cypress_runner.js",
            "originalFile": "http://127.0.0.1:8080/__cypress/runner/cypress_runner.js",
            "line": 151750,
            "column": 22,
            "whitespace": "    "
          },
          {
            "function": "onFailFn",
            "fileUrl": "http://127.0.0.1:8080/__cypress/runner/cypress_runner.js",
            "originalFile": "http://127.0.0.1:8080/__cypress/runner/cypress_runner.js",
            "line": 151779,
            "column": 53,
            "whitespace": "    "
          }
        ]
      }
    },
    {
      "title": "Attempt to record a diagnosis without selecting a diagnosis",
      "fullTitle": "Record Diagnosis Attempt to record a diagnosis without selecting a diagnosis",
      "file": null,
      "currentRetry": 0,
      "err": {
        "message": "Timed out retrying after 8000ms: Expected to find element: `input[name=\"hcpName\"]`, but never found it.",
        "type": "existence",
        "name": "AssertionError",
        "stack": "AssertionError: Timed out retrying after 8000ms: Expected to find element: `input[name=\"hcpName\"]`, but never found it.\n    at Context.eval (webpack://itrust2-acceptance-tests/./outputs/autouat/UC10/record-diagnosis.spec.ts:58:7)",
        "parsedStack": [
          {
            "message": "AssertionError: Timed out retrying after 8000ms: Expected to find element: `input[name=\"hcpName\"]`, but never found it.",
            "whitespace": ""
          },
          {
            "function": "Context.eval",
            "fileUrl": "http://127.0.0.1:8080/__cypress/tests?p=outputs\\autouat\\UC10\\record-diagnosis.spec.ts",
            "originalFile": "webpack://itrust2-acceptance-tests/./outputs/autouat/UC10/record-diagnosis.spec.ts",
            "relativeFile": "outputs/autouat/UC10/record-diagnosis.spec.ts",
            "absoluteFile": "D:\\APCS\\Acceptance/outputs/autouat/UC10/record-diagnosis.spec.ts",
            "line": 58,
            "column": 7,
            "whitespace": "    "
          }
        ],
        "codeFrame": {
          "line": 58,
          "column": 8,
          "originalFile": "outputs/autouat/UC10/record-diagnosis.spec.ts",
          "relativeFile": "outputs/autouat/UC10/record-diagnosis.spec.ts",
          "absoluteFile": "D:\\APCS\\Acceptance/outputs/autouat/UC10/record-diagnosis.spec.ts",
          "frame": "  56 |     \n  57 |     // Enter the HCP name\n> 58 |     cy.get('input[name=\"hcpName\"]').type('Dr. Smith');\n     |        ^\n  59 |     \n  60 |     // Enter notes\n  61 |     cy.get('input[name=\"notesEntry\"]').type('Patient shows symptoms consistent with cholera.');",
          "language": "ts"
        }
      }
    },
    {
      "title": "Attempt to record a diagnosis with an invalid date format",
      "fullTitle": "Record Diagnosis Attempt to record a diagnosis with an invalid date format",
      "file": null,
      "currentRetry": 0,
      "err": {
        "message": "Timed out retrying after 8050ms: `cy.check()` failed because this element is not visible:\n\n`<input type=\"radio\" ng-model=\"$parent.codeEntry\" id=\"A00\" name=\"Cholera\" ng-value=\"i\" required=\"true\" class=\"ng-pristine ng-untouched ng-empty ng-invalid ng-invalid-required\" value=\"[object Object]\">`\n\nThis element `<input#A00.ng-pristine.ng-untouched.ng-empty.ng-invalid.ng-invalid-required>` is not visible because its parent `<div.col-md-4.ng-hide>` has CSS property: `display: none`\n\nFix this problem, or use `{force: true}` to disable error checking.\n\nhttps://on.cypress.io/element-cannot-be-interacted-with",
        "name": "CypressError",
        "stack": "CypressError: Timed out retrying after 8050ms: `cy.check()` failed because this element is not visible:\n\n`<input type=\"radio\" ng-model=\"$parent.codeEntry\" id=\"A00\" name=\"Cholera\" ng-value=\"i\" required=\"true\" class=\"ng-pristine ng-untouched ng-empty ng-invalid ng-invalid-required\" value=\"[object Object]\">`\n\nThis element `<input#A00.ng-pristine.ng-untouched.ng-empty.ng-invalid.ng-invalid-required>` is not visible because its parent `<div.col-md-4.ng-hide>` has CSS property: `display: none`\n\nFix this problem, or use `{force: true}` to disable error checking.\n\nhttps://on.cypress.io/element-cannot-be-interacted-with\n    at runVisibilityCheck (http://127.0.0.1:8080/__cypress/runner/cypress_runner.js:153750:58)\n    at Object.isStrictlyVisible (http://127.0.0.1:8080/__cypress/runner/cypress_runner.js:153764:10)\n    at runAllChecks (http://127.0.0.1:8080/__cypress/runner/cypress_runner.js:114016:26)\n    at retryActionability (http://127.0.0.1:8080/__cypress/runner/cypress_runner.js:114085:16)\n    at tryCatcher (http://127.0.0.1:8080/__cypress/runner/cypress_runner.js:1780:23)\n    at Promise.attempt.Promise.try (http://127.0.0.1:8080/__cypress/runner/cypress_runner.js:4288:29)\n    at whenStable (http://127.0.0.1:8080/__cypress/runner/cypress_runner.js:152458:70)\n    at <unknown> (http://127.0.0.1:8080/__cypress/runner/cypress_runner.js:152358:14)\n    at tryCatcher (http://127.0.0.1:8080/__cypress/runner/cypress_runner.js:1780:23)\n    at Promise._settlePromiseFromHandler (http://127.0.0.1:8080/__cypress/runner/cypress_runner.js:1492:31)\n    at Promise._settlePromise (http://127.0.0.1:8080/__cypress/runner/cypress_runner.js:1549:18)\n    at Promise._settlePromise0 (http://127.0.0.1:8080/__cypress/runner/cypress_runner.js:1594:10)\n    at Promise._settlePromises (http://127.0.0.1:8080/__cypress/runner/cypress_runner.js:1674:18)\n    at Promise._fulfill (http://127.0.0.1:8080/__cypress/runner/cypress_runner.js:1618:18)\n    at <unknown> (http://127.0.0.1:8080/__cypress/runner/cypress_runner.js:5423:46)\nFrom Your Spec Code:\n    at Object.proxyGetter [as get] (http://127.0.0.1:8080/__cypress/runner/cypress_runner.js:81449:22)\n    at exists (http://127.0.0.1:8080/__cypress/runner/cypress_runner.js:151554:26)\n    at elExists (http://127.0.0.1:8080/__cypress/runner/cypress_runner.js:151569:10)\n    at ensureExistence (http://127.0.0.1:8080/__cypress/runner/cypress_runner.js:151750:22)\n    at onFailFn (http://127.0.0.1:8080/__cypress/runner/cypress_runner.js:151779:53)",
        "parsedStack": [
          {
            "message": "CypressError: Timed out retrying after 8050ms: `cy.check()` failed because this element is not visible:",
            "whitespace": ""
          },
          {
            "message": "",
            "whitespace": ""
          },
          {
            "message": "`<input type=\"radio\" ng-model=\"$parent.codeEntry\" id=\"A00\" name=\"Cholera\" ng-value=\"i\" required=\"true\" class=\"ng-pristine ng-untouched ng-empty ng-invalid ng-invalid-required\" value=\"[object Object]\">`",
            "whitespace": ""
          },
          {
            "message": "",
            "whitespace": ""
          },
          {
            "message": "This element `<input#A00.ng-pristine.ng-untouched.ng-empty.ng-invalid.ng-invalid-required>` is not visible because its parent `<div.col-md-4.ng-hide>` has CSS property: `display: none`",
            "whitespace": ""
          },
          {
            "message": "",
            "whitespace": ""
          },
          {
            "message": "Fix this problem, or use `{force: true}` to disable error checking.",
            "whitespace": ""
          },
          {
            "function": "runVisibilityCheck",
            "fileUrl": "http://127.0.0.1:8080/__cypress/runner/cypress_runner.js",
            "originalFile": "http://127.0.0.1:8080/__cypress/runner/cypress_runner.js",
            "line": 153750,
            "column": 58,
            "whitespace": "    "
          },
          {
            "function": "Object.isStrictlyVisible",
            "fileUrl": "http://127.0.0.1:8080/__cypress/runner/cypress_runner.js",
            "originalFile": "http://127.0.0.1:8080/__cypress/runner/cypress_runner.js",
            "line": 153764,
            "column": 10,
            "whitespace": "    "
          },
          {
            "function": "runAllChecks",
            "fileUrl": "http://127.0.0.1:8080/__cypress/runner/cypress_runner.js",
            "originalFile": "http://127.0.0.1:8080/__cypress/runner/cypress_runner.js",
            "line": 114016,
            "column": 26,
            "whitespace": "    "
          },
          {
            "function": "retryActionability",
            "fileUrl": "http://127.0.0.1:8080/__cypress/runner/cypress_runner.js",
            "originalFile": "http://127.0.0.1:8080/__cypress/runner/cypress_runner.js",
            "line": 114085,
            "column": 16,
            "whitespace": "    "
          },
          {
            "function": "tryCatcher",
            "fileUrl": "http://127.0.0.1:8080/__cypress/runner/cypress_runner.js",
            "originalFile": "http://127.0.0.1:8080/__cypress/runner/cypress_runner.js",
            "line": 1780,
            "column": 23,
            "whitespace": "    "
          },
          {
            "function": "Promise.attempt.Promise.try",
            "fileUrl": "http://127.0.0.1:8080/__cypress/runner/cypress_runner.js",
            "originalFile": "http://127.0.0.1:8080/__cypress/runner/cypress_runner.js",
            "line": 4288,
            "column": 29,
            "whitespace": "    "
          },
          {
            "function": "whenStable",
            "fileUrl": "http://127.0.0.1:8080/__cypress/runner/cypress_runner.js",
            "originalFile": "http://127.0.0.1:8080/__cypress/runner/cypress_runner.js",
            "line": 152458,
            "column": 70,
            "whitespace": "    "
          },
          {
            "function": "<unknown>",
            "fileUrl": "http://127.0.0.1:8080/__cypress/runner/cypress_runner.js",
            "originalFile": "http://127.0.0.1:8080/__cypress/runner/cypress_runner.js",
            "line": 152358,
            "column": 14,
            "whitespace": "    "
          },
          {
            "function": "tryCatcher",
            "fileUrl": "http://127.0.0.1:8080/__cypress/runner/cypress_runner.js",
            "originalFile": "http://127.0.0.1:8080/__cypress/runner/cypress_runner.js",
            "line": 1780,
            "column": 23,
            "whitespace": "    "
          },
          {
            "function": "Promise._settlePromiseFromHandler",
            "fileUrl": "http://127.0.0.1:8080/__cypress/runner/cypress_runner.js",
            "originalFile": "http://127.0.0.1:8080/__cypress/runner/cypress_runner.js",
            "line": 1492,
            "column": 31,
            "whitespace": "    "
          },
          {
            "function": "Promise._settlePromise",
            "fileUrl": "http://127.0.0.1:8080/__cypress/runner/cypress_runner.js",
            "originalFile": "http://127.0.0.1:8080/__cypress/runner/cypress_runner.js",
            "line": 1549,
            "column": 18,
            "whitespace": "    "
          },
          {
            "function": "Promise._settlePromise0",
            "fileUrl": "http://127.0.0.1:8080/__cypress/runner/cypress_runner.js",
            "originalFile": "http://127.0.0.1:8080/__cypress/runner/cypress_runner.js",
            "line": 1594,
            "column": 10,
            "whitespace": "    "
          },
          {
            "function": "Promise._settlePromises",
            "fileUrl": "http://127.0.0.1:8080/__cypress/runner/cypress_runner.js",
            "originalFile": "http://127.0.0.1:8080/__cypress/runner/cypress_runner.js",
            "line": 1674,
            "column": 18,
            "whitespace": "    "
          },
          {
            "function": "Promise._fulfill",
            "fileUrl": "http://127.0.0.1:8080/__cypress/runner/cypress_runner.js",
            "originalFile": "http://127.0.0.1:8080/__cypress/runner/cypress_runner.js",
            "line": 1618,
            "column": 18,
            "whitespace": "    "
          },
          {
            "function": "<unknown>",
            "fileUrl": "http://127.0.0.1:8080/__cypress/runner/cypress_runner.js",
            "originalFile": "http://127.0.0.1:8080/__cypress/runner/cypress_runner.js",
            "line": 5423,
            "column": 46,
            "whitespace": "    "
          },
          {
            "message": "From Your Spec Code:",
            "whitespace": ""
          },
          {
            "function": "Object.proxyGetter [as get]",
            "fileUrl": "http://127.0.0.1:8080/__cypress/runner/cypress_runner.js",
            "originalFile": "http://127.0.0.1:8080/__cypress/runner/cypress_runner.js",
            "line": 81449,
            "column": 22,
            "whitespace": "    "
          },
          {
            "function": "exists",
            "fileUrl": "http://127.0.0.1:8080/__cypress/runner/cypress_runner.js",
            "originalFile": "http://127.0.0.1:8080/__cypress/runner/cypress_runner.js",
            "line": 151554,
            "column": 26,
            "whitespace": "    "
          },
          {
            "function": "elExists",
            "fileUrl": "http://127.0.0.1:8080/__cypress/runner/cypress_runner.js",
            "originalFile": "http://127.0.0.1:8080/__cypress/runner/cypress_runner.js",
            "line": 151569,
            "column": 10,
            "whitespace": "    "
          },
          {
            "function": "ensureExistence",
            "fileUrl": "http://127.0.0.1:8080/__cypress/runner/cypress_runner.js",
            "originalFile": "http://127.0.0.1:8080/__cypress/runner/cypress_runner.js",
            "line": 151750,
            "column": 22,
            "whitespace": "    "
          },
          {
            "function": "onFailFn",
            "fileUrl": "http://127.0.0.1:8080/__cypress/runner/cypress_runner.js",
            "originalFile": "http://127.0.0.1:8080/__cypress/runner/cypress_runner.js",
            "line": 151779,
            "column": 53,
            "whitespace": "    "
          }
        ]
      }
    },
    {
      "title": "Attempt to record a diagnosis without entering HCP name",
      "fullTitle": "Record Diagnosis Attempt to record a diagnosis without entering HCP name",
      "file": null,
      "currentRetry": 0,
      "err": {
        "message": "Timed out retrying after 8050ms: `cy.check()` failed because this element is not visible:\n\n`<input type=\"radio\" ng-model=\"$parent.codeEntry\" id=\"A00\" name=\"Cholera\" ng-value=\"i\" required=\"true\" class=\"ng-pristine ng-untouched ng-empty ng-invalid ng-invalid-required\" value=\"[object Object]\">`\n\nThis element `<input#A00.ng-pristine.ng-untouched.ng-empty.ng-invalid.ng-invalid-required>` is not visible because its parent `<div.col-md-4.ng-hide>` has CSS property: `display: none`\n\nFix this problem, or use `{force: true}` to disable error checking.\n\nhttps://on.cypress.io/element-cannot-be-interacted-with",
        "name": "CypressError",
        "stack": "CypressError: Timed out retrying after 8050ms: `cy.check()` failed because this element is not visible:\n\n`<input type=\"radio\" ng-model=\"$parent.codeEntry\" id=\"A00\" name=\"Cholera\" ng-value=\"i\" required=\"true\" class=\"ng-pristine ng-untouched ng-empty ng-invalid ng-invalid-required\" value=\"[object Object]\">`\n\nThis element `<input#A00.ng-pristine.ng-untouched.ng-empty.ng-invalid.ng-invalid-required>` is not visible because its parent `<div.col-md-4.ng-hide>` has CSS property: `display: none`\n\nFix this problem, or use `{force: true}` to disable error checking.\n\nhttps://on.cypress.io/element-cannot-be-interacted-with\n    at runVisibilityCheck (http://127.0.0.1:8080/__cypress/runner/cypress_runner.js:153750:58)\n    at Object.isStrictlyVisible (http://127.0.0.1:8080/__cypress/runner/cypress_runner.js:153764:10)\n    at runAllChecks (http://127.0.0.1:8080/__cypress/runner/cypress_runner.js:114016:26)\n    at retryActionability (http://127.0.0.1:8080/__cypress/runner/cypress_runner.js:114085:16)\n    at tryCatcher (http://127.0.0.1:8080/__cypress/runner/cypress_runner.js:1780:23)\n    at Promise.attempt.Promise.try (http://127.0.0.1:8080/__cypress/runner/cypress_runner.js:4288:29)\n    at whenStable (http://127.0.0.1:8080/__cypress/runner/cypress_runner.js:152458:70)\n    at <unknown> (http://127.0.0.1:8080/__cypress/runner/cypress_runner.js:152358:14)\n    at tryCatcher (http://127.0.0.1:8080/__cypress/runner/cypress_runner.js:1780:23)\n    at Promise._settlePromiseFromHandler (http://127.0.0.1:8080/__cypress/runner/cypress_runner.js:1492:31)\n    at Promise._settlePromise (http://127.0.0.1:8080/__cypress/runner/cypress_runner.js:1549:18)\n    at Promise._settlePromise0 (http://127.0.0.1:8080/__cypress/runner/cypress_runner.js:1594:10)\n    at Promise._settlePromises (http://127.0.0.1:8080/__cypress/runner/cypress_runner.js:1674:18)\n    at Promise._fulfill (http://127.0.0.1:8080/__cypress/runner/cypress_runner.js:1618:18)\n    at <unknown> (http://127.0.0.1:8080/__cypress/runner/cypress_runner.js:5423:46)\nFrom Your Spec Code:\n    at Object.proxyGetter [as get] (http://127.0.0.1:8080/__cypress/runner/cypress_runner.js:81449:22)\n    at exists (http://127.0.0.1:8080/__cypress/runner/cypress_runner.js:151554:26)\n    at elExists (http://127.0.0.1:8080/__cypress/runner/cypress_runner.js:151569:10)\n    at ensureExistence (http://127.0.0.1:8080/__cypress/runner/cypress_runner.js:151750:22)\n    at onFailFn (http://127.0.0.1:8080/__cypress/runner/cypress_runner.js:151779:53)",
        "parsedStack": [
          {
            "message": "CypressError: Timed out retrying after 8050ms: `cy.check()` failed because this element is not visible:",
            "whitespace": ""
          },
          {
            "message": "",
            "whitespace": ""
          },
          {
            "message": "`<input type=\"radio\" ng-model=\"$parent.codeEntry\" id=\"A00\" name=\"Cholera\" ng-value=\"i\" required=\"true\" class=\"ng-pristine ng-untouched ng-empty ng-invalid ng-invalid-required\" value=\"[object Object]\">`",
            "whitespace": ""
          },
          {
            "message": "",
            "whitespace": ""
          },
          {
            "message": "This element `<input#A00.ng-pristine.ng-untouched.ng-empty.ng-invalid.ng-invalid-required>` is not visible because its parent `<div.col-md-4.ng-hide>` has CSS property: `display: none`",
            "whitespace": ""
          },
          {
            "message": "",
            "whitespace": ""
          },
          {
            "message": "Fix this problem, or use `{force: true}` to disable error checking.",
            "whitespace": ""
          },
          {
            "function": "runVisibilityCheck",
            "fileUrl": "http://127.0.0.1:8080/__cypress/runner/cypress_runner.js",
            "originalFile": "http://127.0.0.1:8080/__cypress/runner/cypress_runner.js",
            "line": 153750,
            "column": 58,
            "whitespace": "    "
          },
          {
            "function": "Object.isStrictlyVisible",
            "fileUrl": "http://127.0.0.1:8080/__cypress/runner/cypress_runner.js",
            "originalFile": "http://127.0.0.1:8080/__cypress/runner/cypress_runner.js",
            "line": 153764,
            "column": 10,
            "whitespace": "    "
          },
          {
            "function": "runAllChecks",
            "fileUrl": "http://127.0.0.1:8080/__cypress/runner/cypress_runner.js",
            "originalFile": "http://127.0.0.1:8080/__cypress/runner/cypress_runner.js",
            "line": 114016,
            "column": 26,
            "whitespace": "    "
          },
          {
            "function": "retryActionability",
            "fileUrl": "http://127.0.0.1:8080/__cypress/runner/cypress_runner.js",
            "originalFile": "http://127.0.0.1:8080/__cypress/runner/cypress_runner.js",
            "line": 114085,
            "column": 16,
            "whitespace": "    "
          },
          {
            "function": "tryCatcher",
            "fileUrl": "http://127.0.0.1:8080/__cypress/runner/cypress_runner.js",
            "originalFile": "http://127.0.0.1:8080/__cypress/runner/cypress_runner.js",
            "line": 1780,
            "column": 23,
            "whitespace": "    "
          },
          {
            "function": "Promise.attempt.Promise.try",
            "fileUrl": "http://127.0.0.1:8080/__cypress/runner/cypress_runner.js",
            "originalFile": "http://127.0.0.1:8080/__cypress/runner/cypress_runner.js",
            "line": 4288,
            "column": 29,
            "whitespace": "    "
          },
          {
            "function": "whenStable",
            "fileUrl": "http://127.0.0.1:8080/__cypress/runner/cypress_runner.js",
            "originalFile": "http://127.0.0.1:8080/__cypress/runner/cypress_runner.js",
            "line": 152458,
            "column": 70,
            "whitespace": "    "
          },
          {
            "function": "<unknown>",
            "fileUrl": "http://127.0.0.1:8080/__cypress/runner/cypress_runner.js",
            "originalFile": "http://127.0.0.1:8080/__cypress/runner/cypress_runner.js",
            "line": 152358,
            "column": 14,
            "whitespace": "    "
          },
          {
            "function": "tryCatcher",
            "fileUrl": "http://127.0.0.1:8080/__cypress/runner/cypress_runner.js",
            "originalFile": "http://127.0.0.1:8080/__cypress/runner/cypress_runner.js",
            "line": 1780,
            "column": 23,
            "whitespace": "    "
          },
          {
            "function": "Promise._settlePromiseFromHandler",
            "fileUrl": "http://127.0.0.1:8080/__cypress/runner/cypress_runner.js",
            "originalFile": "http://127.0.0.1:8080/__cypress/runner/cypress_runner.js",
            "line": 1492,
            "column": 31,
            "whitespace": "    "
          },
          {
            "function": "Promise._settlePromise",
            "fileUrl": "http://127.0.0.1:8080/__cypress/runner/cypress_runner.js",
            "originalFile": "http://127.0.0.1:8080/__cypress/runner/cypress_runner.js",
            "line": 1549,
            "column": 18,
            "whitespace": "    "
          },
          {
            "function": "Promise._settlePromise0",
            "fileUrl": "http://127.0.0.1:8080/__cypress/runner/cypress_runner.js",
            "originalFile": "http://127.0.0.1:8080/__cypress/runner/cypress_runner.js",
            "line": 1594,
            "column": 10,
            "whitespace": "    "
          },
          {
            "function": "Promise._settlePromises",
            "fileUrl": "http://127.0.0.1:8080/__cypress/runner/cypress_runner.js",
            "originalFile": "http://127.0.0.1:8080/__cypress/runner/cypress_runner.js",
            "line": 1674,
            "column": 18,
            "whitespace": "    "
          },
          {
            "function": "Promise._fulfill",
            "fileUrl": "http://127.0.0.1:8080/__cypress/runner/cypress_runner.js",
            "originalFile": "http://127.0.0.1:8080/__cypress/runner/cypress_runner.js",
            "line": 1618,
            "column": 18,
            "whitespace": "    "
          },
          {
            "function": "<unknown>",
            "fileUrl": "http://127.0.0.1:8080/__cypress/runner/cypress_runner.js",
            "originalFile": "http://127.0.0.1:8080/__cypress/runner/cypress_runner.js",
            "line": 5423,
            "column": 46,
            "whitespace": "    "
          },
          {
            "message": "From Your Spec Code:",
            "whitespace": ""
          },
          {
            "function": "Object.proxyGetter [as get]",
            "fileUrl": "http://127.0.0.1:8080/__cypress/runner/cypress_runner.js",
            "originalFile": "http://127.0.0.1:8080/__cypress/runner/cypress_runner.js",
            "line": 81449,
            "column": 22,
            "whitespace": "    "
          },
          {
            "function": "exists",
            "fileUrl": "http://127.0.0.1:8080/__cypress/runner/cypress_runner.js",
            "originalFile": "http://127.0.0.1:8080/__cypress/runner/cypress_runner.js",
            "line": 151554,
            "column": 26,
            "whitespace": "    "
          },
          {
            "function": "elExists",
            "fileUrl": "http://127.0.0.1:8080/__cypress/runner/cypress_runner.js",
            "originalFile": "http://127.0.0.1:8080/__cypress/runner/cypress_runner.js",
            "line": 151569,
            "column": 10,
            "whitespace": "    "
          },
          {
            "function": "ensureExistence",
            "fileUrl": "http://127.0.0.1:8080/__cypress/runner/cypress_runner.js",
            "originalFile": "http://127.0.0.1:8080/__cypress/runner/cypress_runner.js",
            "line": 151750,
            "column": 22,
            "whitespace": "    "
          },
          {
            "function": "onFailFn",
            "fileUrl": "http://127.0.0.1:8080/__cypress/runner/cypress_runner.js",
            "originalFile": "http://127.0.0.1:8080/__cypress/runner/cypress_runner.js",
            "line": 151779,
            "column": 53,
            "whitespace": "    "
          }
        ]
      }
    }
  ],
  "passes": []
}
  (Results)

  ΓöîΓöÇΓöÇΓöÇΓöÇΓöÇΓöÇΓöÇΓöÇΓöÇΓöÇΓöÇΓöÇΓöÇΓöÇΓöÇΓöÇΓöÇΓöÇΓöÇΓöÇΓöÇΓöÇΓöÇΓöÇΓöÇΓöÇΓöÇΓöÇΓöÇΓöÇΓöÇΓöÇΓöÇΓöÇΓöÇΓöÇΓöÇΓöÇΓöÇΓöÇΓöÇΓöÇΓöÇΓöÇΓöÇΓöÇΓöÇΓöÇΓöÇΓöÇΓöÇΓöÇΓöÇΓöÇΓöÇΓöÇΓöÇΓöÇΓöÇΓöÇΓöÇΓöÇΓöÇΓöÇΓöÇΓöÇΓöÇΓöÇΓöÇΓöÇΓöÇΓöÇΓöÇΓöÇΓöÇΓöÇΓöÇΓöÇΓöÇΓöÇΓöÇΓöÇΓöÇΓöÇΓöÇΓöÇΓöÇΓöÇΓöÇΓöÇΓöÇΓöÇΓöÇΓöÇΓöÇΓöÇΓöÉ
  Γöé Tests:        5                                                                                Γöé
  Γöé Passing:      0                                                                                Γöé
  Γöé Failing:      5                                                                                Γöé
  Γöé Pending:      0                                                                                Γöé
  Γöé Skipped:      0                                                                                Γöé
  Γöé Screenshots:  0                                                                                Γöé
  Γöé Video:        false                                                                            Γöé
  Γöé Duration:     44 seconds                                                                       Γöé
  Γöé Spec Ran:     UC10/record-diagnosis.spec.ts                                                    Γöé
  ΓööΓöÇΓöÇΓöÇΓöÇΓöÇΓöÇΓöÇΓöÇΓöÇΓöÇΓöÇΓöÇΓöÇΓöÇΓöÇΓöÇΓöÇΓöÇΓöÇΓöÇΓöÇΓöÇΓöÇΓöÇΓöÇΓöÇΓöÇΓöÇΓöÇΓöÇΓöÇΓöÇΓöÇΓöÇΓöÇΓöÇΓöÇΓöÇΓöÇΓöÇΓöÇΓöÇΓöÇΓöÇΓöÇΓöÇΓöÇΓöÇΓöÇΓöÇΓöÇΓöÇΓöÇΓöÇΓöÇΓöÇΓöÇΓöÇΓöÇΓöÇΓöÇΓöÇΓöÇΓöÇΓöÇΓöÇΓöÇΓöÇΓöÇΓöÇΓöÇΓöÇΓöÇΓöÇΓöÇΓöÇΓöÇΓöÇΓöÇΓöÇΓöÇΓöÇΓöÇΓöÇΓöÇΓöÇΓöÇΓöÇΓöÇΓöÇΓöÇΓöÇΓöÇΓöÇΓöÇΓöÇΓöÿ


ΓöÇΓöÇΓöÇΓöÇΓöÇΓöÇΓöÇΓöÇΓöÇΓöÇΓöÇΓöÇΓöÇΓöÇΓöÇΓöÇΓöÇΓöÇΓöÇΓöÇΓöÇΓöÇΓöÇΓöÇΓöÇΓöÇΓöÇΓöÇΓöÇΓöÇΓöÇΓöÇΓöÇΓöÇΓöÇΓöÇΓöÇΓöÇΓöÇΓöÇΓöÇΓöÇΓöÇΓöÇΓöÇΓöÇΓöÇΓöÇΓöÇΓöÇΓöÇΓöÇΓöÇΓöÇΓöÇΓöÇΓöÇΓöÇΓöÇΓöÇΓöÇΓöÇΓöÇΓöÇΓöÇΓöÇΓöÇΓöÇΓöÇΓöÇΓöÇΓöÇΓöÇΓöÇΓöÇΓöÇΓöÇΓöÇΓöÇΓöÇΓöÇΓöÇΓöÇΓöÇΓöÇΓöÇΓöÇΓöÇΓöÇΓöÇΓöÇΓöÇΓöÇΓöÇΓöÇΓöÇΓöÇΓöÇΓöÇΓöÇ
                                                                                                    
  Running:  UC10/view-diagnoses.spec.ts                                                    (5 of 33)
{
  "stats": {
    "suites": 1,
    "tests": 5,
    "passes": 0,
    "pending": 0,
    "failures": 5,
    "start": "2026-09-10T10:31:43.877Z",
    "end": "2026-09-10T10:32:27.568Z",
    "duration": 43691
  },
  "tests": [
    {
      "title": "should view current diagnoses",
      "fullTitle": "View Diagnoses should view current diagnoses",
      "file": null,
      "duration": 9840,
      "currentRetry": 0,
      "err": {
        "message": "Timed out retrying after 8000ms: `cy.eq()` failed because it requires a DOM element or document.\n\nThe subject received was:\n\n  > `jQuery{0}`\n\nThe previous command that ran was:\n\n  > `cy.within()`",
        "name": "CypressError",
        "stack": "CypressError: Timed out retrying after 8000ms: `cy.eq()` failed because it requires a DOM element or document.\n\nThe subject received was:\n\n  > `jQuery{0}`\n\nThe previous command that ran was:\n\n  > `cy.within()`\n    at isElement (http://127.0.0.1:8080/__cypress/runner/cypress_runner.js:153799:58)\n    at validateType (http://127.0.0.1:8080/__cypress/runner/cypress_runner.js:153647:14)\n    at Object.isType (http://127.0.0.1:8080/__cypress/runner/cypress_runner.js:153678:7)\n    at Array.<anonymous> (http://127.0.0.1:8080/__cypress/runner/cypress_runner.js:137251:24)\n    at $Cy.getSubjectFromChain (http://127.0.0.1:8080/__cypress/runner/cypress_runner.js:147102:34)\n    at <unknown> (http://127.0.0.1:8080/__cypress/runner/cypress_runner.js:133935:94)\n    at Object.subjectFn (http://127.0.0.1:8080/__cypress/runner/cypress_runner.js:152585:16)\n    at $Cy.verifyUpcomingAssertions (http://127.0.0.1:8080/__cypress/runner/cypress_runner.js:151816:31)\n    at onRetry (http://127.0.0.1:8080/__cypress/runner/cypress_runner.js:152576:15)\n    at tryCatcher (http://127.0.0.1:8080/__cypress/runner/cypress_runner.js:1780:23)\n    at Promise.attempt.Promise.try (http://127.0.0.1:8080/__cypress/runner/cypress_runner.js:4288:29)\n    at whenStable (http://127.0.0.1:8080/__cypress/runner/cypress_runner.js:152458:70)\n    at <unknown> (http://127.0.0.1:8080/__cypress/runner/cypress_runner.js:152358:14)\n    at tryCatcher (http://127.0.0.1:8080/__cypress/runner/cypress_runner.js:1780:23)\n    at Promise._settlePromiseFromHandler (http://127.0.0.1:8080/__cypress/runner/cypress_runner.js:1492:31)\n    at Promise._settlePromise (http://127.0.0.1:8080/__cypress/runner/cypress_runner.js:1549:18)\n    at Promise._settlePromise0 (http://127.0.0.1:8080/__cypress/runner/cypress_runner.js:1594:10)\n    at Promise._settlePromises (http://127.0.0.1:8080/__cypress/runner/cypress_runner.js:1674:18)\n    at Promise._fulfill (http://127.0.0.1:8080/__cypress/runner/cypress_runner.js:1618:18)\n    at <unknown> (http://127.0.0.1:8080/__cypress/runner/cypress_runner.js:5423:46)\nFrom Your Spec Code:\n    at Context.eval (webpack://itrust2-acceptance-tests/./outputs/autouat/UC10/view-diagnoses.spec.ts:17:32)\n    at withinFn (http://127.0.0.1:8080/__cypress/runner/cypress_runner.js:134397:8)\n    at <unknown> (http://127.0.0.1:8080/__cypress/runner/cypress_runner.js:134478:16)\n    at __WEBPACK_DEFAULT_EXPORT__ (http://127.0.0.1:8080/__cypress/runner/cypress_runner.js:132314:10)\n    at Context.within (http://127.0.0.1:8080/__cypress/runner/cypress_runner.js:134464:67)\n    at wrapped (http://127.0.0.1:8080/__cypress/runner/cypress_runner.js:146597:19)",
        "parsedStack": [
          {
            "message": "CypressError: Timed out retrying after 8000ms: `cy.eq()` failed because it requires a DOM element or document.",
            "whitespace": ""
          },
          {
            "message": "",
            "whitespace": ""
          },
          {
            "message": "The subject received was:",
            "whitespace": ""
          },
          {
            "message": "",
            "whitespace": ""
          },
          {
            "message": "> `jQuery{0}`",
            "whitespace": "  "
          },
          {
            "message": "",
            "whitespace": ""
          },
          {
            "message": "The previous command that ran was:",
            "whitespace": ""
          },
          {
            "message": "",
            "whitespace": ""
          },
          {
            "message": "> `cy.within()`",
            "whitespace": "  "
          },
          {
            "function": "isElement",
            "fileUrl": "http://127.0.0.1:8080/__cypress/runner/cypress_runner.js",
            "originalFile": "http://127.0.0.1:8080/__cypress/runner/cypress_runner.js",
            "line": 153799,
            "column": 58,
            "whitespace": "    "
          },
          {
            "function": "validateType",
            "fileUrl": "http://127.0.0.1:8080/__cypress/runner/cypress_runner.js",
            "originalFile": "http://127.0.0.1:8080/__cypress/runner/cypress_runner.js",
            "line": 153647,
            "column": 14,
            "whitespace": "    "
          },
          {
            "function": "Object.isType",
            "fileUrl": "http://127.0.0.1:8080/__cypress/runner/cypress_runner.js",
            "originalFile": "http://127.0.0.1:8080/__cypress/runner/cypress_runner.js",
            "line": 153678,
            "column": 7,
            "whitespace": "    "
          },
          {
            "function": "Array.<anonymous>",
            "fileUrl": "http://127.0.0.1:8080/__cypress/runner/cypress_runner.js",
            "originalFile": "http://127.0.0.1:8080/__cypress/runner/cypress_runner.js",
            "line": 137251,
            "column": 24,
            "whitespace": "    "
          },
          {
            "function": "$Cy.getSubjectFromChain",
            "fileUrl": "http://127.0.0.1:8080/__cypress/runner/cypress_runner.js",
            "originalFile": "http://127.0.0.1:8080/__cypress/runner/cypress_runner.js",
            "line": 147102,
            "column": 34,
            "whitespace": "    "
          },
          {
            "function": "<unknown>",
            "fileUrl": "http://127.0.0.1:8080/__cypress/runner/cypress_runner.js",
            "originalFile": "http://127.0.0.1:8080/__cypress/runner/cypress_runner.js",
            "line": 133935,
            "column": 94,
            "whitespace": "    "
          },
          {
            "function": "Object.subjectFn",
            "fileUrl": "http://127.0.0.1:8080/__cypress/runner/cypress_runner.js",
            "originalFile": "http://127.0.0.1:8080/__cypress/runner/cypress_runner.js",
            "line": 152585,
            "column": 16,
            "whitespace": "    "
          },
          {
            "function": "$Cy.verifyUpcomingAssertions",
            "fileUrl": "http://127.0.0.1:8080/__cypress/runner/cypress_runner.js",
            "originalFile": "http://127.0.0.1:8080/__cypress/runner/cypress_runner.js",
            "line": 151816,
            "column": 31,
            "whitespace": "    "
          },
          {
            "function": "onRetry",
            "fileUrl": "http://127.0.0.1:8080/__cypress/runner/cypress_runner.js",
            "originalFile": "http://127.0.0.1:8080/__cypress/runner/cypress_runner.js",
            "line": 152576,
            "column": 15,
            "whitespace": "    "
          },
          {
            "function": "tryCatcher",
            "fileUrl": "http://127.0.0.1:8080/__cypress/runner/cypress_runner.js",
            "originalFile": "http://127.0.0.1:8080/__cypress/runner/cypress_runner.js",
            "line": 1780,
            "column": 23,
            "whitespace": "    "
          },
          {
            "function": "Promise.attempt.Promise.try",
            "fileUrl": "http://127.0.0.1:8080/__cypress/runner/cypress_runner.js",
            "originalFile": "http://127.0.0.1:8080/__cypress/runner/cypress_runner.js",
            "line": 4288,
            "column": 29,
            "whitespace": "    "
          },
          {
            "function": "whenStable",
            "fileUrl": "http://127.0.0.1:8080/__cypress/runner/cypress_runner.js",
            "originalFile": "http://127.0.0.1:8080/__cypress/runner/cypress_runner.js",
            "line": 152458,
            "column": 70,
            "whitespace": "    "
          },
          {
            "function": "<unknown>",
            "fileUrl": "http://127.0.0.1:8080/__cypress/runner/cypress_runner.js",
            "originalFile": "http://127.0.0.1:8080/__cypress/runner/cypress_runner.js",
            "line": 152358,
            "column": 14,
            "whitespace": "    "
          },
          {
            "function": "tryCatcher",
            "fileUrl": "http://127.0.0.1:8080/__cypress/runner/cypress_runner.js",
            "originalFile": "http://127.0.0.1:8080/__cypress/runner/cypress_runner.js",
            "line": 1780,
            "column": 23,
            "whitespace": "    "
          },
          {
            "function": "Promise._settlePromiseFromHandler",
            "fileUrl": "http://127.0.0.1:8080/__cypress/runner/cypress_runner.js",
            "originalFile": "http://127.0.0.1:8080/__cypress/runner/cypress_runner.js",
            "line": 1492,
            "column": 31,
            "whitespace": "    "
          },
          {
            "function": "Promise._settlePromise",
            "fileUrl": "http://127.0.0.1:8080/__cypress/runner/cypress_runner.js",
            "originalFile": "http://127.0.0.1:8080/__cypress/runner/cypress_runner.js",
            "line": 1549,
            "column": 18,
            "whitespace": "    "
          },
          {
            "function": "Promise._settlePromise0",
            "fileUrl": "http://127.0.0.1:8080/__cypress/runner/cypress_runner.js",
            "originalFile": "http://127.0.0.1:8080/__cypress/runner/cypress_runner.js",
            "line": 1594,
            "column": 10,
            "whitespace": "    "
          },
          {
            "function": "Promise._settlePromises",
            "fileUrl": "http://127.0.0.1:8080/__cypress/runner/cypress_runner.js",
            "originalFile": "http://127.0.0.1:8080/__cypress/runner/cypress_runner.js",
            "line": 1674,
            "column": 18,
            "whitespace": "    "
          },
          {
            "function": "Promise._fulfill",
            "fileUrl": "http://127.0.0.1:8080/__cypress/runner/cypress_runner.js",
            "originalFile": "http://127.0.0.1:8080/__cypress/runner/cypress_runner.js",
            "line": 1618,
            "column": 18,
            "whitespace": "    "
          },
          {
            "function": "<unknown>",
            "fileUrl": "http://127.0.0.1:8080/__cypress/runner/cypress_runner.js",
            "originalFile": "http://127.0.0.1:8080/__cypress/runner/cypress_runner.js",
            "line": 5423,
            "column": 46,
            "whitespace": "    "
          },
          {
            "message": "From Your Spec Code:",
            "whitespace": ""
          },
          {
            "function": "Context.eval",
            "fileUrl": "http://127.0.0.1:8080/__cypress/tests?p=outputs\\autouat\\UC10\\view-diagnoses.spec.ts",
            "originalFile": "webpack://itrust2-acceptance-tests/./outputs/autouat/UC10/view-diagnoses.spec.ts",
            "relativeFile": "outputs/autouat/UC10/view-diagnoses.spec.ts",
            "absoluteFile": "D:\\APCS\\Acceptance/outputs/autouat/UC10/view-diagnoses.spec.ts",
            "line": 17,
            "column": 32,
            "whitespace": "    "
          },
          {
            "function": "withinFn",
            "fileUrl": "http://127.0.0.1:8080/__cypress/runner/cypress_runner.js",
            "originalFile": "http://127.0.0.1:8080/__cypress/runner/cypress_runner.js",
            "line": 134397,
            "column": 8,
            "whitespace": "    "
          },
          {
            "function": "<unknown>",
            "fileUrl": "http://127.0.0.1:8080/__cypress/runner/cypress_runner.js",
            "originalFile": "http://127.0.0.1:8080/__cypress/runner/cypress_runner.js",
            "line": 134478,
            "column": 16,
            "whitespace": "    "
          },
          {
            "function": "__WEBPACK_DEFAULT_EXPORT__",
            "fileUrl": "http://127.0.0.1:8080/__cypress/runner/cypress_runner.js",
            "originalFile": "http://127.0.0.1:8080/__cypress/runner/cypress_runner.js",
            "line": 132314,
            "column": 10,
            "whitespace": "    "
          },
          {
            "function": "Context.within",
            "fileUrl": "http://127.0.0.1:8080/__cypress/runner/cypress_runner.js",
            "originalFile": "http://127.0.0.1:8080/__cypress/runner/cypress_runner.js",
            "line": 134464,
            "column": 67,
            "whitespace": "    "
          },
          {
            "function": "wrapped",
            "fileUrl": "http://127.0.0.1:8080/__cypress/runner/cypress_runner.js",
            "originalFile": "http://127.0.0.1:8080/__cypress/runner/cypress_runner.js",
            "line": 146597,
            "column": 19,
            "whitespace": "    "
          }
        ],
        "codeFrame": {
          "line": 17,
          "column": 33,
          "originalFile": "outputs/autouat/UC10/view-diagnoses.spec.ts",
          "relativeFile": "outputs/autouat/UC10/view-diagnoses.spec.ts",
          "absoluteFile": "D:\\APCS\\Acceptance/outputs/autouat/UC10/view-diagnoses.spec.ts",
          "frame": "  15 |     // Check for specific current diagnoses\n  16 |     cy.get('tbody tr[name=\"diagnosis\"]').eq(0).within(() => {\n> 17 |       cy.get('td[name=\"date\"]').should('contain', '2023-01-15');\n     |                                 ^\n  18 |       cy.get('td[name=\"description\"]').should('contain', 'High blood pressure');\n  19 |     });\n  20 |",
          "language": "ts"
        }
      }
    },
    {
      "title": "should view past diagnoses",
      "fullTitle": "View Diagnoses should view past diagnoses",
      "file": null,
      "duration": 8413,
      "currentRetry": 0,
      "err": {
        "message": "Timed out retrying after 8000ms: `cy.eq()` failed because it requires a DOM element or document.\n\nNo elements in the current DOM matched your query:\n\n  > cy.get(tbody tr[name=\"diagnosis\"])",
        "name": "CypressError",
        "stack": "CypressError: Timed out retrying after 8000ms: `cy.eq()` failed because it requires a DOM element or document.\n\nNo elements in the current DOM matched your query:\n\n  > cy.get(tbody tr[name=\"diagnosis\"])\n    at isElement (http://127.0.0.1:8080/__cypress/runner/cypress_runner.js:153790:62)\n    at validateType (http://127.0.0.1:8080/__cypress/runner/cypress_runner.js:153647:14)\n    at Object.isType (http://127.0.0.1:8080/__cypress/runner/cypress_runner.js:153678:7)\n    at <unknown> (http://127.0.0.1:8080/__cypress/runner/cypress_runner.js:137251:24)\n    at Object.subjectFn (http://127.0.0.1:8080/__cypress/runner/cypress_runner.js:152585:16)\n    at $Cy.verifyUpcomingAssertions (http://127.0.0.1:8080/__cypress/runner/cypress_runner.js:151816:31)\n    at onRetry (http://127.0.0.1:8080/__cypress/runner/cypress_runner.js:152576:15)\n    at tryCatcher (http://127.0.0.1:8080/__cypress/runner/cypress_runner.js:1780:23)\n    at Promise.attempt.Promise.try (http://127.0.0.1:8080/__cypress/runner/cypress_runner.js:4288:29)\n    at whenStable (http://127.0.0.1:8080/__cypress/runner/cypress_runner.js:152458:70)\n    at <unknown> (http://127.0.0.1:8080/__cypress/runner/cypress_runner.js:152358:14)\n    at tryCatcher (http://127.0.0.1:8080/__cypress/runner/cypress_runner.js:1780:23)\n    at Promise._settlePromiseFromHandler (http://127.0.0.1:8080/__cypress/runner/cypress_runner.js:1492:31)\n    at Promise._settlePromise (http://127.0.0.1:8080/__cypress/runner/cypress_runner.js:1549:18)\n    at Promise._settlePromise0 (http://127.0.0.1:8080/__cypress/runner/cypress_runner.js:1594:10)\n    at Promise._settlePromises (http://127.0.0.1:8080/__cypress/runner/cypress_runner.js:1674:18)\n    at Promise._fulfill (http://127.0.0.1:8080/__cypress/runner/cypress_runner.js:1618:18)\n    at <unknown> (http://127.0.0.1:8080/__cypress/runner/cypress_runner.js:5423:46)\nFrom Your Spec Code:\n    at Context.eval (webpack://itrust2-acceptance-tests/./outputs/autouat/UC10/view-diagnoses.spec.ts:36:41)",
        "parsedStack": [
          {
            "message": "CypressError: Timed out retrying after 8000ms: `cy.eq()` failed because it requires a DOM element or document.",
            "whitespace": ""
          },
          {
            "message": "",
            "whitespace": ""
          },
          {
            "message": "No elements in the current DOM matched your query:",
            "whitespace": ""
          },
          {
            "message": "",
            "whitespace": ""
          },
          {
            "message": "> cy.get(tbody tr[name=\"diagnosis\"])",
            "whitespace": "  "
          },
          {
            "function": "isElement",
            "fileUrl": "http://127.0.0.1:8080/__cypress/runner/cypress_runner.js",
            "originalFile": "http://127.0.0.1:8080/__cypress/runner/cypress_runner.js",
            "line": 153790,
            "column": 62,
            "whitespace": "    "
          },
          {
            "function": "validateType",
            "fileUrl": "http://127.0.0.1:8080/__cypress/runner/cypress_runner.js",
            "originalFile": "http://127.0.0.1:8080/__cypress/runner/cypress_runner.js",
            "line": 153647,
            "column": 14,
            "whitespace": "    "
          },
          {
            "function": "Object.isType",
            "fileUrl": "http://127.0.0.1:8080/__cypress/runner/cypress_runner.js",
            "originalFile": "http://127.0.0.1:8080/__cypress/runner/cypress_runner.js",
            "line": 153678,
            "column": 7,
            "whitespace": "    "
          },
          {
            "function": "<unknown>",
            "fileUrl": "http://127.0.0.1:8080/__cypress/runner/cypress_runner.js",
            "originalFile": "http://127.0.0.1:8080/__cypress/runner/cypress_runner.js",
            "line": 137251,
            "column": 24,
            "whitespace": "    "
          },
          {
            "function": "Object.subjectFn",
            "fileUrl": "http://127.0.0.1:8080/__cypress/runner/cypress_runner.js",
            "originalFile": "http://127.0.0.1:8080/__cypress/runner/cypress_runner.js",
            "line": 152585,
            "column": 16,
            "whitespace": "    "
          },
          {
            "function": "$Cy.verifyUpcomingAssertions",
            "fileUrl": "http://127.0.0.1:8080/__cypress/runner/cypress_runner.js",
            "originalFile": "http://127.0.0.1:8080/__cypress/runner/cypress_runner.js",
            "line": 151816,
            "column": 31,
            "whitespace": "    "
          },
          {
            "function": "onRetry",
            "fileUrl": "http://127.0.0.1:8080/__cypress/runner/cypress_runner.js",
            "originalFile": "http://127.0.0.1:8080/__cypress/runner/cypress_runner.js",
            "line": 152576,
            "column": 15,
            "whitespace": "    "
          },
          {
            "function": "tryCatcher",
            "fileUrl": "http://127.0.0.1:8080/__cypress/runner/cypress_runner.js",
            "originalFile": "http://127.0.0.1:8080/__cypress/runner/cypress_runner.js",
            "line": 1780,
            "column": 23,
            "whitespace": "    "
          },
          {
            "function": "Promise.attempt.Promise.try",
            "fileUrl": "http://127.0.0.1:8080/__cypress/runner/cypress_runner.js",
            "originalFile": "http://127.0.0.1:8080/__cypress/runner/cypress_runner.js",
            "line": 4288,
            "column": 29,
            "whitespace": "    "
          },
          {
            "function": "whenStable",
            "fileUrl": "http://127.0.0.1:8080/__cypress/runner/cypress_runner.js",
            "originalFile": "http://127.0.0.1:8080/__cypress/runner/cypress_runner.js",
            "line": 152458,
            "column": 70,
            "whitespace": "    "
          },
          {
            "function": "<unknown>",
            "fileUrl": "http://127.0.0.1:8080/__cypress/runner/cypress_runner.js",
            "originalFile": "http://127.0.0.1:8080/__cypress/runner/cypress_runner.js",
            "line": 152358,
            "column": 14,
            "whitespace": "    "
          },
          {
            "function": "tryCatcher",
            "fileUrl": "http://127.0.0.1:8080/__cypress/runner/cypress_runner.js",
            "originalFile": "http://127.0.0.1:8080/__cypress/runner/cypress_runner.js",
            "line": 1780,
            "column": 23,
            "whitespace": "    "
          },
          {
            "function": "Promise._settlePromiseFromHandler",
            "fileUrl": "http://127.0.0.1:8080/__cypress/runner/cypress_runner.js",
            "originalFile": "http://127.0.0.1:8080/__cypress/runner/cypress_runner.js",
            "line": 1492,
            "column": 31,
            "whitespace": "    "
          },
          {
            "function": "Promise._settlePromise",
            "fileUrl": "http://127.0.0.1:8080/__cypress/runner/cypress_runner.js",
            "originalFile": "http://127.0.0.1:8080/__cypress/runner/cypress_runner.js",
            "line": 1549,
            "column": 18,
            "whitespace": "    "
          },
          {
            "function": "Promise._settlePromise0",
            "fileUrl": "http://127.0.0.1:8080/__cypress/runner/cypress_runner.js",
            "originalFile": "http://127.0.0.1:8080/__cypress/runner/cypress_runner.js",
            "line": 1594,
            "column": 10,
            "whitespace": "    "
          },
          {
            "function": "Promise._settlePromises",
            "fileUrl": "http://127.0.0.1:8080/__cypress/runner/cypress_runner.js",
            "originalFile": "http://127.0.0.1:8080/__cypress/runner/cypress_runner.js",
            "line": 1674,
            "column": 18,
            "whitespace": "    "
          },
          {
            "function": "Promise._fulfill",
            "fileUrl": "http://127.0.0.1:8080/__cypress/runner/cypress_runner.js",
            "originalFile": "http://127.0.0.1:8080/__cypress/runner/cypress_runner.js",
            "line": 1618,
            "column": 18,
            "whitespace": "    "
          },
          {
            "function": "<unknown>",
            "fileUrl": "http://127.0.0.1:8080/__cypress/runner/cypress_runner.js",
            "originalFile": "http://127.0.0.1:8080/__cypress/runner/cypress_runner.js",
            "line": 5423,
            "column": 46,
            "whitespace": "    "
          },
          {
            "message": "From Your Spec Code:",
            "whitespace": ""
          },
          {
            "function": "Context.eval",
            "fileUrl": "http://127.0.0.1:8080/__cypress/tests?p=outputs\\autouat\\UC10\\view-diagnoses.spec.ts",
            "originalFile": "webpack://itrust2-acceptance-tests/./outputs/autouat/UC10/view-diagnoses.spec.ts",
            "relativeFile": "outputs/autouat/UC10/view-diagnoses.spec.ts",
            "absoluteFile": "D:\\APCS\\Acceptance/outputs/autouat/UC10/view-diagnoses.spec.ts",
            "line": 36,
            "column": 41,
            "whitespace": "    "
          }
        ],
        "codeFrame": {
          "line": 36,
          "column": 42,
          "originalFile": "outputs/autouat/UC10/view-diagnoses.spec.ts",
          "relativeFile": "outputs/autouat/UC10/view-diagnoses.spec.ts",
          "absoluteFile": "D:\\APCS\\Acceptance/outputs/autouat/UC10/view-diagnoses.spec.ts",
          "frame": "  34 |\n  35 |     // Check for specific past diagnoses\n> 36 |     cy.get('tbody tr[name=\"diagnosis\"]').eq(2).within(() => {\n     |                                          ^\n  37 |       cy.get('td[name=\"date\"]').should('contain', '2020-05-20');\n  38 |       cy.get('td[name=\"description\"]').should('contain', 'Chronic respiratory condition');\n  39 |     });",
          "language": "ts"
        }
      }
    },
    {
      "title": "should view details of a specific diagnosis",
      "fullTitle": "View Diagnoses should view details of a specific diagnosis",
      "file": null,
      "duration": 8186,
      "currentRetry": 0,
      "err": {
        "message": "Timed out retrying after 8050ms: `cy.click()` failed because it requires a DOM element or document.\n\nNo elements in the current DOM matched your query:\n\n  > cy.get(tbody tr[name=\"diagnosis\"]).eq(0)",
        "name": "CypressError",
        "stack": "CypressError: Timed out retrying after 8050ms: `cy.click()` failed because it requires a DOM element or document.\n\nNo elements in the current DOM matched your query:\n\n  > cy.get(tbody tr[name=\"diagnosis\"]).eq(0)\n    at isElement (http://127.0.0.1:8080/__cypress/runner/cypress_runner.js:153790:62)\n    at validateType (http://127.0.0.1:8080/__cypress/runner/cypress_runner.js:153647:14)\n    at Object.isType (http://127.0.0.1:8080/__cypress/runner/cypress_runner.js:153678:7)\n    at Array.<anonymous> (http://127.0.0.1:8080/__cypress/runner/cypress_runner.js:137251:24)\n    at $Cy.getSubjectFromChain (http://127.0.0.1:8080/__cypress/runner/cypress_runner.js:147102:34)\n    at Object.subjectFn (http://127.0.0.1:8080/__cypress/runner/cypress_runner.js:113336:51)\n    at retryActionability (http://127.0.0.1:8080/__cypress/runner/cypress_runner.js:114072:27)\n    at tryCatcher (http://127.0.0.1:8080/__cypress/runner/cypress_runner.js:1780:23)\n    at Promise.attempt.Promise.try (http://127.0.0.1:8080/__cypress/runner/cypress_runner.js:4288:29)\n    at whenStable (http://127.0.0.1:8080/__cypress/runner/cypress_runner.js:152458:70)\n    at <unknown> (http://127.0.0.1:8080/__cypress/runner/cypress_runner.js:152358:14)\n    at tryCatcher (http://127.0.0.1:8080/__cypress/runner/cypress_runner.js:1780:23)\n    at Promise._settlePromiseFromHandler (http://127.0.0.1:8080/__cypress/runner/cypress_runner.js:1492:31)\n    at Promise._settlePromise (http://127.0.0.1:8080/__cypress/runner/cypress_runner.js:1549:18)\n    at Promise._settlePromise0 (http://127.0.0.1:8080/__cypress/runner/cypress_runner.js:1594:10)\n    at Promise._settlePromises (http://127.0.0.1:8080/__cypress/runner/cypress_runner.js:1674:18)\n    at Promise._fulfill (http://127.0.0.1:8080/__cypress/runner/cypress_runner.js:1618:18)\n    at <unknown> (http://127.0.0.1:8080/__cypress/runner/cypress_runner.js:5423:46)",
        "parsedStack": [
          {
            "message": "CypressError: Timed out retrying after 8050ms: `cy.click()` failed because it requires a DOM element or document.",
            "whitespace": ""
          },
          {
            "message": "",
            "whitespace": ""
          },
          {
            "message": "No elements in the current DOM matched your query:",
            "whitespace": ""
          },
          {
            "message": "",
            "whitespace": ""
          },
          {
            "message": "> cy.get(tbody tr[name=\"diagnosis\"]).eq(0)",
            "whitespace": "  "
          },
          {
            "function": "isElement",
            "fileUrl": "http://127.0.0.1:8080/__cypress/runner/cypress_runner.js",
            "originalFile": "http://127.0.0.1:8080/__cypress/runner/cypress_runner.js",
            "line": 153790,
            "column": 62,
            "whitespace": "    "
          },
          {
            "function": "validateType",
            "fileUrl": "http://127.0.0.1:8080/__cypress/runner/cypress_runner.js",
            "originalFile": "http://127.0.0.1:8080/__cypress/runner/cypress_runner.js",
            "line": 153647,
            "column": 14,
            "whitespace": "    "
          },
          {
            "function": "Object.isType",
            "fileUrl": "http://127.0.0.1:8080/__cypress/runner/cypress_runner.js",
            "originalFile": "http://127.0.0.1:8080/__cypress/runner/cypress_runner.js",
            "line": 153678,
            "column": 7,
            "whitespace": "    "
          },
          {
            "function": "Array.<anonymous>",
            "fileUrl": "http://127.0.0.1:8080/__cypress/runner/cypress_runner.js",
            "originalFile": "http://127.0.0.1:8080/__cypress/runner/cypress_runner.js",
            "line": 137251,
            "column": 24,
            "whitespace": "    "
          },
          {
            "function": "$Cy.getSubjectFromChain",
            "fileUrl": "http://127.0.0.1:8080/__cypress/runner/cypress_runner.js",
            "originalFile": "http://127.0.0.1:8080/__cypress/runner/cypress_runner.js",
            "line": 147102,
            "column": 34,
            "whitespace": "    "
          },
          {
            "function": "Object.subjectFn",
            "fileUrl": "http://127.0.0.1:8080/__cypress/runner/cypress_runner.js",
            "originalFile": "http://127.0.0.1:8080/__cypress/runner/cypress_runner.js",
            "line": 113336,
            "column": 51,
            "whitespace": "    "
          },
          {
            "function": "retryActionability",
            "fileUrl": "http://127.0.0.1:8080/__cypress/runner/cypress_runner.js",
            "originalFile": "http://127.0.0.1:8080/__cypress/runner/cypress_runner.js",
            "line": 114072,
            "column": 27,
            "whitespace": "    "
          },
          {
            "function": "tryCatcher",
            "fileUrl": "http://127.0.0.1:8080/__cypress/runner/cypress_runner.js",
            "originalFile": "http://127.0.0.1:8080/__cypress/runner/cypress_runner.js",
            "line": 1780,
            "column": 23,
            "whitespace": "    "
          },
          {
            "function": "Promise.attempt.Promise.try",
            "fileUrl": "http://127.0.0.1:8080/__cypress/runner/cypress_runner.js",
            "originalFile": "http://127.0.0.1:8080/__cypress/runner/cypress_runner.js",
            "line": 4288,
            "column": 29,
            "whitespace": "    "
          },
          {
            "function": "whenStable",
            "fileUrl": "http://127.0.0.1:8080/__cypress/runner/cypress_runner.js",
            "originalFile": "http://127.0.0.1:8080/__cypress/runner/cypress_runner.js",
            "line": 152458,
            "column": 70,
            "whitespace": "    "
          },
          {
            "function": "<unknown>",
            "fileUrl": "http://127.0.0.1:8080/__cypress/runner/cypress_runner.js",
            "originalFile": "http://127.0.0.1:8080/__cypress/runner/cypress_runner.js",
            "line": 152358,
            "column": 14,
            "whitespace": "    "
          },
          {
            "function": "tryCatcher",
            "fileUrl": "http://127.0.0.1:8080/__cypress/runner/cypress_runner.js",
            "originalFile": "http://127.0.0.1:8080/__cypress/runner/cypress_runner.js",
            "line": 1780,
            "column": 23,
            "whitespace": "    "
          },
          {
            "function": "Promise._settlePromiseFromHandler",
            "fileUrl": "http://127.0.0.1:8080/__cypress/runner/cypress_runner.js",
            "originalFile": "http://127.0.0.1:8080/__cypress/runner/cypress_runner.js",
            "line": 1492,
            "column": 31,
            "whitespace": "    "
          },
          {
            "function": "Promise._settlePromise",
            "fileUrl": "http://127.0.0.1:8080/__cypress/runner/cypress_runner.js",
            "originalFile": "http://127.0.0.1:8080/__cypress/runner/cypress_runner.js",
            "line": 1549,
            "column": 18,
            "whitespace": "    "
          },
          {
            "function": "Promise._settlePromise0",
            "fileUrl": "http://127.0.0.1:8080/__cypress/runner/cypress_runner.js",
            "originalFile": "http://127.0.0.1:8080/__cypress/runner/cypress_runner.js",
            "line": 1594,
            "column": 10,
            "whitespace": "    "
          },
          {
            "function": "Promise._settlePromises",
            "fileUrl": "http://127.0.0.1:8080/__cypress/runner/cypress_runner.js",
            "originalFile": "http://127.0.0.1:8080/__cypress/runner/cypress_runner.js",
            "line": 1674,
            "column": 18,
            "whitespace": "    "
          },
          {
            "function": "Promise._fulfill",
            "fileUrl": "http://127.0.0.1:8080/__cypress/runner/cypress_runner.js",
            "originalFile": "http://127.0.0.1:8080/__cypress/runner/cypress_runner.js",
            "line": 1618,
            "column": 18,
            "whitespace": "    "
          },
          {
            "function": "<unknown>",
            "fileUrl": "http://127.0.0.1:8080/__cypress/runner/cypress_runner.js",
            "originalFile": "http://127.0.0.1:8080/__cypress/runner/cypress_runner.js",
            "line": 5423,
            "column": 46,
            "whitespace": "    "
          }
        ]
      }
    },
    {
      "title": "should display message when no diagnoses are available",
      "fullTitle": "View Diagnoses should display message when no diagnoses are available",
      "file": null,
      "duration": 8492,
      "currentRetry": 0,
      "err": {
        "message": "Timed out retrying after 8000ms: expected '<h4.ng-pristine.ng-untouched.ng-valid.ng-empty>' to contain 'No diagnoses available'",
        "name": "AssertionError",
        "stack": "AssertionError: Timed out retrying after 8000ms: expected '<h4.ng-pristine.ng-untouched.ng-valid.ng-empty>' to contain 'No diagnoses available'\n    at Context.eval (webpack://itrust2-acceptance-tests/./outputs/autouat/UC10/view-diagnoses.spec.ts:72:17)",
        "parsedStack": [
          {
            "message": "AssertionError: Timed out retrying after 8000ms: expected '<h4.ng-pristine.ng-untouched.ng-valid.ng-empty>' to contain 'No diagnoses available'",
            "whitespace": ""
          },
          {
            "function": "Context.eval",
            "fileUrl": "http://127.0.0.1:8080/__cypress/tests?p=outputs\\autouat\\UC10\\view-diagnoses.spec.ts",
            "originalFile": "webpack://itrust2-acceptance-tests/./outputs/autouat/UC10/view-diagnoses.spec.ts",
            "relativeFile": "outputs/autouat/UC10/view-diagnoses.spec.ts",
            "absoluteFile": "D:\\APCS\\Acceptance/outputs/autouat/UC10/view-diagnoses.spec.ts",
            "line": 72,
            "column": 17,
            "whitespace": "    "
          }
        ],
        "codeFrame": {
          "line": 72,
          "column": 18,
          "originalFile": "outputs/autouat/UC10/view-diagnoses.spec.ts",
          "relativeFile": "outputs/autouat/UC10/view-diagnoses.spec.ts",
          "absoluteFile": "D:\\APCS\\Acceptance/outputs/autouat/UC10/view-diagnoses.spec.ts",
          "frame": "  70 |\n  71 |     // Assert that the message is displayed\n> 72 |     cy.get('h4').should('contain', 'No diagnoses available');\n     |                  ^\n  73 |   });\n  74 |\n  75 |   it('should redirect to login page when not logged in', () => {",
          "language": "ts"
        }
      }
    },
    {
      "title": "should redirect to login page when not logged in",
      "fullTitle": "View Diagnoses should redirect to login page when not logged in",
      "file": null,
      "duration": 8528,
      "currentRetry": 0,
      "err": {
        "message": "Timed out retrying after 8000ms: Expected to find element: `h4`, but never found it.",
        "type": "existence",
        "name": "AssertionError",
        "stack": "AssertionError: Timed out retrying after 8000ms: Expected to find element: `h4`, but never found it.\n    at Context.eval (webpack://itrust2-acceptance-tests/./outputs/autouat/UC10/view-diagnoses.spec.ts:84:17)",
        "parsedStack": [
          {
            "message": "AssertionError: Timed out retrying after 8000ms: Expected to find element: `h4`, but never found it.",
            "whitespace": ""
          },
          {
            "function": "Context.eval",
            "fileUrl": "http://127.0.0.1:8080/__cypress/tests?p=outputs\\autouat\\UC10\\view-diagnoses.spec.ts",
            "originalFile": "webpack://itrust2-acceptance-tests/./outputs/autouat/UC10/view-diagnoses.spec.ts",
            "relativeFile": "outputs/autouat/UC10/view-diagnoses.spec.ts",
            "absoluteFile": "D:\\APCS\\Acceptance/outputs/autouat/UC10/view-diagnoses.spec.ts",
            "line": 84,
            "column": 17,
            "whitespace": "    "
          }
        ],
        "codeFrame": {
          "line": 84,
          "column": 18,
          "originalFile": "outputs/autouat/UC10/view-diagnoses.spec.ts",
          "relativeFile": "outputs/autouat/UC10/view-diagnoses.spec.ts",
          "absoluteFile": "D:\\APCS\\Acceptance/outputs/autouat/UC10/view-diagnoses.spec.ts",
          "frame": "  82 |     // Assert that the user is redirected to the login page\n  83 |     cy.url().should('include', '/iTrust2/login');\n> 84 |     cy.get('h4').should('contain', 'Please log in to view your diagnoses');\n     |                  ^\n  85 |   });\n  86 | });",
          "language": "ts"
        }
      }
    }
  ],
  "pending": [],
  "failures": [
    {
      "title": "should view current diagnoses",
      "fullTitle": "View Diagnoses should view current diagnoses",
      "file": null,
      "currentRetry": 0,
      "err": {
        "message": "Timed out retrying after 8000ms: `cy.eq()` failed because it requires a DOM element or document.\n\nThe subject received was:\n\n  > `jQuery{0}`\n\nThe previous command that ran was:\n\n  > `cy.within()`",
        "name": "CypressError",
        "stack": "CypressError: Timed out retrying after 8000ms: `cy.eq()` failed because it requires a DOM element or document.\n\nThe subject received was:\n\n  > `jQuery{0}`\n\nThe previous command that ran was:\n\n  > `cy.within()`\n    at isElement (http://127.0.0.1:8080/__cypress/runner/cypress_runner.js:153799:58)\n    at validateType (http://127.0.0.1:8080/__cypress/runner/cypress_runner.js:153647:14)\n    at Object.isType (http://127.0.0.1:8080/__cypress/runner/cypress_runner.js:153678:7)\n    at Array.<anonymous> (http://127.0.0.1:8080/__cypress/runner/cypress_runner.js:137251:24)\n    at $Cy.getSubjectFromChain (http://127.0.0.1:8080/__cypress/runner/cypress_runner.js:147102:34)\n    at <unknown> (http://127.0.0.1:8080/__cypress/runner/cypress_runner.js:133935:94)\n    at Object.subjectFn (http://127.0.0.1:8080/__cypress/runner/cypress_runner.js:152585:16)\n    at $Cy.verifyUpcomingAssertions (http://127.0.0.1:8080/__cypress/runner/cypress_runner.js:151816:31)\n    at onRetry (http://127.0.0.1:8080/__cypress/runner/cypress_runner.js:152576:15)\n    at tryCatcher (http://127.0.0.1:8080/__cypress/runner/cypress_runner.js:1780:23)\n    at Promise.attempt.Promise.try (http://127.0.0.1:8080/__cypress/runner/cypress_runner.js:4288:29)\n    at whenStable (http://127.0.0.1:8080/__cypress/runner/cypress_runner.js:152458:70)\n    at <unknown> (http://127.0.0.1:8080/__cypress/runner/cypress_runner.js:152358:14)\n    at tryCatcher (http://127.0.0.1:8080/__cypress/runner/cypress_runner.js:1780:23)\n    at Promise._settlePromiseFromHandler (http://127.0.0.1:8080/__cypress/runner/cypress_runner.js:1492:31)\n    at Promise._settlePromise (http://127.0.0.1:8080/__cypress/runner/cypress_runner.js:1549:18)\n    at Promise._settlePromise0 (http://127.0.0.1:8080/__cypress/runner/cypress_runner.js:1594:10)\n    at Promise._settlePromises (http://127.0.0.1:8080/__cypress/runner/cypress_runner.js:1674:18)\n    at Promise._fulfill (http://127.0.0.1:8080/__cypress/runner/cypress_runner.js:1618:18)\n    at <unknown> (http://127.0.0.1:8080/__cypress/runner/cypress_runner.js:5423:46)\nFrom Your Spec Code:\n    at Context.eval (webpack://itrust2-acceptance-tests/./outputs/autouat/UC10/view-diagnoses.spec.ts:17:32)\n    at withinFn (http://127.0.0.1:8080/__cypress/runner/cypress_runner.js:134397:8)\n    at <unknown> (http://127.0.0.1:8080/__cypress/runner/cypress_runner.js:134478:16)\n    at __WEBPACK_DEFAULT_EXPORT__ (http://127.0.0.1:8080/__cypress/runner/cypress_runner.js:132314:10)\n    at Context.within (http://127.0.0.1:8080/__cypress/runner/cypress_runner.js:134464:67)\n    at wrapped (http://127.0.0.1:8080/__cypress/runner/cypress_runner.js:146597:19)",
        "parsedStack": [
          {
            "message": "CypressError: Timed out retrying after 8000ms: `cy.eq()` failed because it requires a DOM element or document.",
            "whitespace": ""
          },
          {
            "message": "",
            "whitespace": ""
          },
          {
            "message": "The subject received was:",
            "whitespace": ""
          },
          {
            "message": "",
            "whitespace": ""
          },
          {
            "message": "> `jQuery{0}`",
            "whitespace": "  "
          },
          {
            "message": "",
            "whitespace": ""
          },
          {
            "message": "The previous command that ran was:",
            "whitespace": ""
          },
          {
            "message": "",
            "whitespace": ""
          },
          {
            "message": "> `cy.within()`",
            "whitespace": "  "
          },
          {
            "function": "isElement",
            "fileUrl": "http://127.0.0.1:8080/__cypress/runner/cypress_runner.js",
            "originalFile": "http://127.0.0.1:8080/__cypress/runner/cypress_runner.js",
            "line": 153799,
            "column": 58,
            "whitespace": "    "
          },
          {
            "function": "validateType",
            "fileUrl": "http://127.0.0.1:8080/__cypress/runner/cypress_runner.js",
            "originalFile": "http://127.0.0.1:8080/__cypress/runner/cypress_runner.js",
            "line": 153647,
            "column": 14,
            "whitespace": "    "
          },
          {
            "function": "Object.isType",
            "fileUrl": "http://127.0.0.1:8080/__cypress/runner/cypress_runner.js",
            "originalFile": "http://127.0.0.1:8080/__cypress/runner/cypress_runner.js",
            "line": 153678,
            "column": 7,
            "whitespace": "    "
          },
          {
            "function": "Array.<anonymous>",
            "fileUrl": "http://127.0.0.1:8080/__cypress/runner/cypress_runner.js",
            "originalFile": "http://127.0.0.1:8080/__cypress/runner/cypress_runner.js",
            "line": 137251,
            "column": 24,
            "whitespace": "    "
          },
          {
            "function": "$Cy.getSubjectFromChain",
            "fileUrl": "http://127.0.0.1:8080/__cypress/runner/cypress_runner.js",
            "originalFile": "http://127.0.0.1:8080/__cypress/runner/cypress_runner.js",
            "line": 147102,
            "column": 34,
            "whitespace": "    "
          },
          {
            "function": "<unknown>",
            "fileUrl": "http://127.0.0.1:8080/__cypress/runner/cypress_runner.js",
            "originalFile": "http://127.0.0.1:8080/__cypress/runner/cypress_runner.js",
            "line": 133935,
            "column": 94,
            "whitespace": "    "
          },
          {
            "function": "Object.subjectFn",
            "fileUrl": "http://127.0.0.1:8080/__cypress/runner/cypress_runner.js",
            "originalFile": "http://127.0.0.1:8080/__cypress/runner/cypress_runner.js",
            "line": 152585,
            "column": 16,
            "whitespace": "    "
          },
          {
            "function": "$Cy.verifyUpcomingAssertions",
            "fileUrl": "http://127.0.0.1:8080/__cypress/runner/cypress_runner.js",
            "originalFile": "http://127.0.0.1:8080/__cypress/runner/cypress_runner.js",
            "line": 151816,
            "column": 31,
            "whitespace": "    "
          },
          {
            "function": "onRetry",
            "fileUrl": "http://127.0.0.1:8080/__cypress/runner/cypress_runner.js",
            "originalFile": "http://127.0.0.1:8080/__cypress/runner/cypress_runner.js",
            "line": 152576,
            "column": 15,
            "whitespace": "    "
          },
          {
            "function": "tryCatcher",
            "fileUrl": "http://127.0.0.1:8080/__cypress/runner/cypress_runner.js",
            "originalFile": "http://127.0.0.1:8080/__cypress/runner/cypress_runner.js",
            "line": 1780,
            "column": 23,
            "whitespace": "    "
          },
          {
            "function": "Promise.attempt.Promise.try",
            "fileUrl": "http://127.0.0.1:8080/__cypress/runner/cypress_runner.js",
            "originalFile": "http://127.0.0.1:8080/__cypress/runner/cypress_runner.js",
            "line": 4288,
            "column": 29,
            "whitespace": "    "
          },
          {
            "function": "whenStable",
            "fileUrl": "http://127.0.0.1:8080/__cypress/runner/cypress_runner.js",
            "originalFile": "http://127.0.0.1:8080/__cypress/runner/cypress_runner.js",
            "line": 152458,
            "column": 70,
            "whitespace": "    "
          },
          {
            "function": "<unknown>",
            "fileUrl": "http://127.0.0.1:8080/__cypress/runner/cypress_runner.js",
            "originalFile": "http://127.0.0.1:8080/__cypress/runner/cypress_runner.js",
            "line": 152358,
            "column": 14,
            "whitespace": "    "
          },
          {
            "function": "tryCatcher",
            "fileUrl": "http://127.0.0.1:8080/__cypress/runner/cypress_runner.js",
            "originalFile": "http://127.0.0.1:8080/__cypress/runner/cypress_runner.js",
            "line": 1780,
            "column": 23,
            "whitespace": "    "
          },
          {
            "function": "Promise._settlePromiseFromHandler",
            "fileUrl": "http://127.0.0.1:8080/__cypress/runner/cypress_runner.js",
            "originalFile": "http://127.0.0.1:8080/__cypress/runner/cypress_runner.js",
            "line": 1492,
            "column": 31,
            "whitespace": "    "
          },
          {
            "function": "Promise._settlePromise",
            "fileUrl": "http://127.0.0.1:8080/__cypress/runner/cypress_runner.js",
            "originalFile": "http://127.0.0.1:8080/__cypress/runner/cypress_runner.js",
            "line": 1549,
            "column": 18,
            "whitespace": "    "
          },
          {
            "function": "Promise._settlePromise0",
            "fileUrl": "http://127.0.0.1:8080/__cypress/runner/cypress_runner.js",
            "originalFile": "http://127.0.0.1:8080/__cypress/runner/cypress_runner.js",
            "line": 1594,
            "column": 10,
            "whitespace": "    "
          },
          {
            "function": "Promise._settlePromises",
            "fileUrl": "http://127.0.0.1:8080/__cypress/runner/cypress_runner.js",
            "originalFile": "http://127.0.0.1:8080/__cypress/runner/cypress_runner.js",
            "line": 1674,
            "column": 18,
            "whitespace": "    "
          },
          {
            "function": "Promise._fulfill",
            "fileUrl": "http://127.0.0.1:8080/__cypress/runner/cypress_runner.js",
            "originalFile": "http://127.0.0.1:8080/__cypress/runner/cypress_runner.js",
            "line": 1618,
            "column": 18,
            "whitespace": "    "
          },
          {
            "function": "<unknown>",
            "fileUrl": "http://127.0.0.1:8080/__cypress/runner/cypress_runner.js",
            "originalFile": "http://127.0.0.1:8080/__cypress/runner/cypress_runner.js",
            "line": 5423,
            "column": 46,
            "whitespace": "    "
          },
          {
            "message": "From Your Spec Code:",
            "whitespace": ""
          },
          {
            "function": "Context.eval",
            "fileUrl": "http://127.0.0.1:8080/__cypress/tests?p=outputs\\autouat\\UC10\\view-diagnoses.spec.ts",
            "originalFile": "webpack://itrust2-acceptance-tests/./outputs/autouat/UC10/view-diagnoses.spec.ts",
            "relativeFile": "outputs/autouat/UC10/view-diagnoses.spec.ts",
            "absoluteFile": "D:\\APCS\\Acceptance/outputs/autouat/UC10/view-diagnoses.spec.ts",
            "line": 17,
            "column": 32,
            "whitespace": "    "
          },
          {
            "function": "withinFn",
            "fileUrl": "http://127.0.0.1:8080/__cypress/runner/cypress_runner.js",
            "originalFile": "http://127.0.0.1:8080/__cypress/runner/cypress_runner.js",
            "line": 134397,
            "column": 8,
            "whitespace": "    "
          },
          {
            "function": "<unknown>",
            "fileUrl": "http://127.0.0.1:8080/__cypress/runner/cypress_runner.js",
            "originalFile": "http://127.0.0.1:8080/__cypress/runner/cypress_runner.js",
            "line": 134478,
            "column": 16,
            "whitespace": "    "
          },
          {
            "function": "__WEBPACK_DEFAULT_EXPORT__",
            "fileUrl": "http://127.0.0.1:8080/__cypress/runner/cypress_runner.js",
            "originalFile": "http://127.0.0.1:8080/__cypress/runner/cypress_runner.js",
            "line": 132314,
            "column": 10,
            "whitespace": "    "
          },
          {
            "function": "Context.within",
            "fileUrl": "http://127.0.0.1:8080/__cypress/runner/cypress_runner.js",
            "originalFile": "http://127.0.0.1:8080/__cypress/runner/cypress_runner.js",
            "line": 134464,
            "column": 67,
            "whitespace": "    "
          },
          {
            "function": "wrapped",
            "fileUrl": "http://127.0.0.1:8080/__cypress/runner/cypress_runner.js",
            "originalFile": "http://127.0.0.1:8080/__cypress/runner/cypress_runner.js",
            "line": 146597,
            "column": 19,
            "whitespace": "    "
          }
        ],
        "codeFrame": {
          "line": 17,
          "column": 33,
          "originalFile": "outputs/autouat/UC10/view-diagnoses.spec.ts",
          "relativeFile": "outputs/autouat/UC10/view-diagnoses.spec.ts",
          "absoluteFile": "D:\\APCS\\Acceptance/outputs/autouat/UC10/view-diagnoses.spec.ts",
          "frame": "  15 |     // Check for specific current diagnoses\n  16 |     cy.get('tbody tr[name=\"diagnosis\"]').eq(0).within(() => {\n> 17 |       cy.get('td[name=\"date\"]').should('contain', '2023-01-15');\n     |                                 ^\n  18 |       cy.get('td[name=\"description\"]').should('contain', 'High blood pressure');\n  19 |     });\n  20 |",
          "language": "ts"
        }
      }
    },
    {
      "title": "should view past diagnoses",
      "fullTitle": "View Diagnoses should view past diagnoses",
      "file": null,
      "currentRetry": 0,
      "err": {
        "message": "Timed out retrying after 8000ms: `cy.eq()` failed because it requires a DOM element or document.\n\nNo elements in the current DOM matched your query:\n\n  > cy.get(tbody tr[name=\"diagnosis\"])",
        "name": "CypressError",
        "stack": "CypressError: Timed out retrying after 8000ms: `cy.eq()` failed because it requires a DOM element or document.\n\nNo elements in the current DOM matched your query:\n\n  > cy.get(tbody tr[name=\"diagnosis\"])\n    at isElement (http://127.0.0.1:8080/__cypress/runner/cypress_runner.js:153790:62)\n    at validateType (http://127.0.0.1:8080/__cypress/runner/cypress_runner.js:153647:14)\n    at Object.isType (http://127.0.0.1:8080/__cypress/runner/cypress_runner.js:153678:7)\n    at <unknown> (http://127.0.0.1:8080/__cypress/runner/cypress_runner.js:137251:24)\n    at Object.subjectFn (http://127.0.0.1:8080/__cypress/runner/cypress_runner.js:152585:16)\n    at $Cy.verifyUpcomingAssertions (http://127.0.0.1:8080/__cypress/runner/cypress_runner.js:151816:31)\n    at onRetry (http://127.0.0.1:8080/__cypress/runner/cypress_runner.js:152576:15)\n    at tryCatcher (http://127.0.0.1:8080/__cypress/runner/cypress_runner.js:1780:23)\n    at Promise.attempt.Promise.try (http://127.0.0.1:8080/__cypress/runner/cypress_runner.js:4288:29)\n    at whenStable (http://127.0.0.1:8080/__cypress/runner/cypress_runner.js:152458:70)\n    at <unknown> (http://127.0.0.1:8080/__cypress/runner/cypress_runner.js:152358:14)\n    at tryCatcher (http://127.0.0.1:8080/__cypress/runner/cypress_runner.js:1780:23)\n    at Promise._settlePromiseFromHandler (http://127.0.0.1:8080/__cypress/runner/cypress_runner.js:1492:31)\n    at Promise._settlePromise (http://127.0.0.1:8080/__cypress/runner/cypress_runner.js:1549:18)\n    at Promise._settlePromise0 (http://127.0.0.1:8080/__cypress/runner/cypress_runner.js:1594:10)\n    at Promise._settlePromises (http://127.0.0.1:8080/__cypress/runner/cypress_runner.js:1674:18)\n    at Promise._fulfill (http://127.0.0.1:8080/__cypress/runner/cypress_runner.js:1618:18)\n    at <unknown> (http://127.0.0.1:8080/__cypress/runner/cypress_runner.js:5423:46)\nFrom Your Spec Code:\n    at Context.eval (webpack://itrust2-acceptance-tests/./outputs/autouat/UC10/view-diagnoses.spec.ts:36:41)",
        "parsedStack": [
          {
            "message": "CypressError: Timed out retrying after 8000ms: `cy.eq()` failed because it requires a DOM element or document.",
            "whitespace": ""
          },
          {
            "message": "",
            "whitespace": ""
          },
          {
            "message": "No elements in the current DOM matched your query:",
            "whitespace": ""
          },
          {
            "message": "",
            "whitespace": ""
          },
          {
            "message": "> cy.get(tbody tr[name=\"diagnosis\"])",
            "whitespace": "  "
          },
          {
            "function": "isElement",
            "fileUrl": "http://127.0.0.1:8080/__cypress/runner/cypress_runner.js",
            "originalFile": "http://127.0.0.1:8080/__cypress/runner/cypress_runner.js",
            "line": 153790,
            "column": 62,
            "whitespace": "    "
          },
          {
            "function": "validateType",
            "fileUrl": "http://127.0.0.1:8080/__cypress/runner/cypress_runner.js",
            "originalFile": "http://127.0.0.1:8080/__cypress/runner/cypress_runner.js",
            "line": 153647,
            "column": 14,
            "whitespace": "    "
          },
          {
            "function": "Object.isType",
            "fileUrl": "http://127.0.0.1:8080/__cypress/runner/cypress_runner.js",
            "originalFile": "http://127.0.0.1:8080/__cypress/runner/cypress_runner.js",
            "line": 153678,
            "column": 7,
            "whitespace": "    "
          },
          {
            "function": "<unknown>",
            "fileUrl": "http://127.0.0.1:8080/__cypress/runner/cypress_runner.js",
            "originalFile": "http://127.0.0.1:8080/__cypress/runner/cypress_runner.js",
            "line": 137251,
            "column": 24,
            "whitespace": "    "
          },
          {
            "function": "Object.subjectFn",
            "fileUrl": "http://127.0.0.1:8080/__cypress/runner/cypress_runner.js",
            "originalFile": "http://127.0.0.1:8080/__cypress/runner/cypress_runner.js",
            "line": 152585,
            "column": 16,
            "whitespace": "    "
          },
          {
            "function": "$Cy.verifyUpcomingAssertions",
            "fileUrl": "http://127.0.0.1:8080/__cypress/runner/cypress_runner.js",
            "originalFile": "http://127.0.0.1:8080/__cypress/runner/cypress_runner.js",
            "line": 151816,
            "column": 31,
            "whitespace": "    "
          },
          {
            "function": "onRetry",
            "fileUrl": "http://127.0.0.1:8080/__cypress/runner/cypress_runner.js",
            "originalFile": "http://127.0.0.1:8080/__cypress/runner/cypress_runner.js",
            "line": 152576,
            "column": 15,
            "whitespace": "    "
          },
          {
            "function": "tryCatcher",
            "fileUrl": "http://127.0.0.1:8080/__cypress/runner/cypress_runner.js",
            "originalFile": "http://127.0.0.1:8080/__cypress/runner/cypress_runner.js",
            "line": 1780,
            "column": 23,
            "whitespace": "    "
          },
          {
            "function": "Promise.attempt.Promise.try",
            "fileUrl": "http://127.0.0.1:8080/__cypress/runner/cypress_runner.js",
            "originalFile": "http://127.0.0.1:8080/__cypress/runner/cypress_runner.js",
            "line": 4288,
            "column": 29,
            "whitespace": "    "
          },
          {
            "function": "whenStable",
            "fileUrl": "http://127.0.0.1:8080/__cypress/runner/cypress_runner.js",
            "originalFile": "http://127.0.0.1:8080/__cypress/runner/cypress_runner.js",
            "line": 152458,
            "column": 70,
            "whitespace": "    "
          },
          {
            "function": "<unknown>",
            "fileUrl": "http://127.0.0.1:8080/__cypress/runner/cypress_runner.js",
            "originalFile": "http://127.0.0.1:8080/__cypress/runner/cypress_runner.js",
            "line": 152358,
            "column": 14,
            "whitespace": "    "
          },
          {
            "function": "tryCatcher",
            "fileUrl": "http://127.0.0.1:8080/__cypress/runner/cypress_runner.js",
            "originalFile": "http://127.0.0.1:8080/__cypress/runner/cypress_runner.js",
            "line": 1780,
            "column": 23,
            "whitespace": "    "
          },
          {
            "function": "Promise._settlePromiseFromHandler",
            "fileUrl": "http://127.0.0.1:8080/__cypress/runner/cypress_runner.js",
            "originalFile": "http://127.0.0.1:8080/__cypress/runner/cypress_runner.js",
            "line": 1492,
            "column": 31,
            "whitespace": "    "
          },
          {
            "function": "Promise._settlePromise",
            "fileUrl": "http://127.0.0.1:8080/__cypress/runner/cypress_runner.js",
            "originalFile": "http://127.0.0.1:8080/__cypress/runner/cypress_runner.js",
            "line": 1549,
            "column": 18,
            "whitespace": "    "
          },
          {
            "function": "Promise._settlePromise0",
            "fileUrl": "http://127.0.0.1:8080/__cypress/runner/cypress_runner.js",
            "originalFile": "http://127.0.0.1:8080/__cypress/runner/cypress_runner.js",
            "line": 1594,
            "column": 10,
            "whitespace": "    "
          },
          {
            "function": "Promise._settlePromises",
            "fileUrl": "http://127.0.0.1:8080/__cypress/runner/cypress_runner.js",
            "originalFile": "http://127.0.0.1:8080/__cypress/runner/cypress_runner.js",
            "line": 1674,
            "column": 18,
            "whitespace": "    "
          },
          {
            "function": "Promise._fulfill",
            "fileUrl": "http://127.0.0.1:8080/__cypress/runner/cypress_runner.js",
            "originalFile": "http://127.0.0.1:8080/__cypress/runner/cypress_runner.js",
            "line": 1618,
            "column": 18,
            "whitespace": "    "
          },
          {
            "function": "<unknown>",
            "fileUrl": "http://127.0.0.1:8080/__cypress/runner/cypress_runner.js",
            "originalFile": "http://127.0.0.1:8080/__cypress/runner/cypress_runner.js",
            "line": 5423,
            "column": 46,
            "whitespace": "    "
          },
          {
            "message": "From Your Spec Code:",
            "whitespace": ""
          },
          {
            "function": "Context.eval",
            "fileUrl": "http://127.0.0.1:8080/__cypress/tests?p=outputs\\autouat\\UC10\\view-diagnoses.spec.ts",
            "originalFile": "webpack://itrust2-acceptance-tests/./outputs/autouat/UC10/view-diagnoses.spec.ts",
            "relativeFile": "outputs/autouat/UC10/view-diagnoses.spec.ts",
            "absoluteFile": "D:\\APCS\\Acceptance/outputs/autouat/UC10/view-diagnoses.spec.ts",
            "line": 36,
            "column": 41,
            "whitespace": "    "
          }
        ],
        "codeFrame": {
          "line": 36,
          "column": 42,
          "originalFile": "outputs/autouat/UC10/view-diagnoses.spec.ts",
          "relativeFile": "outputs/autouat/UC10/view-diagnoses.spec.ts",
          "absoluteFile": "D:\\APCS\\Acceptance/outputs/autouat/UC10/view-diagnoses.spec.ts",
          "frame": "  34 |\n  35 |     // Check for specific past diagnoses\n> 36 |     cy.get('tbody tr[name=\"diagnosis\"]').eq(2).within(() => {\n     |                                          ^\n  37 |       cy.get('td[name=\"date\"]').should('contain', '2020-05-20');\n  38 |       cy.get('td[name=\"description\"]').should('contain', 'Chronic respiratory condition');\n  39 |     });",
          "language": "ts"
        }
      }
    },
    {
      "title": "should view details of a specific diagnosis",
      "fullTitle": "View Diagnoses should view details of a specific diagnosis",
      "file": null,
      "currentRetry": 0,
      "err": {
        "message": "Timed out retrying after 8050ms: `cy.click()` failed because it requires a DOM element or document.\n\nNo elements in the current DOM matched your query:\n\n  > cy.get(tbody tr[name=\"diagnosis\"]).eq(0)",
        "name": "CypressError",
        "stack": "CypressError: Timed out retrying after 8050ms: `cy.click()` failed because it requires a DOM element or document.\n\nNo elements in the current DOM matched your query:\n\n  > cy.get(tbody tr[name=\"diagnosis\"]).eq(0)\n    at isElement (http://127.0.0.1:8080/__cypress/runner/cypress_runner.js:153790:62)\n    at validateType (http://127.0.0.1:8080/__cypress/runner/cypress_runner.js:153647:14)\n    at Object.isType (http://127.0.0.1:8080/__cypress/runner/cypress_runner.js:153678:7)\n    at Array.<anonymous> (http://127.0.0.1:8080/__cypress/runner/cypress_runner.js:137251:24)\n    at $Cy.getSubjectFromChain (http://127.0.0.1:8080/__cypress/runner/cypress_runner.js:147102:34)\n    at Object.subjectFn (http://127.0.0.1:8080/__cypress/runner/cypress_runner.js:113336:51)\n    at retryActionability (http://127.0.0.1:8080/__cypress/runner/cypress_runner.js:114072:27)\n    at tryCatcher (http://127.0.0.1:8080/__cypress/runner/cypress_runner.js:1780:23)\n    at Promise.attempt.Promise.try (http://127.0.0.1:8080/__cypress/runner/cypress_runner.js:4288:29)\n    at whenStable (http://127.0.0.1:8080/__cypress/runner/cypress_runner.js:152458:70)\n    at <unknown> (http://127.0.0.1:8080/__cypress/runner/cypress_runner.js:152358:14)\n    at tryCatcher (http://127.0.0.1:8080/__cypress/runner/cypress_runner.js:1780:23)\n    at Promise._settlePromiseFromHandler (http://127.0.0.1:8080/__cypress/runner/cypress_runner.js:1492:31)\n    at Promise._settlePromise (http://127.0.0.1:8080/__cypress/runner/cypress_runner.js:1549:18)\n    at Promise._settlePromise0 (http://127.0.0.1:8080/__cypress/runner/cypress_runner.js:1594:10)\n    at Promise._settlePromises (http://127.0.0.1:8080/__cypress/runner/cypress_runner.js:1674:18)\n    at Promise._fulfill (http://127.0.0.1:8080/__cypress/runner/cypress_runner.js:1618:18)\n    at <unknown> (http://127.0.0.1:8080/__cypress/runner/cypress_runner.js:5423:46)",
        "parsedStack": [
          {
            "message": "CypressError: Timed out retrying after 8050ms: `cy.click()` failed because it requires a DOM element or document.",
            "whitespace": ""
          },
          {
            "message": "",
            "whitespace": ""
          },
          {
            "message": "No elements in the current DOM matched your query:",
            "whitespace": ""
          },
          {
            "message": "",
            "whitespace": ""
          },
          {
            "message": "> cy.get(tbody tr[name=\"diagnosis\"]).eq(0)",
            "whitespace": "  "
          },
          {
            "function": "isElement",
            "fileUrl": "http://127.0.0.1:8080/__cypress/runner/cypress_runner.js",
            "originalFile": "http://127.0.0.1:8080/__cypress/runner/cypress_runner.js",
            "line": 153790,
            "column": 62,
            "whitespace": "    "
          },
          {
            "function": "validateType",
            "fileUrl": "http://127.0.0.1:8080/__cypress/runner/cypress_runner.js",
            "originalFile": "http://127.0.0.1:8080/__cypress/runner/cypress_runner.js",
            "line": 153647,
            "column": 14,
            "whitespace": "    "
          },
          {
            "function": "Object.isType",
            "fileUrl": "http://127.0.0.1:8080/__cypress/runner/cypress_runner.js",
            "originalFile": "http://127.0.0.1:8080/__cypress/runner/cypress_runner.js",
            "line": 153678,
            "column": 7,
            "whitespace": "    "
          },
          {
            "function": "Array.<anonymous>",
            "fileUrl": "http://127.0.0.1:8080/__cypress/runner/cypress_runner.js",
            "originalFile": "http://127.0.0.1:8080/__cypress/runner/cypress_runner.js",
            "line": 137251,
            "column": 24,
            "whitespace": "    "
          },
          {
            "function": "$Cy.getSubjectFromChain",
            "fileUrl": "http://127.0.0.1:8080/__cypress/runner/cypress_runner.js",
            "originalFile": "http://127.0.0.1:8080/__cypress/runner/cypress_runner.js",
            "line": 147102,
            "column": 34,
            "whitespace": "    "
          },
          {
            "function": "Object.subjectFn",
            "fileUrl": "http://127.0.0.1:8080/__cypress/runner/cypress_runner.js",
            "originalFile": "http://127.0.0.1:8080/__cypress/runner/cypress_runner.js",
            "line": 113336,
            "column": 51,
            "whitespace": "    "
          },
          {
            "function": "retryActionability",
            "fileUrl": "http://127.0.0.1:8080/__cypress/runner/cypress_runner.js",
            "originalFile": "http://127.0.0.1:8080/__cypress/runner/cypress_runner.js",
            "line": 114072,
            "column": 27,
            "whitespace": "    "
          },
          {
            "function": "tryCatcher",
            "fileUrl": "http://127.0.0.1:8080/__cypress/runner/cypress_runner.js",
            "originalFile": "http://127.0.0.1:8080/__cypress/runner/cypress_runner.js",
            "line": 1780,
            "column": 23,
            "whitespace": "    "
          },
          {
            "function": "Promise.attempt.Promise.try",
            "fileUrl": "http://127.0.0.1:8080/__cypress/runner/cypress_runner.js",
            "originalFile": "http://127.0.0.1:8080/__cypress/runner/cypress_runner.js",
            "line": 4288,
            "column": 29,
            "whitespace": "    "
          },
          {
            "function": "whenStable",
            "fileUrl": "http://127.0.0.1:8080/__cypress/runner/cypress_runner.js",
            "originalFile": "http://127.0.0.1:8080/__cypress/runner/cypress_runner.js",
            "line": 152458,
            "column": 70,
            "whitespace": "    "
          },
          {
            "function": "<unknown>",
            "fileUrl": "http://127.0.0.1:8080/__cypress/runner/cypress_runner.js",
            "originalFile": "http://127.0.0.1:8080/__cypress/runner/cypress_runner.js",
            "line": 152358,
            "column": 14,
            "whitespace": "    "
          },
          {
            "function": "tryCatcher",
            "fileUrl": "http://127.0.0.1:8080/__cypress/runner/cypress_runner.js",
            "originalFile": "http://127.0.0.1:8080/__cypress/runner/cypress_runner.js",
            "line": 1780,
            "column": 23,
            "whitespace": "    "
          },
          {
            "function": "Promise._settlePromiseFromHandler",
            "fileUrl": "http://127.0.0.1:8080/__cypress/runner/cypress_runner.js",
            "originalFile": "http://127.0.0.1:8080/__cypress/runner/cypress_runner.js",
            "line": 1492,
            "column": 31,
            "whitespace": "    "
          },
          {
            "function": "Promise._settlePromise",
            "fileUrl": "http://127.0.0.1:8080/__cypress/runner/cypress_runner.js",
            "originalFile": "http://127.0.0.1:8080/__cypress/runner/cypress_runner.js",
            "line": 1549,
            "column": 18,
            "whitespace": "    "
          },
          {
            "function": "Promise._settlePromise0",
            "fileUrl": "http://127.0.0.1:8080/__cypress/runner/cypress_runner.js",
            "originalFile": "http://127.0.0.1:8080/__cypress/runner/cypress_runner.js",
            "line": 1594,
            "column": 10,
            "whitespace": "    "
          },
          {
            "function": "Promise._settlePromises",
            "fileUrl": "http://127.0.0.1:8080/__cypress/runner/cypress_runner.js",
            "originalFile": "http://127.0.0.1:8080/__cypress/runner/cypress_runner.js",
            "line": 1674,
            "column": 18,
            "whitespace": "    "
          },
          {
            "function": "Promise._fulfill",
            "fileUrl": "http://127.0.0.1:8080/__cypress/runner/cypress_runner.js",
            "originalFile": "http://127.0.0.1:8080/__cypress/runner/cypress_runner.js",
            "line": 1618,
            "column": 18,
            "whitespace": "    "
          },
          {
            "function": "<unknown>",
            "fileUrl": "http://127.0.0.1:8080/__cypress/runner/cypress_runner.js",
            "originalFile": "http://127.0.0.1:8080/__cypress/runner/cypress_runner.js",
            "line": 5423,
            "column": 46,
            "whitespace": "    "
          }
        ]
      }
    },
    {
      "title": "should display message when no diagnoses are available",
      "fullTitle": "View Diagnoses should display message when no diagnoses are available",
      "file": null,
      "currentRetry": 0,
      "err": {
        "message": "Timed out retrying after 8000ms: expected '<h4.ng-pristine.ng-untouched.ng-valid.ng-empty>' to contain 'No diagnoses available'",
        "name": "AssertionError",
        "stack": "AssertionError: Timed out retrying after 8000ms: expected '<h4.ng-pristine.ng-untouched.ng-valid.ng-empty>' to contain 'No diagnoses available'\n    at Context.eval (webpack://itrust2-acceptance-tests/./outputs/autouat/UC10/view-diagnoses.spec.ts:72:17)",
        "parsedStack": [
          {
            "message": "AssertionError: Timed out retrying after 8000ms: expected '<h4.ng-pristine.ng-untouched.ng-valid.ng-empty>' to contain 'No diagnoses available'",
            "whitespace": ""
          },
          {
            "function": "Context.eval",
            "fileUrl": "http://127.0.0.1:8080/__cypress/tests?p=outputs\\autouat\\UC10\\view-diagnoses.spec.ts",
            "originalFile": "webpack://itrust2-acceptance-tests/./outputs/autouat/UC10/view-diagnoses.spec.ts",
            "relativeFile": "outputs/autouat/UC10/view-diagnoses.spec.ts",
            "absoluteFile": "D:\\APCS\\Acceptance/outputs/autouat/UC10/view-diagnoses.spec.ts",
            "line": 72,
            "column": 17,
            "whitespace": "    "
          }
        ],
        "codeFrame": {
          "line": 72,
          "column": 18,
          "originalFile": "outputs/autouat/UC10/view-diagnoses.spec.ts",
          "relativeFile": "outputs/autouat/UC10/view-diagnoses.spec.ts",
          "absoluteFile": "D:\\APCS\\Acceptance/outputs/autouat/UC10/view-diagnoses.spec.ts",
          "frame": "  70 |\n  71 |     // Assert that the message is displayed\n> 72 |     cy.get('h4').should('contain', 'No diagnoses available');\n     |                  ^\n  73 |   });\n  74 |\n  75 |   it('should redirect to login page when not logged in', () => {",
          "language": "ts"
        }
      }
    },
    {
      "title": "should redirect to login page when not logged in",
      "fullTitle": "View Diagnoses should redirect to login page when not logged in",
      "file": null,
      "currentRetry": 0,
      "err": {
        "message": "Timed out retrying after 8000ms: Expected to find element: `h4`, but never found it.",
        "type": "existence",
        "name": "AssertionError",
        "stack": "AssertionError: Timed out retrying after 8000ms: Expected to find element: `h4`, but never found it.\n    at Context.eval (webpack://itrust2-acceptance-tests/./outputs/autouat/UC10/view-diagnoses.spec.ts:84:17)",
        "parsedStack": [
          {
            "message": "AssertionError: Timed out retrying after 8000ms: Expected to find element: `h4`, but never found it.",
            "whitespace": ""
          },
          {
            "function": "Context.eval",
            "fileUrl": "http://127.0.0.1:8080/__cypress/tests?p=outputs\\autouat\\UC10\\view-diagnoses.spec.ts",
            "originalFile": "webpack://itrust2-acceptance-tests/./outputs/autouat/UC10/view-diagnoses.spec.ts",
            "relativeFile": "outputs/autouat/UC10/view-diagnoses.spec.ts",
            "absoluteFile": "D:\\APCS\\Acceptance/outputs/autouat/UC10/view-diagnoses.spec.ts",
            "line": 84,
            "column": 17,
            "whitespace": "    "
          }
        ],
        "codeFrame": {
          "line": 84,
          "column": 18,
          "originalFile": "outputs/autouat/UC10/view-diagnoses.spec.ts",
          "relativeFile": "outputs/autouat/UC10/view-diagnoses.spec.ts",
          "absoluteFile": "D:\\APCS\\Acceptance/outputs/autouat/UC10/view-diagnoses.spec.ts",
          "frame": "  82 |     // Assert that the user is redirected to the login page\n  83 |     cy.url().should('include', '/iTrust2/login');\n> 84 |     cy.get('h4').should('contain', 'Please log in to view your diagnoses');\n     |                  ^\n  85 |   });\n  86 | });",
          "language": "ts"
        }
      }
    }
  ],
  "passes": []
}
  (Results)

  ΓöîΓöÇΓöÇΓöÇΓöÇΓöÇΓöÇΓöÇΓöÇΓöÇΓöÇΓöÇΓöÇΓöÇΓöÇΓöÇΓöÇΓöÇΓöÇΓöÇΓöÇΓöÇΓöÇΓöÇΓöÇΓöÇΓöÇΓöÇΓöÇΓöÇΓöÇΓöÇΓöÇΓöÇΓöÇΓöÇΓöÇΓöÇΓöÇΓöÇΓöÇΓöÇΓöÇΓöÇΓöÇΓöÇΓöÇΓöÇΓöÇΓöÇΓöÇΓöÇΓöÇΓöÇΓöÇΓöÇΓöÇΓöÇΓöÇΓöÇΓöÇΓöÇΓöÇΓöÇΓöÇΓöÇΓöÇΓöÇΓöÇΓöÇΓöÇΓöÇΓöÇΓöÇΓöÇΓöÇΓöÇΓöÇΓöÇΓöÇΓöÇΓöÇΓöÇΓöÇΓöÇΓöÇΓöÇΓöÇΓöÇΓöÇΓöÇΓöÇΓöÇΓöÇΓöÇΓöÇΓöÇΓöÉ
  Γöé Tests:        5                                                                                Γöé
  Γöé Passing:      0                                                                                Γöé
  Γöé Failing:      5                                                                                Γöé
  Γöé Pending:      0                                                                                Γöé
  Γöé Skipped:      0                                                                                Γöé
  Γöé Screenshots:  0                                                                                Γöé
  Γöé Video:        false                                                                            Γöé
  Γöé Duration:     43 seconds                                                                       Γöé
  Γöé Spec Ran:     UC10/view-diagnoses.spec.ts                                                      Γöé
  ΓööΓöÇΓöÇΓöÇΓöÇΓöÇΓöÇΓöÇΓöÇΓöÇΓöÇΓöÇΓöÇΓöÇΓöÇΓöÇΓöÇΓöÇΓöÇΓöÇΓöÇΓöÇΓöÇΓöÇΓöÇΓöÇΓöÇΓöÇΓöÇΓöÇΓöÇΓöÇΓöÇΓöÇΓöÇΓöÇΓöÇΓöÇΓöÇΓöÇΓöÇΓöÇΓöÇΓöÇΓöÇΓöÇΓöÇΓöÇΓöÇΓöÇΓöÇΓöÇΓöÇΓöÇΓöÇΓöÇΓöÇΓöÇΓöÇΓöÇΓöÇΓöÇΓöÇΓöÇΓöÇΓöÇΓöÇΓöÇΓöÇΓöÇΓöÇΓöÇΓöÇΓöÇΓöÇΓöÇΓöÇΓöÇΓöÇΓöÇΓöÇΓöÇΓöÇΓöÇΓöÇΓöÇΓöÇΓöÇΓöÇΓöÇΓöÇΓöÇΓöÇΓöÇΓöÇΓöÇΓöÇΓöÿ


ΓöÇΓöÇΓöÇΓöÇΓöÇΓöÇΓöÇΓöÇΓöÇΓöÇΓöÇΓöÇΓöÇΓöÇΓöÇΓöÇΓöÇΓöÇΓöÇΓöÇΓöÇΓöÇΓöÇΓöÇΓöÇΓöÇΓöÇΓöÇΓöÇΓöÇΓöÇΓöÇΓöÇΓöÇΓöÇΓöÇΓöÇΓöÇΓöÇΓöÇΓöÇΓöÇΓöÇΓöÇΓöÇΓöÇΓöÇΓöÇΓöÇΓöÇΓöÇΓöÇΓöÇΓöÇΓöÇΓöÇΓöÇΓöÇΓöÇΓöÇΓöÇΓöÇΓöÇΓöÇΓöÇΓöÇΓöÇΓöÇΓöÇΓöÇΓöÇΓöÇΓöÇΓöÇΓöÇΓöÇΓöÇΓöÇΓöÇΓöÇΓöÇΓöÇΓöÇΓöÇΓöÇΓöÇΓöÇΓöÇΓöÇΓöÇΓöÇΓöÇΓöÇΓöÇΓöÇΓöÇΓöÇΓöÇΓöÇΓöÇ
                                                                                                    
  Running:  UC11/change-password.spec.ts                                                   (6 of 33)
{
  "stats": {
    "suites": 1,
    "tests": 1,
    "passes": 0,
    "pending": 0,
    "failures": 1,
    "start": "2026-09-10T10:32:28.624Z",
    "end": "2026-09-10T10:33:30.041Z",
    "duration": 61417
  },
  "tests": [
    {
      "title": "Successfully change password with valid inputs",
      "fullTitle": "Change Password Successfully change password with valid inputs",
      "file": null,
      "duration": 61351,
      "currentRetry": 0,
      "err": {
        "message": "Timed out retrying after 60000ms: expected 'http://127.0.0.1:8080/iTrust2/login?error' to not include '/login'\n\nThis error occurred while creating the session. Because the session setup failed, we failed the test.\n\nBecause this error occurred during a `before each` hook we are skipping the remaining tests in the current suite: `Change Password`",
        "name": "AssertionError",
        "stack": "AssertionError: Timed out retrying after 60000ms: expected 'http://127.0.0.1:8080/iTrust2/login?error' to not include '/login'\n\nThis error occurred while creating the session. Because the session setup failed, we failed the test.\n\nBecause this error occurred during a `before each` hook we are skipping the remaining tests in the current suite: `Change Password`\n    at cy.session.cacheAcrossSpecs [as setup] (webpack://itrust2-acceptance-tests/./cypress/support/commands.ts:24:33)\n    at Context.<anonymous> (http://127.0.0.1:8080/__cypress/runner/cypress_runner.js:135084:38)\n    at getRet (http://127.0.0.1:8080/__cypress/runner/cypress_runner.js:121394:20)\n    at tryCatcher (http://127.0.0.1:8080/__cypress/runner/cypress_runner.js:1780:23)\n    at Promise.attempt.Promise.try (http://127.0.0.1:8080/__cypress/runner/cypress_runner.js:4288:29)\n    at Context.thenFn (http://127.0.0.1:8080/__cypress/runner/cypress_runner.js:121405:66)\n    at Context.then (http://127.0.0.1:8080/__cypress/runner/cypress_runner.js:121656:21)\n    at wrapped (http://127.0.0.1:8080/__cypress/runner/cypress_runner.js:146597:19)",
        "parsedStack": [
          {
            "message": "AssertionError: Timed out retrying after 60000ms: expected 'http://127.0.0.1:8080/iTrust2/login?error' to not include '/login'",
            "whitespace": ""
          },
          {
            "message": "",
            "whitespace": ""
          },
          {
            "message": "This error occurred while creating the session. Because the session setup failed, we failed the test.",
            "whitespace": ""
          },
          {
            "function": "cy.session.cacheAcrossSpecs [as setup]",
            "fileUrl": "http://127.0.0.1:8080/__cypress/tests?p=cypress\\support\\e2e.ts",
            "originalFile": "webpack://itrust2-acceptance-tests/./cypress/support/commands.ts",
            "relativeFile": "cypress/support/commands.ts",
            "absoluteFile": "D:\\APCS\\Acceptance/cypress/support/commands.ts",
            "line": 24,
            "column": 33,
            "whitespace": "    "
          },
          {
            "function": "Context.<anonymous>",
            "fileUrl": "http://127.0.0.1:8080/__cypress/runner/cypress_runner.js",
            "originalFile": "http://127.0.0.1:8080/__cypress/runner/cypress_runner.js",
            "line": 135084,
            "column": 38,
            "whitespace": "    "
          },
          {
            "function": "getRet",
            "fileUrl": "http://127.0.0.1:8080/__cypress/runner/cypress_runner.js",
            "originalFile": "http://127.0.0.1:8080/__cypress/runner/cypress_runner.js",
            "line": 121394,
            "column": 20,
            "whitespace": "    "
          },
          {
            "function": "tryCatcher",
            "fileUrl": "http://127.0.0.1:8080/__cypress/runner/cypress_runner.js",
            "originalFile": "http://127.0.0.1:8080/__cypress/runner/cypress_runner.js",
            "line": 1780,
            "column": 23,
            "whitespace": "    "
          },
          {
            "function": "Promise.attempt.Promise.try",
            "fileUrl": "http://127.0.0.1:8080/__cypress/runner/cypress_runner.js",
            "originalFile": "http://127.0.0.1:8080/__cypress/runner/cypress_runner.js",
            "line": 4288,
            "column": 29,
            "whitespace": "    "
          },
          {
            "function": "Context.thenFn",
            "fileUrl": "http://127.0.0.1:8080/__cypress/runner/cypress_runner.js",
            "originalFile": "http://127.0.0.1:8080/__cypress/runner/cypress_runner.js",
            "line": 121405,
            "column": 66,
            "whitespace": "    "
          },
          {
            "function": "Context.then",
            "fileUrl": "http://127.0.0.1:8080/__cypress/runner/cypress_runner.js",
            "originalFile": "http://127.0.0.1:8080/__cypress/runner/cypress_runner.js",
            "line": 121656,
            "column": 21,
            "whitespace": "    "
          },
          {
            "function": "wrapped",
            "fileUrl": "http://127.0.0.1:8080/__cypress/runner/cypress_runner.js",
            "originalFile": "http://127.0.0.1:8080/__cypress/runner/cypress_runner.js",
            "line": 146597,
            "column": 19,
            "whitespace": "    "
          }
        ],
        "codeFrame": {
          "line": 24,
          "column": 34,
          "originalFile": "cypress/support/commands.ts",
          "relativeFile": "cypress/support/commands.ts",
          "absoluteFile": "D:\\APCS\\Acceptance/cypress/support/commands.ts",
          "frame": "  22 |         .type(password, { log: false })\n  23 |       cy.get('input[type=\"submit\"], button[type=\"submit\"]').first().click()\n> 24 |       cy.url({ timeout: 60000 }).should('not.include', '/login')\n     |                                  ^\n  25 |     },\n  26 |     {\n  27 |       cacheAcrossSpecs: true,",
          "language": "ts"
        }
      }
    }
  ],
  "pending": [],
  "failures": [
    {
      "title": "\"before each\" hook for \"Successfully change password with valid inputs\"",
      "fullTitle": "Change Password \"before each\" hook for \"Successfully change password with valid inputs\"",
      "file": null,
      "currentRetry": 0,
      "err": {
        "message": "Timed out retrying after 60000ms: expected 'http://127.0.0.1:8080/iTrust2/login?error' to not include '/login'\n\nThis error occurred while creating the session. Because the session setup failed, we failed the test.\n\nBecause this error occurred during a `before each` hook we are skipping the remaining tests in the current suite: `Change Password`",
        "name": "AssertionError",
        "stack": "AssertionError: Timed out retrying after 60000ms: expected 'http://127.0.0.1:8080/iTrust2/login?error' to not include '/login'\n\nThis error occurred while creating the session. Because the session setup failed, we failed the test.\n\nBecause this error occurred during a `before each` hook we are skipping the remaining tests in the current suite: `Change Password`\n    at cy.session.cacheAcrossSpecs [as setup] (webpack://itrust2-acceptance-tests/./cypress/support/commands.ts:24:33)\n    at Context.<anonymous> (http://127.0.0.1:8080/__cypress/runner/cypress_runner.js:135084:38)\n    at getRet (http://127.0.0.1:8080/__cypress/runner/cypress_runner.js:121394:20)\n    at tryCatcher (http://127.0.0.1:8080/__cypress/runner/cypress_runner.js:1780:23)\n    at Promise.attempt.Promise.try (http://127.0.0.1:8080/__cypress/runner/cypress_runner.js:4288:29)\n    at Context.thenFn (http://127.0.0.1:8080/__cypress/runner/cypress_runner.js:121405:66)\n    at Context.then (http://127.0.0.1:8080/__cypress/runner/cypress_runner.js:121656:21)\n    at wrapped (http://127.0.0.1:8080/__cypress/runner/cypress_runner.js:146597:19)",
        "parsedStack": [
          {
            "message": "AssertionError: Timed out retrying after 60000ms: expected 'http://127.0.0.1:8080/iTrust2/login?error' to not include '/login'",
            "whitespace": ""
          },
          {
            "message": "",
            "whitespace": ""
          },
          {
            "message": "This error occurred while creating the session. Because the session setup failed, we failed the test.",
            "whitespace": ""
          },
          {
            "function": "cy.session.cacheAcrossSpecs [as setup]",
            "fileUrl": "http://127.0.0.1:8080/__cypress/tests?p=cypress\\support\\e2e.ts",
            "originalFile": "webpack://itrust2-acceptance-tests/./cypress/support/commands.ts",
            "relativeFile": "cypress/support/commands.ts",
            "absoluteFile": "D:\\APCS\\Acceptance/cypress/support/commands.ts",
            "line": 24,
            "column": 33,
            "whitespace": "    "
          },
          {
            "function": "Context.<anonymous>",
            "fileUrl": "http://127.0.0.1:8080/__cypress/runner/cypress_runner.js",
            "originalFile": "http://127.0.0.1:8080/__cypress/runner/cypress_runner.js",
            "line": 135084,
            "column": 38,
            "whitespace": "    "
          },
          {
            "function": "getRet",
            "fileUrl": "http://127.0.0.1:8080/__cypress/runner/cypress_runner.js",
            "originalFile": "http://127.0.0.1:8080/__cypress/runner/cypress_runner.js",
            "line": 121394,
            "column": 20,
            "whitespace": "    "
          },
          {
            "function": "tryCatcher",
            "fileUrl": "http://127.0.0.1:8080/__cypress/runner/cypress_runner.js",
            "originalFile": "http://127.0.0.1:8080/__cypress/runner/cypress_runner.js",
            "line": 1780,
            "column": 23,
            "whitespace": "    "
          },
          {
            "function": "Promise.attempt.Promise.try",
            "fileUrl": "http://127.0.0.1:8080/__cypress/runner/cypress_runner.js",
            "originalFile": "http://127.0.0.1:8080/__cypress/runner/cypress_runner.js",
            "line": 4288,
            "column": 29,
            "whitespace": "    "
          },
          {
            "function": "Context.thenFn",
            "fileUrl": "http://127.0.0.1:8080/__cypress/runner/cypress_runner.js",
            "originalFile": "http://127.0.0.1:8080/__cypress/runner/cypress_runner.js",
            "line": 121405,
            "column": 66,
            "whitespace": "    "
          },
          {
            "function": "Context.then",
            "fileUrl": "http://127.0.0.1:8080/__cypress/runner/cypress_runner.js",
            "originalFile": "http://127.0.0.1:8080/__cypress/runner/cypress_runner.js",
            "line": 121656,
            "column": 21,
            "whitespace": "    "
          },
          {
            "function": "wrapped",
            "fileUrl": "http://127.0.0.1:8080/__cypress/runner/cypress_runner.js",
            "originalFile": "http://127.0.0.1:8080/__cypress/runner/cypress_runner.js",
            "line": 146597,
            "column": 19,
            "whitespace": "    "
          }
        ],
        "codeFrame": {
          "line": 24,
          "column": 34,
          "originalFile": "cypress/support/commands.ts",
          "relativeFile": "cypress/support/commands.ts",
          "absoluteFile": "D:\\APCS\\Acceptance/cypress/support/commands.ts",
          "frame": "  22 |         .type(password, { log: false })\n  23 |       cy.get('input[type=\"submit\"], button[type=\"submit\"]').first().click()\n> 24 |       cy.url({ timeout: 60000 }).should('not.include', '/login')\n     |                                  ^\n  25 |     },\n  26 |     {\n  27 |       cacheAcrossSpecs: true,",
          "language": "ts"
        }
      }
    }
  ],
  "passes": []
}
  (Results)

  ΓöîΓöÇΓöÇΓöÇΓöÇΓöÇΓöÇΓöÇΓöÇΓöÇΓöÇΓöÇΓöÇΓöÇΓöÇΓöÇΓöÇΓöÇΓöÇΓöÇΓöÇΓöÇΓöÇΓöÇΓöÇΓöÇΓöÇΓöÇΓöÇΓöÇΓöÇΓöÇΓöÇΓöÇΓöÇΓöÇΓöÇΓöÇΓöÇΓöÇΓöÇΓöÇΓöÇΓöÇΓöÇΓöÇΓöÇΓöÇΓöÇΓöÇΓöÇΓöÇΓöÇΓöÇΓöÇΓöÇΓöÇΓöÇΓöÇΓöÇΓöÇΓöÇΓöÇΓöÇΓöÇΓöÇΓöÇΓöÇΓöÇΓöÇΓöÇΓöÇΓöÇΓöÇΓöÇΓöÇΓöÇΓöÇΓöÇΓöÇΓöÇΓöÇΓöÇΓöÇΓöÇΓöÇΓöÇΓöÇΓöÇΓöÇΓöÇΓöÇΓöÇΓöÇΓöÇΓöÇΓöÇΓöÉ
  Γöé Tests:        7                                                                                Γöé
  Γöé Passing:      0                                                                                Γöé
  Γöé Failing:      1                                                                                Γöé
  Γöé Pending:      0                                                                                Γöé
  Γöé Skipped:      6                                                                                Γöé
  Γöé Screenshots:  0                                                                                Γöé
  Γöé Video:        false                                                                            Γöé
  Γöé Duration:     1 minute, 1 second                                                               Γöé
  Γöé Spec Ran:     UC11/change-password.spec.ts                                                     Γöé
  ΓööΓöÇΓöÇΓöÇΓöÇΓöÇΓöÇΓöÇΓöÇΓöÇΓöÇΓöÇΓöÇΓöÇΓöÇΓöÇΓöÇΓöÇΓöÇΓöÇΓöÇΓöÇΓöÇΓöÇΓöÇΓöÇΓöÇΓöÇΓöÇΓöÇΓöÇΓöÇΓöÇΓöÇΓöÇΓöÇΓöÇΓöÇΓöÇΓöÇΓöÇΓöÇΓöÇΓöÇΓöÇΓöÇΓöÇΓöÇΓöÇΓöÇΓöÇΓöÇΓöÇΓöÇΓöÇΓöÇΓöÇΓöÇΓöÇΓöÇΓöÇΓöÇΓöÇΓöÇΓöÇΓöÇΓöÇΓöÇΓöÇΓöÇΓöÇΓöÇΓöÇΓöÇΓöÇΓöÇΓöÇΓöÇΓöÇΓöÇΓöÇΓöÇΓöÇΓöÇΓöÇΓöÇΓöÇΓöÇΓöÇΓöÇΓöÇΓöÇΓöÇΓöÇΓöÇΓöÇΓöÇΓöÿ


ΓöÇΓöÇΓöÇΓöÇΓöÇΓöÇΓöÇΓöÇΓöÇΓöÇΓöÇΓöÇΓöÇΓöÇΓöÇΓöÇΓöÇΓöÇΓöÇΓöÇΓöÇΓöÇΓöÇΓöÇΓöÇΓöÇΓöÇΓöÇΓöÇΓöÇΓöÇΓöÇΓöÇΓöÇΓöÇΓöÇΓöÇΓöÇΓöÇΓöÇΓöÇΓöÇΓöÇΓöÇΓöÇΓöÇΓöÇΓöÇΓöÇΓöÇΓöÇΓöÇΓöÇΓöÇΓöÇΓöÇΓöÇΓöÇΓöÇΓöÇΓöÇΓöÇΓöÇΓöÇΓöÇΓöÇΓöÇΓöÇΓöÇΓöÇΓöÇΓöÇΓöÇΓöÇΓöÇΓöÇΓöÇΓöÇΓöÇΓöÇΓöÇΓöÇΓöÇΓöÇΓöÇΓöÇΓöÇΓöÇΓöÇΓöÇΓöÇΓöÇΓöÇΓöÇΓöÇΓöÇΓöÇΓöÇΓöÇΓöÇ
                                                                                                    
  Running:  UC11/reset-password.spec.ts                                                    (7 of 33)
{
  "stats": {
    "suites": 1,
    "tests": 5,
    "passes": 0,
    "pending": 0,
    "failures": 5,
    "start": "2026-09-10T10:33:31.268Z",
    "end": "2026-09-10T10:33:31.609Z",
    "duration": 341
  },
  "tests": [
    {
      "title": "should send a temporary password and reset link for a valid username",
      "fullTitle": "Reset Password should send a temporary password and reset link for a valid username",
      "file": null,
      "duration": 67,
      "currentRetry": 0,
      "err": {
        "message": "`cy.visit()` failed trying to load:\n\nhttp://127.0.0.1:8080/iTrust2/login\n\nThe response we received from your web server was:\n\n  > 403: Forbidden\n\nThis was considered a failure because the status code was not `2xx`.\n\nIf you do not want status codes to cause failures pass the option: `failOnStatusCode: false`",
        "name": "CypressError",
        "stack": "CypressError: `cy.visit()` failed trying to load:\n\nhttp://127.0.0.1:8080/iTrust2/login\n\nThe response we received from your web server was:\n\n  > 403: Forbidden\n\nThis was considered a failure because the status code was not `2xx`.\n\nIf you do not want status codes to cause failures pass the option: `failOnStatusCode: false`\n    at <unknown> (http://127.0.0.1:8080/__cypress/runner/cypress_runner.js:133553:76)\n    at visitFailedByErr (http://127.0.0.1:8080/__cypress/runner/cypress_runner.js:133143:12)\n    at <unknown> (http://127.0.0.1:8080/__cypress/runner/cypress_runner.js:133536:13)\n    at tryCatcher (http://127.0.0.1:8080/__cypress/runner/cypress_runner.js:1780:23)\n    at Promise._settlePromiseFromHandler (http://127.0.0.1:8080/__cypress/runner/cypress_runner.js:1492:31)\n    at Promise._settlePromise (http://127.0.0.1:8080/__cypress/runner/cypress_runner.js:1549:18)\n    at Promise._settlePromise0 (http://127.0.0.1:8080/__cypress/runner/cypress_runner.js:1594:10)\n    at Promise._settlePromises (http://127.0.0.1:8080/__cypress/runner/cypress_runner.js:1670:18)\n    at _drainQueueStep (http://127.0.0.1:8080/__cypress/runner/cypress_runner.js:2380:12)\n    at _drainQueue (http://127.0.0.1:8080/__cypress/runner/cypress_runner.js:2373:9)\n    at Async._drainQueues (http://127.0.0.1:8080/__cypress/runner/cypress_runner.js:2389:5)\n    at Async.drainQueues (http://127.0.0.1:8080/__cypress/runner/cypress_runner.js:2259:14)",
        "parsedStack": [
          {
            "message": "CypressError: `cy.visit()` failed trying to load:",
            "whitespace": ""
          },
          {
            "message": "",
            "whitespace": ""
          },
          {
            "message": "http://127.0.0.1:8080/iTrust2/login",
            "whitespace": ""
          },
          {
            "message": "",
            "whitespace": ""
          },
          {
            "message": "The response we received from your web server was:",
            "whitespace": ""
          },
          {
            "message": "",
            "whitespace": ""
          },
          {
            "message": "> 403: Forbidden",
            "whitespace": "  "
          },
          {
            "message": "",
            "whitespace": ""
          },
          {
            "message": "This was considered a failure because the status code was not `2xx`.",
            "whitespace": ""
          },
          {
            "message": "",
            "whitespace": ""
          },
          {
            "message": "If you do not want status codes to cause failures pass the option: `failOnStatusCode: false`",
            "whitespace": ""
          },
          {
            "function": "<unknown>",
            "fileUrl": "http://127.0.0.1:8080/__cypress/runner/cypress_runner.js",
            "originalFile": "http://127.0.0.1:8080/__cypress/runner/cypress_runner.js",
            "line": 133553,
            "column": 76,
            "whitespace": "    "
          },
          {
            "function": "visitFailedByErr",
            "fileUrl": "http://127.0.0.1:8080/__cypress/runner/cypress_runner.js",
            "originalFile": "http://127.0.0.1:8080/__cypress/runner/cypress_runner.js",
            "line": 133143,
            "column": 12,
            "whitespace": "    "
          },
          {
            "function": "<unknown>",
            "fileUrl": "http://127.0.0.1:8080/__cypress/runner/cypress_runner.js",
            "originalFile": "http://127.0.0.1:8080/__cypress/runner/cypress_runner.js",
            "line": 133536,
            "column": 13,
            "whitespace": "    "
          },
          {
            "function": "tryCatcher",
            "fileUrl": "http://127.0.0.1:8080/__cypress/runner/cypress_runner.js",
            "originalFile": "http://127.0.0.1:8080/__cypress/runner/cypress_runner.js",
            "line": 1780,
            "column": 23,
            "whitespace": "    "
          },
          {
            "function": "Promise._settlePromiseFromHandler",
            "fileUrl": "http://127.0.0.1:8080/__cypress/runner/cypress_runner.js",
            "originalFile": "http://127.0.0.1:8080/__cypress/runner/cypress_runner.js",
            "line": 1492,
            "column": 31,
            "whitespace": "    "
          },
          {
            "function": "Promise._settlePromise",
            "fileUrl": "http://127.0.0.1:8080/__cypress/runner/cypress_runner.js",
            "originalFile": "http://127.0.0.1:8080/__cypress/runner/cypress_runner.js",
            "line": 1549,
            "column": 18,
            "whitespace": "    "
          },
          {
            "function": "Promise._settlePromise0",
            "fileUrl": "http://127.0.0.1:8080/__cypress/runner/cypress_runner.js",
            "originalFile": "http://127.0.0.1:8080/__cypress/runner/cypress_runner.js",
            "line": 1594,
            "column": 10,
            "whitespace": "    "
          },
          {
            "function": "Promise._settlePromises",
            "fileUrl": "http://127.0.0.1:8080/__cypress/runner/cypress_runner.js",
            "originalFile": "http://127.0.0.1:8080/__cypress/runner/cypress_runner.js",
            "line": 1670,
            "column": 18,
            "whitespace": "    "
          },
          {
            "function": "_drainQueueStep",
            "fileUrl": "http://127.0.0.1:8080/__cypress/runner/cypress_runner.js",
            "originalFile": "http://127.0.0.1:8080/__cypress/runner/cypress_runner.js",
            "line": 2380,
            "column": 12,
            "whitespace": "    "
          },
          {
            "function": "_drainQueue",
            "fileUrl": "http://127.0.0.1:8080/__cypress/runner/cypress_runner.js",
            "originalFile": "http://127.0.0.1:8080/__cypress/runner/cypress_runner.js",
            "line": 2373,
            "column": 9,
            "whitespace": "    "
          },
          {
            "function": "Async._drainQueues",
            "fileUrl": "http://127.0.0.1:8080/__cypress/runner/cypress_runner.js",
            "originalFile": "http://127.0.0.1:8080/__cypress/runner/cypress_runner.js",
            "line": 2389,
            "column": 5,
            "whitespace": "    "
          },
          {
            "function": "Async.drainQueues",
            "fileUrl": "http://127.0.0.1:8080/__cypress/runner/cypress_runner.js",
            "originalFile": "http://127.0.0.1:8080/__cypress/runner/cypress_runner.js",
            "line": 2259,
            "column": 14,
            "whitespace": "    "
          }
        ]
      }
    },
    {
      "title": "should show an error message for an unrecognized username",
      "fullTitle": "Reset Password should show an error message for an unrecognized username",
      "file": null,
      "duration": 39,
      "currentRetry": 0,
      "err": {
        "message": "`cy.visit()` failed trying to load:\n\nhttp://127.0.0.1:8080/iTrust2/login\n\nThe response we received from your web server was:\n\n  > 403: Forbidden\n\nThis was considered a failure because the status code was not `2xx`.\n\nIf you do not want status codes to cause failures pass the option: `failOnStatusCode: false`",
        "name": "CypressError",
        "stack": "CypressError: `cy.visit()` failed trying to load:\n\nhttp://127.0.0.1:8080/iTrust2/login\n\nThe response we received from your web server was:\n\n  > 403: Forbidden\n\nThis was considered a failure because the status code was not `2xx`.\n\nIf you do not want status codes to cause failures pass the option: `failOnStatusCode: false`\n    at <unknown> (http://127.0.0.1:8080/__cypress/runner/cypress_runner.js:133553:76)\n    at visitFailedByErr (http://127.0.0.1:8080/__cypress/runner/cypress_runner.js:133143:12)\n    at <unknown> (http://127.0.0.1:8080/__cypress/runner/cypress_runner.js:133536:13)\n    at tryCatcher (http://127.0.0.1:8080/__cypress/runner/cypress_runner.js:1780:23)\n    at Promise._settlePromiseFromHandler (http://127.0.0.1:8080/__cypress/runner/cypress_runner.js:1492:31)\n    at Promise._settlePromise (http://127.0.0.1:8080/__cypress/runner/cypress_runner.js:1549:18)\n    at Promise._settlePromise0 (http://127.0.0.1:8080/__cypress/runner/cypress_runner.js:1594:10)\n    at Promise._settlePromises (http://127.0.0.1:8080/__cypress/runner/cypress_runner.js:1670:18)\n    at _drainQueueStep (http://127.0.0.1:8080/__cypress/runner/cypress_runner.js:2380:12)\n    at _drainQueue (http://127.0.0.1:8080/__cypress/runner/cypress_runner.js:2373:9)\n    at Async._drainQueues (http://127.0.0.1:8080/__cypress/runner/cypress_runner.js:2389:5)\n    at Async.drainQueues (http://127.0.0.1:8080/__cypress/runner/cypress_runner.js:2259:14)\nFrom Your Spec Code:\n    at Context.eval (webpack://itrust2-acceptance-tests/./outputs/autouat/UC11/reset-password.spec.ts:16:7)",
        "parsedStack": [
          {
            "message": "CypressError: `cy.visit()` failed trying to load:",
            "whitespace": ""
          },
          {
            "message": "",
            "whitespace": ""
          },
          {
            "message": "http://127.0.0.1:8080/iTrust2/login",
            "whitespace": ""
          },
          {
            "message": "",
            "whitespace": ""
          },
          {
            "message": "The response we received from your web server was:",
            "whitespace": ""
          },
          {
            "message": "",
            "whitespace": ""
          },
          {
            "message": "> 403: Forbidden",
            "whitespace": "  "
          },
          {
            "message": "",
            "whitespace": ""
          },
          {
            "message": "This was considered a failure because the status code was not `2xx`.",
            "whitespace": ""
          },
          {
            "message": "",
            "whitespace": ""
          },
          {
            "message": "If you do not want status codes to cause failures pass the option: `failOnStatusCode: false`",
            "whitespace": ""
          },
          {
            "function": "<unknown>",
            "fileUrl": "http://127.0.0.1:8080/__cypress/runner/cypress_runner.js",
            "originalFile": "http://127.0.0.1:8080/__cypress/runner/cypress_runner.js",
            "line": 133553,
            "column": 76,
            "whitespace": "    "
          },
          {
            "function": "visitFailedByErr",
            "fileUrl": "http://127.0.0.1:8080/__cypress/runner/cypress_runner.js",
            "originalFile": "http://127.0.0.1:8080/__cypress/runner/cypress_runner.js",
            "line": 133143,
            "column": 12,
            "whitespace": "    "
          },
          {
            "function": "<unknown>",
            "fileUrl": "http://127.0.0.1:8080/__cypress/runner/cypress_runner.js",
            "originalFile": "http://127.0.0.1:8080/__cypress/runner/cypress_runner.js",
            "line": 133536,
            "column": 13,
            "whitespace": "    "
          },
          {
            "function": "tryCatcher",
            "fileUrl": "http://127.0.0.1:8080/__cypress/runner/cypress_runner.js",
            "originalFile": "http://127.0.0.1:8080/__cypress/runner/cypress_runner.js",
            "line": 1780,
            "column": 23,
            "whitespace": "    "
          },
          {
            "function": "Promise._settlePromiseFromHandler",
            "fileUrl": "http://127.0.0.1:8080/__cypress/runner/cypress_runner.js",
            "originalFile": "http://127.0.0.1:8080/__cypress/runner/cypress_runner.js",
            "line": 1492,
            "column": 31,
            "whitespace": "    "
          },
          {
            "function": "Promise._settlePromise",
            "fileUrl": "http://127.0.0.1:8080/__cypress/runner/cypress_runner.js",
            "originalFile": "http://127.0.0.1:8080/__cypress/runner/cypress_runner.js",
            "line": 1549,
            "column": 18,
            "whitespace": "    "
          },
          {
            "function": "Promise._settlePromise0",
            "fileUrl": "http://127.0.0.1:8080/__cypress/runner/cypress_runner.js",
            "originalFile": "http://127.0.0.1:8080/__cypress/runner/cypress_runner.js",
            "line": 1594,
            "column": 10,
            "whitespace": "    "
          },
          {
            "function": "Promise._settlePromises",
            "fileUrl": "http://127.0.0.1:8080/__cypress/runner/cypress_runner.js",
            "originalFile": "http://127.0.0.1:8080/__cypress/runner/cypress_runner.js",
            "line": 1670,
            "column": 18,
            "whitespace": "    "
          },
          {
            "function": "_drainQueueStep",
            "fileUrl": "http://127.0.0.1:8080/__cypress/runner/cypress_runner.js",
            "originalFile": "http://127.0.0.1:8080/__cypress/runner/cypress_runner.js",
            "line": 2380,
            "column": 12,
            "whitespace": "    "
          },
          {
            "function": "_drainQueue",
            "fileUrl": "http://127.0.0.1:8080/__cypress/runner/cypress_runner.js",
            "originalFile": "http://127.0.0.1:8080/__cypress/runner/cypress_runner.js",
            "line": 2373,
            "column": 9,
            "whitespace": "    "
          },
          {
            "function": "Async._drainQueues",
            "fileUrl": "http://127.0.0.1:8080/__cypress/runner/cypress_runner.js",
            "originalFile": "http://127.0.0.1:8080/__cypress/runner/cypress_runner.js",
            "line": 2389,
            "column": 5,
            "whitespace": "    "
          },
          {
            "function": "Async.drainQueues",
            "fileUrl": "http://127.0.0.1:8080/__cypress/runner/cypress_runner.js",
            "originalFile": "http://127.0.0.1:8080/__cypress/runner/cypress_runner.js",
            "line": 2259,
            "column": 14,
            "whitespace": "    "
          },
          {
            "message": "From Your Spec Code:",
            "whitespace": ""
          },
          {
            "function": "Context.eval",
            "fileUrl": "http://127.0.0.1:8080/__cypress/tests?p=outputs\\autouat\\UC11\\reset-password.spec.ts",
            "originalFile": "webpack://itrust2-acceptance-tests/./outputs/autouat/UC11/reset-password.spec.ts",
            "relativeFile": "outputs/autouat/UC11/reset-password.spec.ts",
            "absoluteFile": "D:\\APCS\\Acceptance/outputs/autouat/UC11/reset-password.spec.ts",
            "line": 16,
            "column": 7,
            "whitespace": "    "
          }
        ],
        "codeFrame": {
          "line": 16,
          "column": 8,
          "originalFile": "outputs/autouat/UC11/reset-password.spec.ts",
          "relativeFile": "outputs/autouat/UC11/reset-password.spec.ts",
          "absoluteFile": "D:\\APCS\\Acceptance/outputs/autouat/UC11/reset-password.spec.ts",
          "frame": "  14 |   // Scenario: Username not recognized\n  15 |   it('should show an error message for an unrecognized username', () => {\n> 16 |     cy.visit('/iTrust2/login');\n     |        ^\n  17 |     cy.get('#passwordResetRequest').click(); // Click on the \"Forgot Password\" link\n  18 |     cy.get('#username').type('unrecognizedUsername'); // Replace with an unrecognized username\n  19 |     cy.get('form').submit(); // Submit the form",
          "language": "ts"
        }
      }
    },
    {
      "title": "should show an error message for an account without a valid email",
      "fullTitle": "Reset Password should show an error message for an account without a valid email",
      "file": null,
      "duration": 52,
      "currentRetry": 0,
      "err": {
        "message": "`cy.visit()` failed trying to load:\n\nhttp://127.0.0.1:8080/iTrust2/login\n\nThe response we received from your web server was:\n\n  > 403: Forbidden\n\nThis was considered a failure because the status code was not `2xx`.\n\nIf you do not want status codes to cause failures pass the option: `failOnStatusCode: false`",
        "name": "CypressError",
        "stack": "CypressError: `cy.visit()` failed trying to load:\n\nhttp://127.0.0.1:8080/iTrust2/login\n\nThe response we received from your web server was:\n\n  > 403: Forbidden\n\nThis was considered a failure because the status code was not `2xx`.\n\nIf you do not want status codes to cause failures pass the option: `failOnStatusCode: false`\n    at <unknown> (http://127.0.0.1:8080/__cypress/runner/cypress_runner.js:133553:76)\n    at visitFailedByErr (http://127.0.0.1:8080/__cypress/runner/cypress_runner.js:133143:12)\n    at <unknown> (http://127.0.0.1:8080/__cypress/runner/cypress_runner.js:133536:13)\n    at tryCatcher (http://127.0.0.1:8080/__cypress/runner/cypress_runner.js:1780:23)\n    at Promise._settlePromiseFromHandler (http://127.0.0.1:8080/__cypress/runner/cypress_runner.js:1492:31)\n    at Promise._settlePromise (http://127.0.0.1:8080/__cypress/runner/cypress_runner.js:1549:18)\n    at Promise._settlePromise0 (http://127.0.0.1:8080/__cypress/runner/cypress_runner.js:1594:10)\n    at Promise._settlePromises (http://127.0.0.1:8080/__cypress/runner/cypress_runner.js:1670:18)\n    at _drainQueueStep (http://127.0.0.1:8080/__cypress/runner/cypress_runner.js:2380:12)\n    at _drainQueue (http://127.0.0.1:8080/__cypress/runner/cypress_runner.js:2373:9)\n    at Async._drainQueues (http://127.0.0.1:8080/__cypress/runner/cypress_runner.js:2389:5)\n    at Async.drainQueues (http://127.0.0.1:8080/__cypress/runner/cypress_runner.js:2259:14)",
        "parsedStack": [
          {
            "message": "CypressError: `cy.visit()` failed trying to load:",
            "whitespace": ""
          },
          {
            "message": "",
            "whitespace": ""
          },
          {
            "message": "http://127.0.0.1:8080/iTrust2/login",
            "whitespace": ""
          },
          {
            "message": "",
            "whitespace": ""
          },
          {
            "message": "The response we received from your web server was:",
            "whitespace": ""
          },
          {
            "message": "",
            "whitespace": ""
          },
          {
            "message": "> 403: Forbidden",
            "whitespace": "  "
          },
          {
            "message": "",
            "whitespace": ""
          },
          {
            "message": "This was considered a failure because the status code was not `2xx`.",
            "whitespace": ""
          },
          {
            "message": "",
            "whitespace": ""
          },
          {
            "message": "If you do not want status codes to cause failures pass the option: `failOnStatusCode: false`",
            "whitespace": ""
          },
          {
            "function": "<unknown>",
            "fileUrl": "http://127.0.0.1:8080/__cypress/runner/cypress_runner.js",
            "originalFile": "http://127.0.0.1:8080/__cypress/runner/cypress_runner.js",
            "line": 133553,
            "column": 76,
            "whitespace": "    "
          },
          {
            "function": "visitFailedByErr",
            "fileUrl": "http://127.0.0.1:8080/__cypress/runner/cypress_runner.js",
            "originalFile": "http://127.0.0.1:8080/__cypress/runner/cypress_runner.js",
            "line": 133143,
            "column": 12,
            "whitespace": "    "
          },
          {
            "function": "<unknown>",
            "fileUrl": "http://127.0.0.1:8080/__cypress/runner/cypress_runner.js",
            "originalFile": "http://127.0.0.1:8080/__cypress/runner/cypress_runner.js",
            "line": 133536,
            "column": 13,
            "whitespace": "    "
          },
          {
            "function": "tryCatcher",
            "fileUrl": "http://127.0.0.1:8080/__cypress/runner/cypress_runner.js",
            "originalFile": "http://127.0.0.1:8080/__cypress/runner/cypress_runner.js",
            "line": 1780,
            "column": 23,
            "whitespace": "    "
          },
          {
            "function": "Promise._settlePromiseFromHandler",
            "fileUrl": "http://127.0.0.1:8080/__cypress/runner/cypress_runner.js",
            "originalFile": "http://127.0.0.1:8080/__cypress/runner/cypress_runner.js",
            "line": 1492,
            "column": 31,
            "whitespace": "    "
          },
          {
            "function": "Promise._settlePromise",
            "fileUrl": "http://127.0.0.1:8080/__cypress/runner/cypress_runner.js",
            "originalFile": "http://127.0.0.1:8080/__cypress/runner/cypress_runner.js",
            "line": 1549,
            "column": 18,
            "whitespace": "    "
          },
          {
            "function": "Promise._settlePromise0",
            "fileUrl": "http://127.0.0.1:8080/__cypress/runner/cypress_runner.js",
            "originalFile": "http://127.0.0.1:8080/__cypress/runner/cypress_runner.js",
            "line": 1594,
            "column": 10,
            "whitespace": "    "
          },
          {
            "function": "Promise._settlePromises",
            "fileUrl": "http://127.0.0.1:8080/__cypress/runner/cypress_runner.js",
            "originalFile": "http://127.0.0.1:8080/__cypress/runner/cypress_runner.js",
            "line": 1670,
            "column": 18,
            "whitespace": "    "
          },
          {
            "function": "_drainQueueStep",
            "fileUrl": "http://127.0.0.1:8080/__cypress/runner/cypress_runner.js",
            "originalFile": "http://127.0.0.1:8080/__cypress/runner/cypress_runner.js",
            "line": 2380,
            "column": 12,
            "whitespace": "    "
          },
          {
            "function": "_drainQueue",
            "fileUrl": "http://127.0.0.1:8080/__cypress/runner/cypress_runner.js",
            "originalFile": "http://127.0.0.1:8080/__cypress/runner/cypress_runner.js",
            "line": 2373,
            "column": 9,
            "whitespace": "    "
          },
          {
            "function": "Async._drainQueues",
            "fileUrl": "http://127.0.0.1:8080/__cypress/runner/cypress_runner.js",
            "originalFile": "http://127.0.0.1:8080/__cypress/runner/cypress_runner.js",
            "line": 2389,
            "column": 5,
            "whitespace": "    "
          },
          {
            "function": "Async.drainQueues",
            "fileUrl": "http://127.0.0.1:8080/__cypress/runner/cypress_runner.js",
            "originalFile": "http://127.0.0.1:8080/__cypress/runner/cypress_runner.js",
            "line": 2259,
            "column": 14,
            "whitespace": "    "
          }
        ]
      }
    },
    {
      "title": "should successfully change the password using a temporary password",
      "fullTitle": "Reset Password should successfully change the password using a temporary password",
      "file": null,
      "duration": 50,
      "currentRetry": 0,
      "err": {
        "message": "`cy.visit()` failed trying to load:\n\nhttp://127.0.0.1:8080/iTrust2/login\n\nThe response we received from your web server was:\n\n  > 403: Forbidden\n\nThis was considered a failure because the status code was not `2xx`.\n\nIf you do not want status codes to cause failures pass the option: `failOnStatusCode: false`",
        "name": "CypressError",
        "stack": "CypressError: `cy.visit()` failed trying to load:\n\nhttp://127.0.0.1:8080/iTrust2/login\n\nThe response we received from your web server was:\n\n  > 403: Forbidden\n\nThis was considered a failure because the status code was not `2xx`.\n\nIf you do not want status codes to cause failures pass the option: `failOnStatusCode: false`\n    at <unknown> (http://127.0.0.1:8080/__cypress/runner/cypress_runner.js:133553:76)\n    at visitFailedByErr (http://127.0.0.1:8080/__cypress/runner/cypress_runner.js:133143:12)\n    at <unknown> (http://127.0.0.1:8080/__cypress/runner/cypress_runner.js:133536:13)\n    at tryCatcher (http://127.0.0.1:8080/__cypress/runner/cypress_runner.js:1780:23)\n    at Promise._settlePromiseFromHandler (http://127.0.0.1:8080/__cypress/runner/cypress_runner.js:1492:31)\n    at Promise._settlePromise (http://127.0.0.1:8080/__cypress/runner/cypress_runner.js:1549:18)\n    at Promise._settlePromise0 (http://127.0.0.1:8080/__cypress/runner/cypress_runner.js:1594:10)\n    at Promise._settlePromises (http://127.0.0.1:8080/__cypress/runner/cypress_runner.js:1670:18)\n    at _drainQueueStep (http://127.0.0.1:8080/__cypress/runner/cypress_runner.js:2380:12)\n    at _drainQueue (http://127.0.0.1:8080/__cypress/runner/cypress_runner.js:2373:9)\n    at Async._drainQueues (http://127.0.0.1:8080/__cypress/runner/cypress_runner.js:2389:5)\n    at Async.drainQueues (http://127.0.0.1:8080/__cypress/runner/cypress_runner.js:2259:14)",
        "parsedStack": [
          {
            "message": "CypressError: `cy.visit()` failed trying to load:",
            "whitespace": ""
          },
          {
            "message": "",
            "whitespace": ""
          },
          {
            "message": "http://127.0.0.1:8080/iTrust2/login",
            "whitespace": ""
          },
          {
            "message": "",
            "whitespace": ""
          },
          {
            "message": "The response we received from your web server was:",
            "whitespace": ""
          },
          {
            "message": "",
            "whitespace": ""
          },
          {
            "message": "> 403: Forbidden",
            "whitespace": "  "
          },
          {
            "message": "",
            "whitespace": ""
          },
          {
            "message": "This was considered a failure because the status code was not `2xx`.",
            "whitespace": ""
          },
          {
            "message": "",
            "whitespace": ""
          },
          {
            "message": "If you do not want status codes to cause failures pass the option: `failOnStatusCode: false`",
            "whitespace": ""
          },
          {
            "function": "<unknown>",
            "fileUrl": "http://127.0.0.1:8080/__cypress/runner/cypress_runner.js",
            "originalFile": "http://127.0.0.1:8080/__cypress/runner/cypress_runner.js",
            "line": 133553,
            "column": 76,
            "whitespace": "    "
          },
          {
            "function": "visitFailedByErr",
            "fileUrl": "http://127.0.0.1:8080/__cypress/runner/cypress_runner.js",
            "originalFile": "http://127.0.0.1:8080/__cypress/runner/cypress_runner.js",
            "line": 133143,
            "column": 12,
            "whitespace": "    "
          },
          {
            "function": "<unknown>",
            "fileUrl": "http://127.0.0.1:8080/__cypress/runner/cypress_runner.js",
            "originalFile": "http://127.0.0.1:8080/__cypress/runner/cypress_runner.js",
            "line": 133536,
            "column": 13,
            "whitespace": "    "
          },
          {
            "function": "tryCatcher",
            "fileUrl": "http://127.0.0.1:8080/__cypress/runner/cypress_runner.js",
            "originalFile": "http://127.0.0.1:8080/__cypress/runner/cypress_runner.js",
            "line": 1780,
            "column": 23,
            "whitespace": "    "
          },
          {
            "function": "Promise._settlePromiseFromHandler",
            "fileUrl": "http://127.0.0.1:8080/__cypress/runner/cypress_runner.js",
            "originalFile": "http://127.0.0.1:8080/__cypress/runner/cypress_runner.js",
            "line": 1492,
            "column": 31,
            "whitespace": "    "
          },
          {
            "function": "Promise._settlePromise",
            "fileUrl": "http://127.0.0.1:8080/__cypress/runner/cypress_runner.js",
            "originalFile": "http://127.0.0.1:8080/__cypress/runner/cypress_runner.js",
            "line": 1549,
            "column": 18,
            "whitespace": "    "
          },
          {
            "function": "Promise._settlePromise0",
            "fileUrl": "http://127.0.0.1:8080/__cypress/runner/cypress_runner.js",
            "originalFile": "http://127.0.0.1:8080/__cypress/runner/cypress_runner.js",
            "line": 1594,
            "column": 10,
            "whitespace": "    "
          },
          {
            "function": "Promise._settlePromises",
            "fileUrl": "http://127.0.0.1:8080/__cypress/runner/cypress_runner.js",
            "originalFile": "http://127.0.0.1:8080/__cypress/runner/cypress_runner.js",
            "line": 1670,
            "column": 18,
            "whitespace": "    "
          },
          {
            "function": "_drainQueueStep",
            "fileUrl": "http://127.0.0.1:8080/__cypress/runner/cypress_runner.js",
            "originalFile": "http://127.0.0.1:8080/__cypress/runner/cypress_runner.js",
            "line": 2380,
            "column": 12,
            "whitespace": "    "
          },
          {
            "function": "_drainQueue",
            "fileUrl": "http://127.0.0.1:8080/__cypress/runner/cypress_runner.js",
            "originalFile": "http://127.0.0.1:8080/__cypress/runner/cypress_runner.js",
            "line": 2373,
            "column": 9,
            "whitespace": "    "
          },
          {
            "function": "Async._drainQueues",
            "fileUrl": "http://127.0.0.1:8080/__cypress/runner/cypress_runner.js",
            "originalFile": "http://127.0.0.1:8080/__cypress/runner/cypress_runner.js",
            "line": 2389,
            "column": 5,
            "whitespace": "    "
          },
          {
            "function": "Async.drainQueues",
            "fileUrl": "http://127.0.0.1:8080/__cypress/runner/cypress_runner.js",
            "originalFile": "http://127.0.0.1:8080/__cypress/runner/cypress_runner.js",
            "line": 2259,
            "column": 14,
            "whitespace": "    "
          }
        ]
      }
    },
    {
      "title": "should show an error message for an expired temporary password",
      "fullTitle": "Reset Password should show an error message for an expired temporary password",
      "file": null,
      "duration": 46,
      "currentRetry": 0,
      "err": {
        "message": "`cy.visit()` failed trying to load:\n\nhttp://127.0.0.1:8080/iTrust2/login\n\nThe response we received from your web server was:\n\n  > 403: Forbidden\n\nThis was considered a failure because the status code was not `2xx`.\n\nIf you do not want status codes to cause failures pass the option: `failOnStatusCode: false`",
        "name": "CypressError",
        "stack": "CypressError: `cy.visit()` failed trying to load:\n\nhttp://127.0.0.1:8080/iTrust2/login\n\nThe response we received from your web server was:\n\n  > 403: Forbidden\n\nThis was considered a failure because the status code was not `2xx`.\n\nIf you do not want status codes to cause failures pass the option: `failOnStatusCode: false`\n    at <unknown> (http://127.0.0.1:8080/__cypress/runner/cypress_runner.js:133553:76)\n    at visitFailedByErr (http://127.0.0.1:8080/__cypress/runner/cypress_runner.js:133143:12)\n    at <unknown> (http://127.0.0.1:8080/__cypress/runner/cypress_runner.js:133536:13)\n    at tryCatcher (http://127.0.0.1:8080/__cypress/runner/cypress_runner.js:1780:23)\n    at Promise._settlePromiseFromHandler (http://127.0.0.1:8080/__cypress/runner/cypress_runner.js:1492:31)\n    at Promise._settlePromise (http://127.0.0.1:8080/__cypress/runner/cypress_runner.js:1549:18)\n    at Promise._settlePromise0 (http://127.0.0.1:8080/__cypress/runner/cypress_runner.js:1594:10)\n    at Promise._settlePromises (http://127.0.0.1:8080/__cypress/runner/cypress_runner.js:1670:18)\n    at _drainQueueStep (http://127.0.0.1:8080/__cypress/runner/cypress_runner.js:2380:12)\n    at _drainQueue (http://127.0.0.1:8080/__cypress/runner/cypress_runner.js:2373:9)\n    at Async._drainQueues (http://127.0.0.1:8080/__cypress/runner/cypress_runner.js:2389:5)\n    at Async.drainQueues (http://127.0.0.1:8080/__cypress/runner/cypress_runner.js:2259:14)",
        "parsedStack": [
          {
            "message": "CypressError: `cy.visit()` failed trying to load:",
            "whitespace": ""
          },
          {
            "message": "",
            "whitespace": ""
          },
          {
            "message": "http://127.0.0.1:8080/iTrust2/login",
            "whitespace": ""
          },
          {
            "message": "",
            "whitespace": ""
          },
          {
            "message": "The response we received from your web server was:",
            "whitespace": ""
          },
          {
            "message": "",
            "whitespace": ""
          },
          {
            "message": "> 403: Forbidden",
            "whitespace": "  "
          },
          {
            "message": "",
            "whitespace": ""
          },
          {
            "message": "This was considered a failure because the status code was not `2xx`.",
            "whitespace": ""
          },
          {
            "message": "",
            "whitespace": ""
          },
          {
            "message": "If you do not want status codes to cause failures pass the option: `failOnStatusCode: false`",
            "whitespace": ""
          },
          {
            "function": "<unknown>",
            "fileUrl": "http://127.0.0.1:8080/__cypress/runner/cypress_runner.js",
            "originalFile": "http://127.0.0.1:8080/__cypress/runner/cypress_runner.js",
            "line": 133553,
            "column": 76,
            "whitespace": "    "
          },
          {
            "function": "visitFailedByErr",
            "fileUrl": "http://127.0.0.1:8080/__cypress/runner/cypress_runner.js",
            "originalFile": "http://127.0.0.1:8080/__cypress/runner/cypress_runner.js",
            "line": 133143,
            "column": 12,
            "whitespace": "    "
          },
          {
            "function": "<unknown>",
            "fileUrl": "http://127.0.0.1:8080/__cypress/runner/cypress_runner.js",
            "originalFile": "http://127.0.0.1:8080/__cypress/runner/cypress_runner.js",
            "line": 133536,
            "column": 13,
            "whitespace": "    "
          },
          {
            "function": "tryCatcher",
            "fileUrl": "http://127.0.0.1:8080/__cypress/runner/cypress_runner.js",
            "originalFile": "http://127.0.0.1:8080/__cypress/runner/cypress_runner.js",
            "line": 1780,
            "column": 23,
            "whitespace": "    "
          },
          {
            "function": "Promise._settlePromiseFromHandler",
            "fileUrl": "http://127.0.0.1:8080/__cypress/runner/cypress_runner.js",
            "originalFile": "http://127.0.0.1:8080/__cypress/runner/cypress_runner.js",
            "line": 1492,
            "column": 31,
            "whitespace": "    "
          },
          {
            "function": "Promise._settlePromise",
            "fileUrl": "http://127.0.0.1:8080/__cypress/runner/cypress_runner.js",
            "originalFile": "http://127.0.0.1:8080/__cypress/runner/cypress_runner.js",
            "line": 1549,
            "column": 18,
            "whitespace": "    "
          },
          {
            "function": "Promise._settlePromise0",
            "fileUrl": "http://127.0.0.1:8080/__cypress/runner/cypress_runner.js",
            "originalFile": "http://127.0.0.1:8080/__cypress/runner/cypress_runner.js",
            "line": 1594,
            "column": 10,
            "whitespace": "    "
          },
          {
            "function": "Promise._settlePromises",
            "fileUrl": "http://127.0.0.1:8080/__cypress/runner/cypress_runner.js",
            "originalFile": "http://127.0.0.1:8080/__cypress/runner/cypress_runner.js",
            "line": 1670,
            "column": 18,
            "whitespace": "    "
          },
          {
            "function": "_drainQueueStep",
            "fileUrl": "http://127.0.0.1:8080/__cypress/runner/cypress_runner.js",
            "originalFile": "http://127.0.0.1:8080/__cypress/runner/cypress_runner.js",
            "line": 2380,
            "column": 12,
            "whitespace": "    "
          },
          {
            "function": "_drainQueue",
            "fileUrl": "http://127.0.0.1:8080/__cypress/runner/cypress_runner.js",
            "originalFile": "http://127.0.0.1:8080/__cypress/runner/cypress_runner.js",
            "line": 2373,
            "column": 9,
            "whitespace": "    "
          },
          {
            "function": "Async._drainQueues",
            "fileUrl": "http://127.0.0.1:8080/__cypress/runner/cypress_runner.js",
            "originalFile": "http://127.0.0.1:8080/__cypress/runner/cypress_runner.js",
            "line": 2389,
            "column": 5,
            "whitespace": "    "
          },
          {
            "function": "Async.drainQueues",
            "fileUrl": "http://127.0.0.1:8080/__cypress/runner/cypress_runner.js",
            "originalFile": "http://127.0.0.1:8080/__cypress/runner/cypress_runner.js",
            "line": 2259,
            "column": 14,
            "whitespace": "    "
          }
        ]
      }
    }
  ],
  "pending": [],
  "failures": [
    {
      "title": "should send a temporary password and reset link for a valid username",
      "fullTitle": "Reset Password should send a temporary password and reset link for a valid username",
      "file": null,
      "currentRetry": 0,
      "err": {
        "message": "`cy.visit()` failed trying to load:\n\nhttp://127.0.0.1:8080/iTrust2/login\n\nThe response we received from your web server was:\n\n  > 403: Forbidden\n\nThis was considered a failure because the status code was not `2xx`.\n\nIf you do not want status codes to cause failures pass the option: `failOnStatusCode: false`",
        "name": "CypressError",
        "stack": "CypressError: `cy.visit()` failed trying to load:\n\nhttp://127.0.0.1:8080/iTrust2/login\n\nThe response we received from your web server was:\n\n  > 403: Forbidden\n\nThis was considered a failure because the status code was not `2xx`.\n\nIf you do not want status codes to cause failures pass the option: `failOnStatusCode: false`\n    at <unknown> (http://127.0.0.1:8080/__cypress/runner/cypress_runner.js:133553:76)\n    at visitFailedByErr (http://127.0.0.1:8080/__cypress/runner/cypress_runner.js:133143:12)\n    at <unknown> (http://127.0.0.1:8080/__cypress/runner/cypress_runner.js:133536:13)\n    at tryCatcher (http://127.0.0.1:8080/__cypress/runner/cypress_runner.js:1780:23)\n    at Promise._settlePromiseFromHandler (http://127.0.0.1:8080/__cypress/runner/cypress_runner.js:1492:31)\n    at Promise._settlePromise (http://127.0.0.1:8080/__cypress/runner/cypress_runner.js:1549:18)\n    at Promise._settlePromise0 (http://127.0.0.1:8080/__cypress/runner/cypress_runner.js:1594:10)\n    at Promise._settlePromises (http://127.0.0.1:8080/__cypress/runner/cypress_runner.js:1670:18)\n    at _drainQueueStep (http://127.0.0.1:8080/__cypress/runner/cypress_runner.js:2380:12)\n    at _drainQueue (http://127.0.0.1:8080/__cypress/runner/cypress_runner.js:2373:9)\n    at Async._drainQueues (http://127.0.0.1:8080/__cypress/runner/cypress_runner.js:2389:5)\n    at Async.drainQueues (http://127.0.0.1:8080/__cypress/runner/cypress_runner.js:2259:14)",
        "parsedStack": [
          {
            "message": "CypressError: `cy.visit()` failed trying to load:",
            "whitespace": ""
          },
          {
            "message": "",
            "whitespace": ""
          },
          {
            "message": "http://127.0.0.1:8080/iTrust2/login",
            "whitespace": ""
          },
          {
            "message": "",
            "whitespace": ""
          },
          {
            "message": "The response we received from your web server was:",
            "whitespace": ""
          },
          {
            "message": "",
            "whitespace": ""
          },
          {
            "message": "> 403: Forbidden",
            "whitespace": "  "
          },
          {
            "message": "",
            "whitespace": ""
          },
          {
            "message": "This was considered a failure because the status code was not `2xx`.",
            "whitespace": ""
          },
          {
            "message": "",
            "whitespace": ""
          },
          {
            "message": "If you do not want status codes to cause failures pass the option: `failOnStatusCode: false`",
            "whitespace": ""
          },
          {
            "function": "<unknown>",
            "fileUrl": "http://127.0.0.1:8080/__cypress/runner/cypress_runner.js",
            "originalFile": "http://127.0.0.1:8080/__cypress/runner/cypress_runner.js",
            "line": 133553,
            "column": 76,
            "whitespace": "    "
          },
          {
            "function": "visitFailedByErr",
            "fileUrl": "http://127.0.0.1:8080/__cypress/runner/cypress_runner.js",
            "originalFile": "http://127.0.0.1:8080/__cypress/runner/cypress_runner.js",
            "line": 133143,
            "column": 12,
            "whitespace": "    "
          },
          {
            "function": "<unknown>",
            "fileUrl": "http://127.0.0.1:8080/__cypress/runner/cypress_runner.js",
            "originalFile": "http://127.0.0.1:8080/__cypress/runner/cypress_runner.js",
            "line": 133536,
            "column": 13,
            "whitespace": "    "
          },
          {
            "function": "tryCatcher",
            "fileUrl": "http://127.0.0.1:8080/__cypress/runner/cypress_runner.js",
            "originalFile": "http://127.0.0.1:8080/__cypress/runner/cypress_runner.js",
            "line": 1780,
            "column": 23,
            "whitespace": "    "
          },
          {
            "function": "Promise._settlePromiseFromHandler",
            "fileUrl": "http://127.0.0.1:8080/__cypress/runner/cypress_runner.js",
            "originalFile": "http://127.0.0.1:8080/__cypress/runner/cypress_runner.js",
            "line": 1492,
            "column": 31,
            "whitespace": "    "
          },
          {
            "function": "Promise._settlePromise",
            "fileUrl": "http://127.0.0.1:8080/__cypress/runner/cypress_runner.js",
            "originalFile": "http://127.0.0.1:8080/__cypress/runner/cypress_runner.js",
            "line": 1549,
            "column": 18,
            "whitespace": "    "
          },
          {
            "function": "Promise._settlePromise0",
            "fileUrl": "http://127.0.0.1:8080/__cypress/runner/cypress_runner.js",
            "originalFile": "http://127.0.0.1:8080/__cypress/runner/cypress_runner.js",
            "line": 1594,
            "column": 10,
            "whitespace": "    "
          },
          {
            "function": "Promise._settlePromises",
            "fileUrl": "http://127.0.0.1:8080/__cypress/runner/cypress_runner.js",
            "originalFile": "http://127.0.0.1:8080/__cypress/runner/cypress_runner.js",
            "line": 1670,
            "column": 18,
            "whitespace": "    "
          },
          {
            "function": "_drainQueueStep",
            "fileUrl": "http://127.0.0.1:8080/__cypress/runner/cypress_runner.js",
            "originalFile": "http://127.0.0.1:8080/__cypress/runner/cypress_runner.js",
            "line": 2380,
            "column": 12,
            "whitespace": "    "
          },
          {
            "function": "_drainQueue",
            "fileUrl": "http://127.0.0.1:8080/__cypress/runner/cypress_runner.js",
            "originalFile": "http://127.0.0.1:8080/__cypress/runner/cypress_runner.js",
            "line": 2373,
            "column": 9,
            "whitespace": "    "
          },
          {
            "function": "Async._drainQueues",
            "fileUrl": "http://127.0.0.1:8080/__cypress/runner/cypress_runner.js",
            "originalFile": "http://127.0.0.1:8080/__cypress/runner/cypress_runner.js",
            "line": 2389,
            "column": 5,
            "whitespace": "    "
          },
          {
            "function": "Async.drainQueues",
            "fileUrl": "http://127.0.0.1:8080/__cypress/runner/cypress_runner.js",
            "originalFile": "http://127.0.0.1:8080/__cypress/runner/cypress_runner.js",
            "line": 2259,
            "column": 14,
            "whitespace": "    "
          }
        ]
      }
    },
    {
      "title": "should show an error message for an unrecognized username",
      "fullTitle": "Reset Password should show an error message for an unrecognized username",
      "file": null,
      "currentRetry": 0,
      "err": {
        "message": "`cy.visit()` failed trying to load:\n\nhttp://127.0.0.1:8080/iTrust2/login\n\nThe response we received from your web server was:\n\n  > 403: Forbidden\n\nThis was considered a failure because the status code was not `2xx`.\n\nIf you do not want status codes to cause failures pass the option: `failOnStatusCode: false`",
        "name": "CypressError",
        "stack": "CypressError: `cy.visit()` failed trying to load:\n\nhttp://127.0.0.1:8080/iTrust2/login\n\nThe response we received from your web server was:\n\n  > 403: Forbidden\n\nThis was considered a failure because the status code was not `2xx`.\n\nIf you do not want status codes to cause failures pass the option: `failOnStatusCode: false`\n    at <unknown> (http://127.0.0.1:8080/__cypress/runner/cypress_runner.js:133553:76)\n    at visitFailedByErr (http://127.0.0.1:8080/__cypress/runner/cypress_runner.js:133143:12)\n    at <unknown> (http://127.0.0.1:8080/__cypress/runner/cypress_runner.js:133536:13)\n    at tryCatcher (http://127.0.0.1:8080/__cypress/runner/cypress_runner.js:1780:23)\n    at Promise._settlePromiseFromHandler (http://127.0.0.1:8080/__cypress/runner/cypress_runner.js:1492:31)\n    at Promise._settlePromise (http://127.0.0.1:8080/__cypress/runner/cypress_runner.js:1549:18)\n    at Promise._settlePromise0 (http://127.0.0.1:8080/__cypress/runner/cypress_runner.js:1594:10)\n    at Promise._settlePromises (http://127.0.0.1:8080/__cypress/runner/cypress_runner.js:1670:18)\n    at _drainQueueStep (http://127.0.0.1:8080/__cypress/runner/cypress_runner.js:2380:12)\n    at _drainQueue (http://127.0.0.1:8080/__cypress/runner/cypress_runner.js:2373:9)\n    at Async._drainQueues (http://127.0.0.1:8080/__cypress/runner/cypress_runner.js:2389:5)\n    at Async.drainQueues (http://127.0.0.1:8080/__cypress/runner/cypress_runner.js:2259:14)\nFrom Your Spec Code:\n    at Context.eval (webpack://itrust2-acceptance-tests/./outputs/autouat/UC11/reset-password.spec.ts:16:7)",
        "parsedStack": [
          {
            "message": "CypressError: `cy.visit()` failed trying to load:",
            "whitespace": ""
          },
          {
            "message": "",
            "whitespace": ""
          },
          {
            "message": "http://127.0.0.1:8080/iTrust2/login",
            "whitespace": ""
          },
          {
            "message": "",
            "whitespace": ""
          },
          {
            "message": "The response we received from your web server was:",
            "whitespace": ""
          },
          {
            "message": "",
            "whitespace": ""
          },
          {
            "message": "> 403: Forbidden",
            "whitespace": "  "
          },
          {
            "message": "",
            "whitespace": ""
          },
          {
            "message": "This was considered a failure because the status code was not `2xx`.",
            "whitespace": ""
          },
          {
            "message": "",
            "whitespace": ""
          },
          {
            "message": "If you do not want status codes to cause failures pass the option: `failOnStatusCode: false`",
            "whitespace": ""
          },
          {
            "function": "<unknown>",
            "fileUrl": "http://127.0.0.1:8080/__cypress/runner/cypress_runner.js",
            "originalFile": "http://127.0.0.1:8080/__cypress/runner/cypress_runner.js",
            "line": 133553,
            "column": 76,
            "whitespace": "    "
          },
          {
            "function": "visitFailedByErr",
            "fileUrl": "http://127.0.0.1:8080/__cypress/runner/cypress_runner.js",
            "originalFile": "http://127.0.0.1:8080/__cypress/runner/cypress_runner.js",
            "line": 133143,
            "column": 12,
            "whitespace": "    "
          },
          {
            "function": "<unknown>",
            "fileUrl": "http://127.0.0.1:8080/__cypress/runner/cypress_runner.js",
            "originalFile": "http://127.0.0.1:8080/__cypress/runner/cypress_runner.js",
            "line": 133536,
            "column": 13,
            "whitespace": "    "
          },
          {
            "function": "tryCatcher",
            "fileUrl": "http://127.0.0.1:8080/__cypress/runner/cypress_runner.js",
            "originalFile": "http://127.0.0.1:8080/__cypress/runner/cypress_runner.js",
            "line": 1780,
            "column": 23,
            "whitespace": "    "
          },
          {
            "function": "Promise._settlePromiseFromHandler",
            "fileUrl": "http://127.0.0.1:8080/__cypress/runner/cypress_runner.js",
            "originalFile": "http://127.0.0.1:8080/__cypress/runner/cypress_runner.js",
            "line": 1492,
            "column": 31,
            "whitespace": "    "
          },
          {
            "function": "Promise._settlePromise",
            "fileUrl": "http://127.0.0.1:8080/__cypress/runner/cypress_runner.js",
            "originalFile": "http://127.0.0.1:8080/__cypress/runner/cypress_runner.js",
            "line": 1549,
            "column": 18,
            "whitespace": "    "
          },
          {
            "function": "Promise._settlePromise0",
            "fileUrl": "http://127.0.0.1:8080/__cypress/runner/cypress_runner.js",
            "originalFile": "http://127.0.0.1:8080/__cypress/runner/cypress_runner.js",
            "line": 1594,
            "column": 10,
            "whitespace": "    "
          },
          {
            "function": "Promise._settlePromises",
            "fileUrl": "http://127.0.0.1:8080/__cypress/runner/cypress_runner.js",
            "originalFile": "http://127.0.0.1:8080/__cypress/runner/cypress_runner.js",
            "line": 1670,
            "column": 18,
            "whitespace": "    "
          },
          {
            "function": "_drainQueueStep",
            "fileUrl": "http://127.0.0.1:8080/__cypress/runner/cypress_runner.js",
            "originalFile": "http://127.0.0.1:8080/__cypress/runner/cypress_runner.js",
            "line": 2380,
            "column": 12,
            "whitespace": "    "
          },
          {
            "function": "_drainQueue",
            "fileUrl": "http://127.0.0.1:8080/__cypress/runner/cypress_runner.js",
            "originalFile": "http://127.0.0.1:8080/__cypress/runner/cypress_runner.js",
            "line": 2373,
            "column": 9,
            "whitespace": "    "
          },
          {
            "function": "Async._drainQueues",
            "fileUrl": "http://127.0.0.1:8080/__cypress/runner/cypress_runner.js",
            "originalFile": "http://127.0.0.1:8080/__cypress/runner/cypress_runner.js",
            "line": 2389,
            "column": 5,
            "whitespace": "    "
          },
          {
            "function": "Async.drainQueues",
            "fileUrl": "http://127.0.0.1:8080/__cypress/runner/cypress_runner.js",
            "originalFile": "http://127.0.0.1:8080/__cypress/runner/cypress_runner.js",
            "line": 2259,
            "column": 14,
            "whitespace": "    "
          },
          {
            "message": "From Your Spec Code:",
            "whitespace": ""
          },
          {
            "function": "Context.eval",
            "fileUrl": "http://127.0.0.1:8080/__cypress/tests?p=outputs\\autouat\\UC11\\reset-password.spec.ts",
            "originalFile": "webpack://itrust2-acceptance-tests/./outputs/autouat/UC11/reset-password.spec.ts",
            "relativeFile": "outputs/autouat/UC11/reset-password.spec.ts",
            "absoluteFile": "D:\\APCS\\Acceptance/outputs/autouat/UC11/reset-password.spec.ts",
            "line": 16,
            "column": 7,
            "whitespace": "    "
          }
        ],
        "codeFrame": {
          "line": 16,
          "column": 8,
          "originalFile": "outputs/autouat/UC11/reset-password.spec.ts",
          "relativeFile": "outputs/autouat/UC11/reset-password.spec.ts",
          "absoluteFile": "D:\\APCS\\Acceptance/outputs/autouat/UC11/reset-password.spec.ts",
          "frame": "  14 |   // Scenario: Username not recognized\n  15 |   it('should show an error message for an unrecognized username', () => {\n> 16 |     cy.visit('/iTrust2/login');\n     |        ^\n  17 |     cy.get('#passwordResetRequest').click(); // Click on the \"Forgot Password\" link\n  18 |     cy.get('#username').type('unrecognizedUsername'); // Replace with an unrecognized username\n  19 |     cy.get('form').submit(); // Submit the form",
          "language": "ts"
        }
      }
    },
    {
      "title": "should show an error message for an account without a valid email",
      "fullTitle": "Reset Password should show an error message for an account without a valid email",
      "file": null,
      "currentRetry": 0,
      "err": {
        "message": "`cy.visit()` failed trying to load:\n\nhttp://127.0.0.1:8080/iTrust2/login\n\nThe response we received from your web server was:\n\n  > 403: Forbidden\n\nThis was considered a failure because the status code was not `2xx`.\n\nIf you do not want status codes to cause failures pass the option: `failOnStatusCode: false`",
        "name": "CypressError",
        "stack": "CypressError: `cy.visit()` failed trying to load:\n\nhttp://127.0.0.1:8080/iTrust2/login\n\nThe response we received from your web server was:\n\n  > 403: Forbidden\n\nThis was considered a failure because the status code was not `2xx`.\n\nIf you do not want status codes to cause failures pass the option: `failOnStatusCode: false`\n    at <unknown> (http://127.0.0.1:8080/__cypress/runner/cypress_runner.js:133553:76)\n    at visitFailedByErr (http://127.0.0.1:8080/__cypress/runner/cypress_runner.js:133143:12)\n    at <unknown> (http://127.0.0.1:8080/__cypress/runner/cypress_runner.js:133536:13)\n    at tryCatcher (http://127.0.0.1:8080/__cypress/runner/cypress_runner.js:1780:23)\n    at Promise._settlePromiseFromHandler (http://127.0.0.1:8080/__cypress/runner/cypress_runner.js:1492:31)\n    at Promise._settlePromise (http://127.0.0.1:8080/__cypress/runner/cypress_runner.js:1549:18)\n    at Promise._settlePromise0 (http://127.0.0.1:8080/__cypress/runner/cypress_runner.js:1594:10)\n    at Promise._settlePromises (http://127.0.0.1:8080/__cypress/runner/cypress_runner.js:1670:18)\n    at _drainQueueStep (http://127.0.0.1:8080/__cypress/runner/cypress_runner.js:2380:12)\n    at _drainQueue (http://127.0.0.1:8080/__cypress/runner/cypress_runner.js:2373:9)\n    at Async._drainQueues (http://127.0.0.1:8080/__cypress/runner/cypress_runner.js:2389:5)\n    at Async.drainQueues (http://127.0.0.1:8080/__cypress/runner/cypress_runner.js:2259:14)",
        "parsedStack": [
          {
            "message": "CypressError: `cy.visit()` failed trying to load:",
            "whitespace": ""
          },
          {
            "message": "",
            "whitespace": ""
          },
          {
            "message": "http://127.0.0.1:8080/iTrust2/login",
            "whitespace": ""
          },
          {
            "message": "",
            "whitespace": ""
          },
          {
            "message": "The response we received from your web server was:",
            "whitespace": ""
          },
          {
            "message": "",
            "whitespace": ""
          },
          {
            "message": "> 403: Forbidden",
            "whitespace": "  "
          },
          {
            "message": "",
            "whitespace": ""
          },
          {
            "message": "This was considered a failure because the status code was not `2xx`.",
            "whitespace": ""
          },
          {
            "message": "",
            "whitespace": ""
          },
          {
            "message": "If you do not want status codes to cause failures pass the option: `failOnStatusCode: false`",
            "whitespace": ""
          },
          {
            "function": "<unknown>",
            "fileUrl": "http://127.0.0.1:8080/__cypress/runner/cypress_runner.js",
            "originalFile": "http://127.0.0.1:8080/__cypress/runner/cypress_runner.js",
            "line": 133553,
            "column": 76,
            "whitespace": "    "
          },
          {
            "function": "visitFailedByErr",
            "fileUrl": "http://127.0.0.1:8080/__cypress/runner/cypress_runner.js",
            "originalFile": "http://127.0.0.1:8080/__cypress/runner/cypress_runner.js",
            "line": 133143,
            "column": 12,
            "whitespace": "    "
          },
          {
            "function": "<unknown>",
            "fileUrl": "http://127.0.0.1:8080/__cypress/runner/cypress_runner.js",
            "originalFile": "http://127.0.0.1:8080/__cypress/runner/cypress_runner.js",
            "line": 133536,
            "column": 13,
            "whitespace": "    "
          },
          {
            "function": "tryCatcher",
            "fileUrl": "http://127.0.0.1:8080/__cypress/runner/cypress_runner.js",
            "originalFile": "http://127.0.0.1:8080/__cypress/runner/cypress_runner.js",
            "line": 1780,
            "column": 23,
            "whitespace": "    "
          },
          {
            "function": "Promise._settlePromiseFromHandler",
            "fileUrl": "http://127.0.0.1:8080/__cypress/runner/cypress_runner.js",
            "originalFile": "http://127.0.0.1:8080/__cypress/runner/cypress_runner.js",
            "line": 1492,
            "column": 31,
            "whitespace": "    "
          },
          {
            "function": "Promise._settlePromise",
            "fileUrl": "http://127.0.0.1:8080/__cypress/runner/cypress_runner.js",
            "originalFile": "http://127.0.0.1:8080/__cypress/runner/cypress_runner.js",
            "line": 1549,
            "column": 18,
            "whitespace": "    "
          },
          {
            "function": "Promise._settlePromise0",
            "fileUrl": "http://127.0.0.1:8080/__cypress/runner/cypress_runner.js",
            "originalFile": "http://127.0.0.1:8080/__cypress/runner/cypress_runner.js",
            "line": 1594,
            "column": 10,
            "whitespace": "    "
          },
          {
            "function": "Promise._settlePromises",
            "fileUrl": "http://127.0.0.1:8080/__cypress/runner/cypress_runner.js",
            "originalFile": "http://127.0.0.1:8080/__cypress/runner/cypress_runner.js",
            "line": 1670,
            "column": 18,
            "whitespace": "    "
          },
          {
            "function": "_drainQueueStep",
            "fileUrl": "http://127.0.0.1:8080/__cypress/runner/cypress_runner.js",
            "originalFile": "http://127.0.0.1:8080/__cypress/runner/cypress_runner.js",
            "line": 2380,
            "column": 12,
            "whitespace": "    "
          },
          {
            "function": "_drainQueue",
            "fileUrl": "http://127.0.0.1:8080/__cypress/runner/cypress_runner.js",
            "originalFile": "http://127.0.0.1:8080/__cypress/runner/cypress_runner.js",
            "line": 2373,
            "column": 9,
            "whitespace": "    "
          },
          {
            "function": "Async._drainQueues",
            "fileUrl": "http://127.0.0.1:8080/__cypress/runner/cypress_runner.js",
            "originalFile": "http://127.0.0.1:8080/__cypress/runner/cypress_runner.js",
            "line": 2389,
            "column": 5,
            "whitespace": "    "
          },
          {
            "function": "Async.drainQueues",
            "fileUrl": "http://127.0.0.1:8080/__cypress/runner/cypress_runner.js",
            "originalFile": "http://127.0.0.1:8080/__cypress/runner/cypress_runner.js",
            "line": 2259,
            "column": 14,
            "whitespace": "    "
          }
        ]
      }
    },
    {
      "title": "should successfully change the password using a temporary password",
      "fullTitle": "Reset Password should successfully change the password using a temporary password",
      "file": null,
      "currentRetry": 0,
      "err": {
        "message": "`cy.visit()` failed trying to load:\n\nhttp://127.0.0.1:8080/iTrust2/login\n\nThe response we received from your web server was:\n\n  > 403: Forbidden\n\nThis was considered a failure because the status code was not `2xx`.\n\nIf you do not want status codes to cause failures pass the option: `failOnStatusCode: false`",
        "name": "CypressError",
        "stack": "CypressError: `cy.visit()` failed trying to load:\n\nhttp://127.0.0.1:8080/iTrust2/login\n\nThe response we received from your web server was:\n\n  > 403: Forbidden\n\nThis was considered a failure because the status code was not `2xx`.\n\nIf you do not want status codes to cause failures pass the option: `failOnStatusCode: false`\n    at <unknown> (http://127.0.0.1:8080/__cypress/runner/cypress_runner.js:133553:76)\n    at visitFailedByErr (http://127.0.0.1:8080/__cypress/runner/cypress_runner.js:133143:12)\n    at <unknown> (http://127.0.0.1:8080/__cypress/runner/cypress_runner.js:133536:13)\n    at tryCatcher (http://127.0.0.1:8080/__cypress/runner/cypress_runner.js:1780:23)\n    at Promise._settlePromiseFromHandler (http://127.0.0.1:8080/__cypress/runner/cypress_runner.js:1492:31)\n    at Promise._settlePromise (http://127.0.0.1:8080/__cypress/runner/cypress_runner.js:1549:18)\n    at Promise._settlePromise0 (http://127.0.0.1:8080/__cypress/runner/cypress_runner.js:1594:10)\n    at Promise._settlePromises (http://127.0.0.1:8080/__cypress/runner/cypress_runner.js:1670:18)\n    at _drainQueueStep (http://127.0.0.1:8080/__cypress/runner/cypress_runner.js:2380:12)\n    at _drainQueue (http://127.0.0.1:8080/__cypress/runner/cypress_runner.js:2373:9)\n    at Async._drainQueues (http://127.0.0.1:8080/__cypress/runner/cypress_runner.js:2389:5)\n    at Async.drainQueues (http://127.0.0.1:8080/__cypress/runner/cypress_runner.js:2259:14)",
        "parsedStack": [
          {
            "message": "CypressError: `cy.visit()` failed trying to load:",
            "whitespace": ""
          },
          {
            "message": "",
            "whitespace": ""
          },
          {
            "message": "http://127.0.0.1:8080/iTrust2/login",
            "whitespace": ""
          },
          {
            "message": "",
            "whitespace": ""
          },
          {
            "message": "The response we received from your web server was:",
            "whitespace": ""
          },
          {
            "message": "",
            "whitespace": ""
          },
          {
            "message": "> 403: Forbidden",
            "whitespace": "  "
          },
          {
            "message": "",
            "whitespace": ""
          },
          {
            "message": "This was considered a failure because the status code was not `2xx`.",
            "whitespace": ""
          },
          {
            "message": "",
            "whitespace": ""
          },
          {
            "message": "If you do not want status codes to cause failures pass the option: `failOnStatusCode: false`",
            "whitespace": ""
          },
          {
            "function": "<unknown>",
            "fileUrl": "http://127.0.0.1:8080/__cypress/runner/cypress_runner.js",
            "originalFile": "http://127.0.0.1:8080/__cypress/runner/cypress_runner.js",
            "line": 133553,
            "column": 76,
            "whitespace": "    "
          },
          {
            "function": "visitFailedByErr",
            "fileUrl": "http://127.0.0.1:8080/__cypress/runner/cypress_runner.js",
            "originalFile": "http://127.0.0.1:8080/__cypress/runner/cypress_runner.js",
            "line": 133143,
            "column": 12,
            "whitespace": "    "
          },
          {
            "function": "<unknown>",
            "fileUrl": "http://127.0.0.1:8080/__cypress/runner/cypress_runner.js",
            "originalFile": "http://127.0.0.1:8080/__cypress/runner/cypress_runner.js",
            "line": 133536,
            "column": 13,
            "whitespace": "    "
          },
          {
            "function": "tryCatcher",
            "fileUrl": "http://127.0.0.1:8080/__cypress/runner/cypress_runner.js",
            "originalFile": "http://127.0.0.1:8080/__cypress/runner/cypress_runner.js",
            "line": 1780,
            "column": 23,
            "whitespace": "    "
          },
          {
            "function": "Promise._settlePromiseFromHandler",
            "fileUrl": "http://127.0.0.1:8080/__cypress/runner/cypress_runner.js",
            "originalFile": "http://127.0.0.1:8080/__cypress/runner/cypress_runner.js",
            "line": 1492,
            "column": 31,
            "whitespace": "    "
          },
          {
            "function": "Promise._settlePromise",
            "fileUrl": "http://127.0.0.1:8080/__cypress/runner/cypress_runner.js",
            "originalFile": "http://127.0.0.1:8080/__cypress/runner/cypress_runner.js",
            "line": 1549,
            "column": 18,
            "whitespace": "    "
          },
          {
            "function": "Promise._settlePromise0",
            "fileUrl": "http://127.0.0.1:8080/__cypress/runner/cypress_runner.js",
            "originalFile": "http://127.0.0.1:8080/__cypress/runner/cypress_runner.js",
            "line": 1594,
            "column": 10,
            "whitespace": "    "
          },
          {
            "function": "Promise._settlePromises",
            "fileUrl": "http://127.0.0.1:8080/__cypress/runner/cypress_runner.js",
            "originalFile": "http://127.0.0.1:8080/__cypress/runner/cypress_runner.js",
            "line": 1670,
            "column": 18,
            "whitespace": "    "
          },
          {
            "function": "_drainQueueStep",
            "fileUrl": "http://127.0.0.1:8080/__cypress/runner/cypress_runner.js",
            "originalFile": "http://127.0.0.1:8080/__cypress/runner/cypress_runner.js",
            "line": 2380,
            "column": 12,
            "whitespace": "    "
          },
          {
            "function": "_drainQueue",
            "fileUrl": "http://127.0.0.1:8080/__cypress/runner/cypress_runner.js",
            "originalFile": "http://127.0.0.1:8080/__cypress/runner/cypress_runner.js",
            "line": 2373,
            "column": 9,
            "whitespace": "    "
          },
          {
            "function": "Async._drainQueues",
            "fileUrl": "http://127.0.0.1:8080/__cypress/runner/cypress_runner.js",
            "originalFile": "http://127.0.0.1:8080/__cypress/runner/cypress_runner.js",
            "line": 2389,
            "column": 5,
            "whitespace": "    "
          },
          {
            "function": "Async.drainQueues",
            "fileUrl": "http://127.0.0.1:8080/__cypress/runner/cypress_runner.js",
            "originalFile": "http://127.0.0.1:8080/__cypress/runner/cypress_runner.js",
            "line": 2259,
            "column": 14,
            "whitespace": "    "
          }
        ]
      }
    },
    {
      "title": "should show an error message for an expired temporary password",
      "fullTitle": "Reset Password should show an error message for an expired temporary password",
      "file": null,
      "currentRetry": 0,
      "err": {
        "message": "`cy.visit()` failed trying to load:\n\nhttp://127.0.0.1:8080/iTrust2/login\n\nThe response we received from your web server was:\n\n  > 403: Forbidden\n\nThis was considered a failure because the status code was not `2xx`.\n\nIf you do not want status codes to cause failures pass the option: `failOnStatusCode: false`",
        "name": "CypressError",
        "stack": "CypressError: `cy.visit()` failed trying to load:\n\nhttp://127.0.0.1:8080/iTrust2/login\n\nThe response we received from your web server was:\n\n  > 403: Forbidden\n\nThis was considered a failure because the status code was not `2xx`.\n\nIf you do not want status codes to cause failures pass the option: `failOnStatusCode: false`\n    at <unknown> (http://127.0.0.1:8080/__cypress/runner/cypress_runner.js:133553:76)\n    at visitFailedByErr (http://127.0.0.1:8080/__cypress/runner/cypress_runner.js:133143:12)\n    at <unknown> (http://127.0.0.1:8080/__cypress/runner/cypress_runner.js:133536:13)\n    at tryCatcher (http://127.0.0.1:8080/__cypress/runner/cypress_runner.js:1780:23)\n    at Promise._settlePromiseFromHandler (http://127.0.0.1:8080/__cypress/runner/cypress_runner.js:1492:31)\n    at Promise._settlePromise (http://127.0.0.1:8080/__cypress/runner/cypress_runner.js:1549:18)\n    at Promise._settlePromise0 (http://127.0.0.1:8080/__cypress/runner/cypress_runner.js:1594:10)\n    at Promise._settlePromises (http://127.0.0.1:8080/__cypress/runner/cypress_runner.js:1670:18)\n    at _drainQueueStep (http://127.0.0.1:8080/__cypress/runner/cypress_runner.js:2380:12)\n    at _drainQueue (http://127.0.0.1:8080/__cypress/runner/cypress_runner.js:2373:9)\n    at Async._drainQueues (http://127.0.0.1:8080/__cypress/runner/cypress_runner.js:2389:5)\n    at Async.drainQueues (http://127.0.0.1:8080/__cypress/runner/cypress_runner.js:2259:14)",
        "parsedStack": [
          {
            "message": "CypressError: `cy.visit()` failed trying to load:",
            "whitespace": ""
          },
          {
            "message": "",
            "whitespace": ""
          },
          {
            "message": "http://127.0.0.1:8080/iTrust2/login",
            "whitespace": ""
          },
          {
            "message": "",
            "whitespace": ""
          },
          {
            "message": "The response we received from your web server was:",
            "whitespace": ""
          },
          {
            "message": "",
            "whitespace": ""
          },
          {
            "message": "> 403: Forbidden",
            "whitespace": "  "
          },
          {
            "message": "",
            "whitespace": ""
          },
          {
            "message": "This was considered a failure because the status code was not `2xx`.",
            "whitespace": ""
          },
          {
            "message": "",
            "whitespace": ""
          },
          {
            "message": "If you do not want status codes to cause failures pass the option: `failOnStatusCode: false`",
            "whitespace": ""
          },
          {
            "function": "<unknown>",
            "fileUrl": "http://127.0.0.1:8080/__cypress/runner/cypress_runner.js",
            "originalFile": "http://127.0.0.1:8080/__cypress/runner/cypress_runner.js",
            "line": 133553,
            "column": 76,
            "whitespace": "    "
          },
          {
            "function": "visitFailedByErr",
            "fileUrl": "http://127.0.0.1:8080/__cypress/runner/cypress_runner.js",
            "originalFile": "http://127.0.0.1:8080/__cypress/runner/cypress_runner.js",
            "line": 133143,
            "column": 12,
            "whitespace": "    "
          },
          {
            "function": "<unknown>",
            "fileUrl": "http://127.0.0.1:8080/__cypress/runner/cypress_runner.js",
            "originalFile": "http://127.0.0.1:8080/__cypress/runner/cypress_runner.js",
            "line": 133536,
            "column": 13,
            "whitespace": "    "
          },
          {
            "function": "tryCatcher",
            "fileUrl": "http://127.0.0.1:8080/__cypress/runner/cypress_runner.js",
            "originalFile": "http://127.0.0.1:8080/__cypress/runner/cypress_runner.js",
            "line": 1780,
            "column": 23,
            "whitespace": "    "
          },
          {
            "function": "Promise._settlePromiseFromHandler",
            "fileUrl": "http://127.0.0.1:8080/__cypress/runner/cypress_runner.js",
            "originalFile": "http://127.0.0.1:8080/__cypress/runner/cypress_runner.js",
            "line": 1492,
            "column": 31,
            "whitespace": "    "
          },
          {
            "function": "Promise._settlePromise",
            "fileUrl": "http://127.0.0.1:8080/__cypress/runner/cypress_runner.js",
            "originalFile": "http://127.0.0.1:8080/__cypress/runner/cypress_runner.js",
            "line": 1549,
            "column": 18,
            "whitespace": "    "
          },
          {
            "function": "Promise._settlePromise0",
            "fileUrl": "http://127.0.0.1:8080/__cypress/runner/cypress_runner.js",
            "originalFile": "http://127.0.0.1:8080/__cypress/runner/cypress_runner.js",
            "line": 1594,
            "column": 10,
            "whitespace": "    "
          },
          {
            "function": "Promise._settlePromises",
            "fileUrl": "http://127.0.0.1:8080/__cypress/runner/cypress_runner.js",
            "originalFile": "http://127.0.0.1:8080/__cypress/runner/cypress_runner.js",
            "line": 1670,
            "column": 18,
            "whitespace": "    "
          },
          {
            "function": "_drainQueueStep",
            "fileUrl": "http://127.0.0.1:8080/__cypress/runner/cypress_runner.js",
            "originalFile": "http://127.0.0.1:8080/__cypress/runner/cypress_runner.js",
            "line": 2380,
            "column": 12,
            "whitespace": "    "
          },
          {
            "function": "_drainQueue",
            "fileUrl": "http://127.0.0.1:8080/__cypress/runner/cypress_runner.js",
            "originalFile": "http://127.0.0.1:8080/__cypress/runner/cypress_runner.js",
            "line": 2373,
            "column": 9,
            "whitespace": "    "
          },
          {
            "function": "Async._drainQueues",
            "fileUrl": "http://127.0.0.1:8080/__cypress/runner/cypress_runner.js",
            "originalFile": "http://127.0.0.1:8080/__cypress/runner/cypress_runner.js",
            "line": 2389,
            "column": 5,
            "whitespace": "    "
          },
          {
            "function": "Async.drainQueues",
            "fileUrl": "http://127.0.0.1:8080/__cypress/runner/cypress_runner.js",
            "originalFile": "http://127.0.0.1:8080/__cypress/runner/cypress_runner.js",
            "line": 2259,
            "column": 14,
            "whitespace": "    "
          }
        ]
      }
    }
  ],
  "passes": []
}
  (Results)

  ΓöîΓöÇΓöÇΓöÇΓöÇΓöÇΓöÇΓöÇΓöÇΓöÇΓöÇΓöÇΓöÇΓöÇΓöÇΓöÇΓöÇΓöÇΓöÇΓöÇΓöÇΓöÇΓöÇΓöÇΓöÇΓöÇΓöÇΓöÇΓöÇΓöÇΓöÇΓöÇΓöÇΓöÇΓöÇΓöÇΓöÇΓöÇΓöÇΓöÇΓöÇΓöÇΓöÇΓöÇΓöÇΓöÇΓöÇΓöÇΓöÇΓöÇΓöÇΓöÇΓöÇΓöÇΓöÇΓöÇΓöÇΓöÇΓöÇΓöÇΓöÇΓöÇΓöÇΓöÇΓöÇΓöÇΓöÇΓöÇΓöÇΓöÇΓöÇΓöÇΓöÇΓöÇΓöÇΓöÇΓöÇΓöÇΓöÇΓöÇΓöÇΓöÇΓöÇΓöÇΓöÇΓöÇΓöÇΓöÇΓöÇΓöÇΓöÇΓöÇΓöÇΓöÇΓöÇΓöÇΓöÇΓöÉ
  Γöé Tests:        5                                                                                Γöé
  Γöé Passing:      0                                                                                Γöé
  Γöé Failing:      5                                                                                Γöé
  Γöé Pending:      0                                                                                Γöé
  Γöé Skipped:      0                                                                                Γöé
  Γöé Screenshots:  0                                                                                Γöé
  Γöé Video:        false                                                                            Γöé
  Γöé Duration:     0 seconds                                                                        Γöé
  Γöé Spec Ran:     UC11/reset-password.spec.ts                                                      Γöé
  ΓööΓöÇΓöÇΓöÇΓöÇΓöÇΓöÇΓöÇΓöÇΓöÇΓöÇΓöÇΓöÇΓöÇΓöÇΓöÇΓöÇΓöÇΓöÇΓöÇΓöÇΓöÇΓöÇΓöÇΓöÇΓöÇΓöÇΓöÇΓöÇΓöÇΓöÇΓöÇΓöÇΓöÇΓöÇΓöÇΓöÇΓöÇΓöÇΓöÇΓöÇΓöÇΓöÇΓöÇΓöÇΓöÇΓöÇΓöÇΓöÇΓöÇΓöÇΓöÇΓöÇΓöÇΓöÇΓöÇΓöÇΓöÇΓöÇΓöÇΓöÇΓöÇΓöÇΓöÇΓöÇΓöÇΓöÇΓöÇΓöÇΓöÇΓöÇΓöÇΓöÇΓöÇΓöÇΓöÇΓöÇΓöÇΓöÇΓöÇΓöÇΓöÇΓöÇΓöÇΓöÇΓöÇΓöÇΓöÇΓöÇΓöÇΓöÇΓöÇΓöÇΓöÇΓöÇΓöÇΓöÇΓöÿ


ΓöÇΓöÇΓöÇΓöÇΓöÇΓöÇΓöÇΓöÇΓöÇΓöÇΓöÇΓöÇΓöÇΓöÇΓöÇΓöÇΓöÇΓöÇΓöÇΓöÇΓöÇΓöÇΓöÇΓöÇΓöÇΓöÇΓöÇΓöÇΓöÇΓöÇΓöÇΓöÇΓöÇΓöÇΓöÇΓöÇΓöÇΓöÇΓöÇΓöÇΓöÇΓöÇΓöÇΓöÇΓöÇΓöÇΓöÇΓöÇΓöÇΓöÇΓöÇΓöÇΓöÇΓöÇΓöÇΓöÇΓöÇΓöÇΓöÇΓöÇΓöÇΓöÇΓöÇΓöÇΓöÇΓöÇΓöÇΓöÇΓöÇΓöÇΓöÇΓöÇΓöÇΓöÇΓöÇΓöÇΓöÇΓöÇΓöÇΓöÇΓöÇΓöÇΓöÇΓöÇΓöÇΓöÇΓöÇΓöÇΓöÇΓöÇΓöÇΓöÇΓöÇΓöÇΓöÇΓöÇΓöÇΓöÇΓöÇΓöÇ
                                                                                                    
  Running:  UC12/hcp-edits-patient-demographics-via-edit-patient.spec.ts                   (8 of 33)
{
  "stats": {
    "suites": 1,
    "tests": 5,
    "passes": 0,
    "pending": 0,
    "failures": 5,
    "start": "2026-09-10T10:33:33.096Z",
    "end": "2026-09-10T10:34:18.474Z",
    "duration": 45378
  },
  "tests": [
    {
      "title": "Successfully edit patient demographics",
      "fullTitle": "Edit Patient Demographics Successfully edit patient demographics",
      "file": null,
      "duration": 10690,
      "currentRetry": 0,
      "err": {
        "message": "Timed out retrying after 8000ms: Expected to find content: 'Data has been updated' but never did.",
        "type": "existence",
        "name": "AssertionError",
        "stack": "AssertionError: Timed out retrying after 8000ms: Expected to find content: 'Data has been updated' but never did.\n    at Context.eval (webpack://itrust2-acceptance-tests/./outputs/autouat/UC12/hcp-edits-patient-demographics-via-edit-patient.spec.ts:23:41)",
        "parsedStack": [
          {
            "message": "AssertionError: Timed out retrying after 8000ms: Expected to find content: 'Data has been updated' but never did.",
            "whitespace": ""
          },
          {
            "function": "Context.eval",
            "fileUrl": "http://127.0.0.1:8080/__cypress/tests?p=outputs\\autouat\\UC12\\hcp-edits-patient-demographics-via-edit-patient.spec.ts",
            "originalFile": "webpack://itrust2-acceptance-tests/./outputs/autouat/UC12/hcp-edits-patient-demographics-via-edit-patient.spec.ts",
            "relativeFile": "outputs/autouat/UC12/hcp-edits-patient-demographics-via-edit-patient.spec.ts",
            "absoluteFile": "D:\\APCS\\Acceptance/outputs/autouat/UC12/hcp-edits-patient-demographics-via-edit-patient.spec.ts",
            "line": 23,
            "column": 41,
            "whitespace": "    "
          }
        ],
        "codeFrame": {
          "line": 23,
          "column": 42,
          "originalFile": "outputs/autouat/UC12/hcp-edits-patient-demographics-via-edit-patient.spec.ts",
          "relativeFile": "outputs/autouat/UC12/hcp-edits-patient-demographics-via-edit-patient.spec.ts",
          "absoluteFile": "D:\\APCS\\Acceptance/outputs/autouat/UC12/hcp-edits-patient-demographics-via-edit-patient.spec.ts",
          "frame": "  21 |     \n  22 |     // Assert success message\n> 23 |     cy.contains('Data has been updated').should('be.visible');\n     |                                          ^\n  24 |     \n  25 |     // Assert that the patient's demographics reflect the updated information\n  26 |     cy.get('input[name=\"firstName\"]').should('have.value', 'John');",
          "language": "ts"
        }
      }
    },
    {
      "title": "Attempt to submit with invalid data",
      "fullTitle": "Edit Patient Demographics Attempt to submit with invalid data",
      "file": null,
      "duration": 8961,
      "currentRetry": 0,
      "err": {
        "message": "Timed out retrying after 8000ms: Expected to find content: 'Data entered is invalid' but never did.",
        "type": "existence",
        "name": "AssertionError",
        "stack": "AssertionError: Timed out retrying after 8000ms: Expected to find content: 'Data entered is invalid' but never did.\n    at Context.eval (webpack://itrust2-acceptance-tests/./outputs/autouat/UC12/hcp-edits-patient-demographics-via-edit-patient.spec.ts:42:43)",
        "parsedStack": [
          {
            "message": "AssertionError: Timed out retrying after 8000ms: Expected to find content: 'Data entered is invalid' but never did.",
            "whitespace": ""
          },
          {
            "function": "Context.eval",
            "fileUrl": "http://127.0.0.1:8080/__cypress/tests?p=outputs\\autouat\\UC12\\hcp-edits-patient-demographics-via-edit-patient.spec.ts",
            "originalFile": "webpack://itrust2-acceptance-tests/./outputs/autouat/UC12/hcp-edits-patient-demographics-via-edit-patient.spec.ts",
            "relativeFile": "outputs/autouat/UC12/hcp-edits-patient-demographics-via-edit-patient.spec.ts",
            "absoluteFile": "D:\\APCS\\Acceptance/outputs/autouat/UC12/hcp-edits-patient-demographics-via-edit-patient.spec.ts",
            "line": 42,
            "column": 43,
            "whitespace": "    "
          }
        ],
        "codeFrame": {
          "line": 42,
          "column": 44,
          "originalFile": "outputs/autouat/UC12/hcp-edits-patient-demographics-via-edit-patient.spec.ts",
          "relativeFile": "outputs/autouat/UC12/hcp-edits-patient-demographics-via-edit-patient.spec.ts",
          "absoluteFile": "D:\\APCS\\Acceptance/outputs/autouat/UC12/hcp-edits-patient-demographics-via-edit-patient.spec.ts",
          "frame": "  40 |     \n  41 |     // Assert error message\n> 42 |     cy.contains('Data entered is invalid').should('be.visible');\n     |                                            ^\n  43 |     \n  44 |     // Assert that the invalid field is highlighted\n  45 |     cy.get('input[name=\"email\"]').should('have.class', 'ng-invalid');",
          "language": "ts"
        }
      }
    },
    {
      "title": "Attempt to submit with missing required fields",
      "fullTitle": "Edit Patient Demographics Attempt to submit with missing required fields",
      "file": null,
      "duration": 8598,
      "currentRetry": 0,
      "err": {
        "message": "Timed out retrying after 8000ms: Expected to find content: 'Required fields are missing' but never did.",
        "type": "existence",
        "name": "AssertionError",
        "stack": "AssertionError: Timed out retrying after 8000ms: Expected to find content: 'Required fields are missing' but never did.\n    at Context.eval (webpack://itrust2-acceptance-tests/./outputs/autouat/UC12/hcp-edits-patient-demographics-via-edit-patient.spec.ts:60:47)",
        "parsedStack": [
          {
            "message": "AssertionError: Timed out retrying after 8000ms: Expected to find content: 'Required fields are missing' but never did.",
            "whitespace": ""
          },
          {
            "function": "Context.eval",
            "fileUrl": "http://127.0.0.1:8080/__cypress/tests?p=outputs\\autouat\\UC12\\hcp-edits-patient-demographics-via-edit-patient.spec.ts",
            "originalFile": "webpack://itrust2-acceptance-tests/./outputs/autouat/UC12/hcp-edits-patient-demographics-via-edit-patient.spec.ts",
            "relativeFile": "outputs/autouat/UC12/hcp-edits-patient-demographics-via-edit-patient.spec.ts",
            "absoluteFile": "D:\\APCS\\Acceptance/outputs/autouat/UC12/hcp-edits-patient-demographics-via-edit-patient.spec.ts",
            "line": 60,
            "column": 47,
            "whitespace": "    "
          }
        ],
        "codeFrame": {
          "line": 60,
          "column": 48,
          "originalFile": "outputs/autouat/UC12/hcp-edits-patient-demographics-via-edit-patient.spec.ts",
          "relativeFile": "outputs/autouat/UC12/hcp-edits-patient-demographics-via-edit-patient.spec.ts",
          "absoluteFile": "D:\\APCS\\Acceptance/outputs/autouat/UC12/hcp-edits-patient-demographics-via-edit-patient.spec.ts",
          "frame": "  58 |     \n  59 |     // Assert error message for missing required fields\n> 60 |     cy.contains('Required fields are missing').should('be.visible');\n     |                                                ^\n  61 |     \n  62 |     // Assert that the missing required fields are highlighted\n  63 |     cy.get('input[name=\"firstName\"]').should('have.class', 'ng-invalid');",
          "language": "ts"
        }
      }
    },
    {
      "title": "Cancel editing patient demographics",
      "fullTitle": "Edit Patient Demographics Cancel editing patient demographics",
      "file": null,
      "duration": 8472,
      "currentRetry": 0,
      "err": {
        "message": "Timed out retrying after 8000ms: Expected to find element: `button[name=\"cancel\"]`, but never found it.",
        "type": "existence",
        "name": "AssertionError",
        "stack": "AssertionError: Timed out retrying after 8000ms: Expected to find element: `button[name=\"cancel\"]`, but never found it.\n    at Context.eval (webpack://itrust2-acceptance-tests/./outputs/autouat/UC12/hcp-edits-patient-demographics-via-edit-patient.spec.ts:76:7)",
        "parsedStack": [
          {
            "message": "AssertionError: Timed out retrying after 8000ms: Expected to find element: `button[name=\"cancel\"]`, but never found it.",
            "whitespace": ""
          },
          {
            "function": "Context.eval",
            "fileUrl": "http://127.0.0.1:8080/__cypress/tests?p=outputs\\autouat\\UC12\\hcp-edits-patient-demographics-via-edit-patient.spec.ts",
            "originalFile": "webpack://itrust2-acceptance-tests/./outputs/autouat/UC12/hcp-edits-patient-demographics-via-edit-patient.spec.ts",
            "relativeFile": "outputs/autouat/UC12/hcp-edits-patient-demographics-via-edit-patient.spec.ts",
            "absoluteFile": "D:\\APCS\\Acceptance/outputs/autouat/UC12/hcp-edits-patient-demographics-via-edit-patient.spec.ts",
            "line": 76,
            "column": 7,
            "whitespace": "    "
          }
        ],
        "codeFrame": {
          "line": 76,
          "column": 8,
          "originalFile": "outputs/autouat/UC12/hcp-edits-patient-demographics-via-edit-patient.spec.ts",
          "relativeFile": "outputs/autouat/UC12/hcp-edits-patient-demographics-via-edit-patient.spec.ts",
          "absoluteFile": "D:\\APCS\\Acceptance/outputs/autouat/UC12/hcp-edits-patient-demographics-via-edit-patient.spec.ts",
          "frame": "  74 |     // Press the Cancel button (assuming it exists)\n  75 |     // Note: The Cancel button is not present in the provided HTML, so this is a placeholder\n> 76 |     cy.get('button[name=\"cancel\"]').click(); // This button should be defined in the actual HTML\n     |        ^\n  77 |     \n  78 |     // Assert redirection back to the patient list\n  79 |     cy.url().should('include', '/iTrust2/hcp/editPatientDemographics');",
          "language": "ts"
        }
      }
    },
    {
      "title": "Edit demographics of a patient not in the list",
      "fullTitle": "Edit Patient Demographics Edit demographics of a patient not in the list",
      "file": null,
      "duration": 8466,
      "currentRetry": 0,
      "err": {
        "message": "Timed out retrying after 8000ms: Expected to find element: `button[name=\"search\"]`, but never found it.",
        "type": "existence",
        "name": "AssertionError",
        "stack": "AssertionError: Timed out retrying after 8000ms: Expected to find element: `button[name=\"search\"]`, but never found it.\n    at Context.eval (webpack://itrust2-acceptance-tests/./outputs/autouat/UC12/hcp-edits-patient-demographics-via-edit-patient.spec.ts:90:7)",
        "parsedStack": [
          {
            "message": "AssertionError: Timed out retrying after 8000ms: Expected to find element: `button[name=\"search\"]`, but never found it.",
            "whitespace": ""
          },
          {
            "function": "Context.eval",
            "fileUrl": "http://127.0.0.1:8080/__cypress/tests?p=outputs\\autouat\\UC12\\hcp-edits-patient-demographics-via-edit-patient.spec.ts",
            "originalFile": "webpack://itrust2-acceptance-tests/./outputs/autouat/UC12/hcp-edits-patient-demographics-via-edit-patient.spec.ts",
            "relativeFile": "outputs/autouat/UC12/hcp-edits-patient-demographics-via-edit-patient.spec.ts",
            "absoluteFile": "D:\\APCS\\Acceptance/outputs/autouat/UC12/hcp-edits-patient-demographics-via-edit-patient.spec.ts",
            "line": 90,
            "column": 7,
            "whitespace": "    "
          }
        ],
        "codeFrame": {
          "line": 90,
          "column": 8,
          "originalFile": "outputs/autouat/UC12/hcp-edits-patient-demographics-via-edit-patient.spec.ts",
          "relativeFile": "outputs/autouat/UC12/hcp-edits-patient-demographics-via-edit-patient.spec.ts",
          "absoluteFile": "D:\\APCS\\Acceptance/outputs/autouat/UC12/hcp-edits-patient-demographics-via-edit-patient.spec.ts",
          "frame": "  88 |     // Assuming we have a way to input a username directly\n  89 |     cy.get('input[name=\"search\"]').type('nonexistentPatient');\n> 90 |     cy.get('button[name=\"search\"]').click(); // Assuming a search button exists\n     |        ^\n  91 |     \n  92 |     // Assert error message indicating the patient cannot be found\n  93 |     cy.contains('Patient cannot be found').should('be.visible');",
          "language": "ts"
        }
      }
    }
  ],
  "pending": [],
  "failures": [
    {
      "title": "Successfully edit patient demographics",
      "fullTitle": "Edit Patient Demographics Successfully edit patient demographics",
      "file": null,
      "currentRetry": 0,
      "err": {
        "message": "Timed out retrying after 8000ms: Expected to find content: 'Data has been updated' but never did.",
        "type": "existence",
        "name": "AssertionError",
        "stack": "AssertionError: Timed out retrying after 8000ms: Expected to find content: 'Data has been updated' but never did.\n    at Context.eval (webpack://itrust2-acceptance-tests/./outputs/autouat/UC12/hcp-edits-patient-demographics-via-edit-patient.spec.ts:23:41)",
        "parsedStack": [
          {
            "message": "AssertionError: Timed out retrying after 8000ms: Expected to find content: 'Data has been updated' but never did.",
            "whitespace": ""
          },
          {
            "function": "Context.eval",
            "fileUrl": "http://127.0.0.1:8080/__cypress/tests?p=outputs\\autouat\\UC12\\hcp-edits-patient-demographics-via-edit-patient.spec.ts",
            "originalFile": "webpack://itrust2-acceptance-tests/./outputs/autouat/UC12/hcp-edits-patient-demographics-via-edit-patient.spec.ts",
            "relativeFile": "outputs/autouat/UC12/hcp-edits-patient-demographics-via-edit-patient.spec.ts",
            "absoluteFile": "D:\\APCS\\Acceptance/outputs/autouat/UC12/hcp-edits-patient-demographics-via-edit-patient.spec.ts",
            "line": 23,
            "column": 41,
            "whitespace": "    "
          }
        ],
        "codeFrame": {
          "line": 23,
          "column": 42,
          "originalFile": "outputs/autouat/UC12/hcp-edits-patient-demographics-via-edit-patient.spec.ts",
          "relativeFile": "outputs/autouat/UC12/hcp-edits-patient-demographics-via-edit-patient.spec.ts",
          "absoluteFile": "D:\\APCS\\Acceptance/outputs/autouat/UC12/hcp-edits-patient-demographics-via-edit-patient.spec.ts",
          "frame": "  21 |     \n  22 |     // Assert success message\n> 23 |     cy.contains('Data has been updated').should('be.visible');\n     |                                          ^\n  24 |     \n  25 |     // Assert that the patient's demographics reflect the updated information\n  26 |     cy.get('input[name=\"firstName\"]').should('have.value', 'John');",
          "language": "ts"
        }
      }
    },
    {
      "title": "Attempt to submit with invalid data",
      "fullTitle": "Edit Patient Demographics Attempt to submit with invalid data",
      "file": null,
      "currentRetry": 0,
      "err": {
        "message": "Timed out retrying after 8000ms: Expected to find content: 'Data entered is invalid' but never did.",
        "type": "existence",
        "name": "AssertionError",
        "stack": "AssertionError: Timed out retrying after 8000ms: Expected to find content: 'Data entered is invalid' but never did.\n    at Context.eval (webpack://itrust2-acceptance-tests/./outputs/autouat/UC12/hcp-edits-patient-demographics-via-edit-patient.spec.ts:42:43)",
        "parsedStack": [
          {
            "message": "AssertionError: Timed out retrying after 8000ms: Expected to find content: 'Data entered is invalid' but never did.",
            "whitespace": ""
          },
          {
            "function": "Context.eval",
            "fileUrl": "http://127.0.0.1:8080/__cypress/tests?p=outputs\\autouat\\UC12\\hcp-edits-patient-demographics-via-edit-patient.spec.ts",
            "originalFile": "webpack://itrust2-acceptance-tests/./outputs/autouat/UC12/hcp-edits-patient-demographics-via-edit-patient.spec.ts",
            "relativeFile": "outputs/autouat/UC12/hcp-edits-patient-demographics-via-edit-patient.spec.ts",
            "absoluteFile": "D:\\APCS\\Acceptance/outputs/autouat/UC12/hcp-edits-patient-demographics-via-edit-patient.spec.ts",
            "line": 42,
            "column": 43,
            "whitespace": "    "
          }
        ],
        "codeFrame": {
          "line": 42,
          "column": 44,
          "originalFile": "outputs/autouat/UC12/hcp-edits-patient-demographics-via-edit-patient.spec.ts",
          "relativeFile": "outputs/autouat/UC12/hcp-edits-patient-demographics-via-edit-patient.spec.ts",
          "absoluteFile": "D:\\APCS\\Acceptance/outputs/autouat/UC12/hcp-edits-patient-demographics-via-edit-patient.spec.ts",
          "frame": "  40 |     \n  41 |     // Assert error message\n> 42 |     cy.contains('Data entered is invalid').should('be.visible');\n     |                                            ^\n  43 |     \n  44 |     // Assert that the invalid field is highlighted\n  45 |     cy.get('input[name=\"email\"]').should('have.class', 'ng-invalid');",
          "language": "ts"
        }
      }
    },
    {
      "title": "Attempt to submit with missing required fields",
      "fullTitle": "Edit Patient Demographics Attempt to submit with missing required fields",
      "file": null,
      "currentRetry": 0,
      "err": {
        "message": "Timed out retrying after 8000ms: Expected to find content: 'Required fields are missing' but never did.",
        "type": "existence",
        "name": "AssertionError",
        "stack": "AssertionError: Timed out retrying after 8000ms: Expected to find content: 'Required fields are missing' but never did.\n    at Context.eval (webpack://itrust2-acceptance-tests/./outputs/autouat/UC12/hcp-edits-patient-demographics-via-edit-patient.spec.ts:60:47)",
        "parsedStack": [
          {
            "message": "AssertionError: Timed out retrying after 8000ms: Expected to find content: 'Required fields are missing' but never did.",
            "whitespace": ""
          },
          {
            "function": "Context.eval",
            "fileUrl": "http://127.0.0.1:8080/__cypress/tests?p=outputs\\autouat\\UC12\\hcp-edits-patient-demographics-via-edit-patient.spec.ts",
            "originalFile": "webpack://itrust2-acceptance-tests/./outputs/autouat/UC12/hcp-edits-patient-demographics-via-edit-patient.spec.ts",
            "relativeFile": "outputs/autouat/UC12/hcp-edits-patient-demographics-via-edit-patient.spec.ts",
            "absoluteFile": "D:\\APCS\\Acceptance/outputs/autouat/UC12/hcp-edits-patient-demographics-via-edit-patient.spec.ts",
            "line": 60,
            "column": 47,
            "whitespace": "    "
          }
        ],
        "codeFrame": {
          "line": 60,
          "column": 48,
          "originalFile": "outputs/autouat/UC12/hcp-edits-patient-demographics-via-edit-patient.spec.ts",
          "relativeFile": "outputs/autouat/UC12/hcp-edits-patient-demographics-via-edit-patient.spec.ts",
          "absoluteFile": "D:\\APCS\\Acceptance/outputs/autouat/UC12/hcp-edits-patient-demographics-via-edit-patient.spec.ts",
          "frame": "  58 |     \n  59 |     // Assert error message for missing required fields\n> 60 |     cy.contains('Required fields are missing').should('be.visible');\n     |                                                ^\n  61 |     \n  62 |     // Assert that the missing required fields are highlighted\n  63 |     cy.get('input[name=\"firstName\"]').should('have.class', 'ng-invalid');",
          "language": "ts"
        }
      }
    },
    {
      "title": "Cancel editing patient demographics",
      "fullTitle": "Edit Patient Demographics Cancel editing patient demographics",
      "file": null,
      "currentRetry": 0,
      "err": {
        "message": "Timed out retrying after 8000ms: Expected to find element: `button[name=\"cancel\"]`, but never found it.",
        "type": "existence",
        "name": "AssertionError",
        "stack": "AssertionError: Timed out retrying after 8000ms: Expected to find element: `button[name=\"cancel\"]`, but never found it.\n    at Context.eval (webpack://itrust2-acceptance-tests/./outputs/autouat/UC12/hcp-edits-patient-demographics-via-edit-patient.spec.ts:76:7)",
        "parsedStack": [
          {
            "message": "AssertionError: Timed out retrying after 8000ms: Expected to find element: `button[name=\"cancel\"]`, but never found it.",
            "whitespace": ""
          },
          {
            "function": "Context.eval",
            "fileUrl": "http://127.0.0.1:8080/__cypress/tests?p=outputs\\autouat\\UC12\\hcp-edits-patient-demographics-via-edit-patient.spec.ts",
            "originalFile": "webpack://itrust2-acceptance-tests/./outputs/autouat/UC12/hcp-edits-patient-demographics-via-edit-patient.spec.ts",
            "relativeFile": "outputs/autouat/UC12/hcp-edits-patient-demographics-via-edit-patient.spec.ts",
            "absoluteFile": "D:\\APCS\\Acceptance/outputs/autouat/UC12/hcp-edits-patient-demographics-via-edit-patient.spec.ts",
            "line": 76,
            "column": 7,
            "whitespace": "    "
          }
        ],
        "codeFrame": {
          "line": 76,
          "column": 8,
          "originalFile": "outputs/autouat/UC12/hcp-edits-patient-demographics-via-edit-patient.spec.ts",
          "relativeFile": "outputs/autouat/UC12/hcp-edits-patient-demographics-via-edit-patient.spec.ts",
          "absoluteFile": "D:\\APCS\\Acceptance/outputs/autouat/UC12/hcp-edits-patient-demographics-via-edit-patient.spec.ts",
          "frame": "  74 |     // Press the Cancel button (assuming it exists)\n  75 |     // Note: The Cancel button is not present in the provided HTML, so this is a placeholder\n> 76 |     cy.get('button[name=\"cancel\"]').click(); // This button should be defined in the actual HTML\n     |        ^\n  77 |     \n  78 |     // Assert redirection back to the patient list\n  79 |     cy.url().should('include', '/iTrust2/hcp/editPatientDemographics');",
          "language": "ts"
        }
      }
    },
    {
      "title": "Edit demographics of a patient not in the list",
      "fullTitle": "Edit Patient Demographics Edit demographics of a patient not in the list",
      "file": null,
      "currentRetry": 0,
      "err": {
        "message": "Timed out retrying after 8000ms: Expected to find element: `button[name=\"search\"]`, but never found it.",
        "type": "existence",
        "name": "AssertionError",
        "stack": "AssertionError: Timed out retrying after 8000ms: Expected to find element: `button[name=\"search\"]`, but never found it.\n    at Context.eval (webpack://itrust2-acceptance-tests/./outputs/autouat/UC12/hcp-edits-patient-demographics-via-edit-patient.spec.ts:90:7)",
        "parsedStack": [
          {
            "message": "AssertionError: Timed out retrying after 8000ms: Expected to find element: `button[name=\"search\"]`, but never found it.",
            "whitespace": ""
          },
          {
            "function": "Context.eval",
            "fileUrl": "http://127.0.0.1:8080/__cypress/tests?p=outputs\\autouat\\UC12\\hcp-edits-patient-demographics-via-edit-patient.spec.ts",
            "originalFile": "webpack://itrust2-acceptance-tests/./outputs/autouat/UC12/hcp-edits-patient-demographics-via-edit-patient.spec.ts",
            "relativeFile": "outputs/autouat/UC12/hcp-edits-patient-demographics-via-edit-patient.spec.ts",
            "absoluteFile": "D:\\APCS\\Acceptance/outputs/autouat/UC12/hcp-edits-patient-demographics-via-edit-patient.spec.ts",
            "line": 90,
            "column": 7,
            "whitespace": "    "
          }
        ],
        "codeFrame": {
          "line": 90,
          "column": 8,
          "originalFile": "outputs/autouat/UC12/hcp-edits-patient-demographics-via-edit-patient.spec.ts",
          "relativeFile": "outputs/autouat/UC12/hcp-edits-patient-demographics-via-edit-patient.spec.ts",
          "absoluteFile": "D:\\APCS\\Acceptance/outputs/autouat/UC12/hcp-edits-patient-demographics-via-edit-patient.spec.ts",
          "frame": "  88 |     // Assuming we have a way to input a username directly\n  89 |     cy.get('input[name=\"search\"]').type('nonexistentPatient');\n> 90 |     cy.get('button[name=\"search\"]').click(); // Assuming a search button exists\n     |        ^\n  91 |     \n  92 |     // Assert error message indicating the patient cannot be found\n  93 |     cy.contains('Patient cannot be found').should('be.visible');",
          "language": "ts"
        }
      }
    }
  ],
  "passes": []
}
  (Results)

  ΓöîΓöÇΓöÇΓöÇΓöÇΓöÇΓöÇΓöÇΓöÇΓöÇΓöÇΓöÇΓöÇΓöÇΓöÇΓöÇΓöÇΓöÇΓöÇΓöÇΓöÇΓöÇΓöÇΓöÇΓöÇΓöÇΓöÇΓöÇΓöÇΓöÇΓöÇΓöÇΓöÇΓöÇΓöÇΓöÇΓöÇΓöÇΓöÇΓöÇΓöÇΓöÇΓöÇΓöÇΓöÇΓöÇΓöÇΓöÇΓöÇΓöÇΓöÇΓöÇΓöÇΓöÇΓöÇΓöÇΓöÇΓöÇΓöÇΓöÇΓöÇΓöÇΓöÇΓöÇΓöÇΓöÇΓöÇΓöÇΓöÇΓöÇΓöÇΓöÇΓöÇΓöÇΓöÇΓöÇΓöÇΓöÇΓöÇΓöÇΓöÇΓöÇΓöÇΓöÇΓöÇΓöÇΓöÇΓöÇΓöÇΓöÇΓöÇΓöÇΓöÇΓöÇΓöÇΓöÇΓöÇΓöÉ
  Γöé Tests:        5                                                                                Γöé
  Γöé Passing:      0                                                                                Γöé
  Γöé Failing:      5                                                                                Γöé
  Γöé Pending:      0                                                                                Γöé
  Γöé Skipped:      0                                                                                Γöé
  Γöé Screenshots:  0                                                                                Γöé
  Γöé Video:        false                                                                            Γöé
  Γöé Duration:     45 seconds                                                                       Γöé
  Γöé Spec Ran:     UC12/hcp-edits-patient-demographics-via-edit-patient.spec.ts                     Γöé
  ΓööΓöÇΓöÇΓöÇΓöÇΓöÇΓöÇΓöÇΓöÇΓöÇΓöÇΓöÇΓöÇΓöÇΓöÇΓöÇΓöÇΓöÇΓöÇΓöÇΓöÇΓöÇΓöÇΓöÇΓöÇΓöÇΓöÇΓöÇΓöÇΓöÇΓöÇΓöÇΓöÇΓöÇΓöÇΓöÇΓöÇΓöÇΓöÇΓöÇΓöÇΓöÇΓöÇΓöÇΓöÇΓöÇΓöÇΓöÇΓöÇΓöÇΓöÇΓöÇΓöÇΓöÇΓöÇΓöÇΓöÇΓöÇΓöÇΓöÇΓöÇΓöÇΓöÇΓöÇΓöÇΓöÇΓöÇΓöÇΓöÇΓöÇΓöÇΓöÇΓöÇΓöÇΓöÇΓöÇΓöÇΓöÇΓöÇΓöÇΓöÇΓöÇΓöÇΓöÇΓöÇΓöÇΓöÇΓöÇΓöÇΓöÇΓöÇΓöÇΓöÇΓöÇΓöÇΓöÇΓöÇΓöÿ


ΓöÇΓöÇΓöÇΓöÇΓöÇΓöÇΓöÇΓöÇΓöÇΓöÇΓöÇΓöÇΓöÇΓöÇΓöÇΓöÇΓöÇΓöÇΓöÇΓöÇΓöÇΓöÇΓöÇΓöÇΓöÇΓöÇΓöÇΓöÇΓöÇΓöÇΓöÇΓöÇΓöÇΓöÇΓöÇΓöÇΓöÇΓöÇΓöÇΓöÇΓöÇΓöÇΓöÇΓöÇΓöÇΓöÇΓöÇΓöÇΓöÇΓöÇΓöÇΓöÇΓöÇΓöÇΓöÇΓöÇΓöÇΓöÇΓöÇΓöÇΓöÇΓöÇΓöÇΓöÇΓöÇΓöÇΓöÇΓöÇΓöÇΓöÇΓöÇΓöÇΓöÇΓöÇΓöÇΓöÇΓöÇΓöÇΓöÇΓöÇΓöÇΓöÇΓöÇΓöÇΓöÇΓöÇΓöÇΓöÇΓöÇΓöÇΓöÇΓöÇΓöÇΓöÇΓöÇΓöÇΓöÇΓöÇΓöÇΓöÇ
                                                                                                    
  Running:  UC12/warning-on-switching-patient.spec.ts                                      (9 of 33)
{
  "stats": {
    "suites": 1,
    "tests": 5,
    "passes": 1,
    "pending": 0,
    "failures": 4,
    "start": "2026-09-10T10:34:19.742Z",
    "end": "2026-09-10T10:34:54.171Z",
    "duration": 34429
  },
  "tests": [
    {
      "title": "Display warning when switching patients with unsaved changes",
      "fullTitle": "Warning on switching patient Display warning when switching patients with unsaved changes",
      "file": null,
      "duration": 8671,
      "currentRetry": 0,
      "err": {
        "message": "Timed out retrying after 8000ms: `cy.type()` failed because this element is not visible:\n\n`<input type=\"text\" name=\"firstName\" ng-model=\"patientForm.firstName\" class=\"ng-pristine ng-untouched ng-valid ng-empty\">`\n\nThis element `<input.ng-pristine.ng-untouched.ng-valid.ng-empty>` is not visible because its parent `<div.ng-hide>` has CSS property: `display: none`\n\nFix this problem, or use `{force: true}` to disable error checking.\n\nhttps://on.cypress.io/element-cannot-be-interacted-with",
        "name": "CypressError",
        "stack": "CypressError: Timed out retrying after 8000ms: `cy.type()` failed because this element is not visible:\n\n`<input type=\"text\" name=\"firstName\" ng-model=\"patientForm.firstName\" class=\"ng-pristine ng-untouched ng-valid ng-empty\">`\n\nThis element `<input.ng-pristine.ng-untouched.ng-valid.ng-empty>` is not visible because its parent `<div.ng-hide>` has CSS property: `display: none`\n\nFix this problem, or use `{force: true}` to disable error checking.\n\nhttps://on.cypress.io/element-cannot-be-interacted-with\n    at runVisibilityCheck (http://127.0.0.1:8080/__cypress/runner/cypress_runner.js:153750:58)\n    at Object.isStrictlyVisible (http://127.0.0.1:8080/__cypress/runner/cypress_runner.js:153764:10)\n    at runAllChecks (http://127.0.0.1:8080/__cypress/runner/cypress_runner.js:114016:26)\n    at retryActionability (http://127.0.0.1:8080/__cypress/runner/cypress_runner.js:114085:16)\n    at tryCatcher (http://127.0.0.1:8080/__cypress/runner/cypress_runner.js:1780:23)\n    at Promise.attempt.Promise.try (http://127.0.0.1:8080/__cypress/runner/cypress_runner.js:4288:29)\n    at whenStable (http://127.0.0.1:8080/__cypress/runner/cypress_runner.js:152458:70)\n    at <unknown> (http://127.0.0.1:8080/__cypress/runner/cypress_runner.js:152358:14)\n    at tryCatcher (http://127.0.0.1:8080/__cypress/runner/cypress_runner.js:1780:23)\n    at Promise._settlePromiseFromHandler (http://127.0.0.1:8080/__cypress/runner/cypress_runner.js:1492:31)\n    at Promise._settlePromise (http://127.0.0.1:8080/__cypress/runner/cypress_runner.js:1549:18)\n    at Promise._settlePromise0 (http://127.0.0.1:8080/__cypress/runner/cypress_runner.js:1594:10)\n    at Promise._settlePromises (http://127.0.0.1:8080/__cypress/runner/cypress_runner.js:1674:18)\n    at Promise._fulfill (http://127.0.0.1:8080/__cypress/runner/cypress_runner.js:1618:18)\n    at <unknown> (http://127.0.0.1:8080/__cypress/runner/cypress_runner.js:5423:46)",
        "parsedStack": [
          {
            "message": "CypressError: Timed out retrying after 8000ms: `cy.type()` failed because this element is not visible:",
            "whitespace": ""
          },
          {
            "message": "",
            "whitespace": ""
          },
          {
            "message": "`<input type=\"text\" name=\"firstName\" ng-model=\"patientForm.firstName\" class=\"ng-pristine ng-untouched ng-valid ng-empty\">`",
            "whitespace": ""
          },
          {
            "message": "",
            "whitespace": ""
          },
          {
            "message": "This element `<input.ng-pristine.ng-untouched.ng-valid.ng-empty>` is not visible because its parent `<div.ng-hide>` has CSS property: `display: none`",
            "whitespace": ""
          },
          {
            "message": "",
            "whitespace": ""
          },
          {
            "message": "Fix this problem, or use `{force: true}` to disable error checking.",
            "whitespace": ""
          },
          {
            "function": "runVisibilityCheck",
            "fileUrl": "http://127.0.0.1:8080/__cypress/runner/cypress_runner.js",
            "originalFile": "http://127.0.0.1:8080/__cypress/runner/cypress_runner.js",
            "line": 153750,
            "column": 58,
            "whitespace": "    "
          },
          {
            "function": "Object.isStrictlyVisible",
            "fileUrl": "http://127.0.0.1:8080/__cypress/runner/cypress_runner.js",
            "originalFile": "http://127.0.0.1:8080/__cypress/runner/cypress_runner.js",
            "line": 153764,
            "column": 10,
            "whitespace": "    "
          },
          {
            "function": "runAllChecks",
            "fileUrl": "http://127.0.0.1:8080/__cypress/runner/cypress_runner.js",
            "originalFile": "http://127.0.0.1:8080/__cypress/runner/cypress_runner.js",
            "line": 114016,
            "column": 26,
            "whitespace": "    "
          },
          {
            "function": "retryActionability",
            "fileUrl": "http://127.0.0.1:8080/__cypress/runner/cypress_runner.js",
            "originalFile": "http://127.0.0.1:8080/__cypress/runner/cypress_runner.js",
            "line": 114085,
            "column": 16,
            "whitespace": "    "
          },
          {
            "function": "tryCatcher",
            "fileUrl": "http://127.0.0.1:8080/__cypress/runner/cypress_runner.js",
            "originalFile": "http://127.0.0.1:8080/__cypress/runner/cypress_runner.js",
            "line": 1780,
            "column": 23,
            "whitespace": "    "
          },
          {
            "function": "Promise.attempt.Promise.try",
            "fileUrl": "http://127.0.0.1:8080/__cypress/runner/cypress_runner.js",
            "originalFile": "http://127.0.0.1:8080/__cypress/runner/cypress_runner.js",
            "line": 4288,
            "column": 29,
            "whitespace": "    "
          },
          {
            "function": "whenStable",
            "fileUrl": "http://127.0.0.1:8080/__cypress/runner/cypress_runner.js",
            "originalFile": "http://127.0.0.1:8080/__cypress/runner/cypress_runner.js",
            "line": 152458,
            "column": 70,
            "whitespace": "    "
          },
          {
            "function": "<unknown>",
            "fileUrl": "http://127.0.0.1:8080/__cypress/runner/cypress_runner.js",
            "originalFile": "http://127.0.0.1:8080/__cypress/runner/cypress_runner.js",
            "line": 152358,
            "column": 14,
            "whitespace": "    "
          },
          {
            "function": "tryCatcher",
            "fileUrl": "http://127.0.0.1:8080/__cypress/runner/cypress_runner.js",
            "originalFile": "http://127.0.0.1:8080/__cypress/runner/cypress_runner.js",
            "line": 1780,
            "column": 23,
            "whitespace": "    "
          },
          {
            "function": "Promise._settlePromiseFromHandler",
            "fileUrl": "http://127.0.0.1:8080/__cypress/runner/cypress_runner.js",
            "originalFile": "http://127.0.0.1:8080/__cypress/runner/cypress_runner.js",
            "line": 1492,
            "column": 31,
            "whitespace": "    "
          },
          {
            "function": "Promise._settlePromise",
            "fileUrl": "http://127.0.0.1:8080/__cypress/runner/cypress_runner.js",
            "originalFile": "http://127.0.0.1:8080/__cypress/runner/cypress_runner.js",
            "line": 1549,
            "column": 18,
            "whitespace": "    "
          },
          {
            "function": "Promise._settlePromise0",
            "fileUrl": "http://127.0.0.1:8080/__cypress/runner/cypress_runner.js",
            "originalFile": "http://127.0.0.1:8080/__cypress/runner/cypress_runner.js",
            "line": 1594,
            "column": 10,
            "whitespace": "    "
          },
          {
            "function": "Promise._settlePromises",
            "fileUrl": "http://127.0.0.1:8080/__cypress/runner/cypress_runner.js",
            "originalFile": "http://127.0.0.1:8080/__cypress/runner/cypress_runner.js",
            "line": 1674,
            "column": 18,
            "whitespace": "    "
          },
          {
            "function": "Promise._fulfill",
            "fileUrl": "http://127.0.0.1:8080/__cypress/runner/cypress_runner.js",
            "originalFile": "http://127.0.0.1:8080/__cypress/runner/cypress_runner.js",
            "line": 1618,
            "column": 18,
            "whitespace": "    "
          },
          {
            "function": "<unknown>",
            "fileUrl": "http://127.0.0.1:8080/__cypress/runner/cypress_runner.js",
            "originalFile": "http://127.0.0.1:8080/__cypress/runner/cypress_runner.js",
            "line": 5423,
            "column": 46,
            "whitespace": "    "
          }
        ]
      }
    },
    {
      "title": "Confirming the switch to a different patient",
      "fullTitle": "Warning on switching patient Confirming the switch to a different patient",
      "file": null,
      "duration": 8446,
      "currentRetry": 0,
      "err": {
        "message": "Timed out retrying after 8000ms: `cy.type()` failed because this element is not visible:\n\n`<input type=\"text\" name=\"firstName\" ng-model=\"patientForm.firstName\" class=\"ng-pristine ng-untouched ng-valid ng-empty\">`\n\nThis element `<input.ng-pristine.ng-untouched.ng-valid.ng-empty>` is not visible because its parent `<div.ng-hide>` has CSS property: `display: none`\n\nFix this problem, or use `{force: true}` to disable error checking.\n\nhttps://on.cypress.io/element-cannot-be-interacted-with",
        "name": "CypressError",
        "stack": "CypressError: Timed out retrying after 8000ms: `cy.type()` failed because this element is not visible:\n\n`<input type=\"text\" name=\"firstName\" ng-model=\"patientForm.firstName\" class=\"ng-pristine ng-untouched ng-valid ng-empty\">`\n\nThis element `<input.ng-pristine.ng-untouched.ng-valid.ng-empty>` is not visible because its parent `<div.ng-hide>` has CSS property: `display: none`\n\nFix this problem, or use `{force: true}` to disable error checking.\n\nhttps://on.cypress.io/element-cannot-be-interacted-with\n    at runVisibilityCheck (http://127.0.0.1:8080/__cypress/runner/cypress_runner.js:153750:58)\n    at Object.isStrictlyVisible (http://127.0.0.1:8080/__cypress/runner/cypress_runner.js:153764:10)\n    at runAllChecks (http://127.0.0.1:8080/__cypress/runner/cypress_runner.js:114016:26)\n    at retryActionability (http://127.0.0.1:8080/__cypress/runner/cypress_runner.js:114085:16)\n    at tryCatcher (http://127.0.0.1:8080/__cypress/runner/cypress_runner.js:1780:23)\n    at Promise.attempt.Promise.try (http://127.0.0.1:8080/__cypress/runner/cypress_runner.js:4288:29)\n    at whenStable (http://127.0.0.1:8080/__cypress/runner/cypress_runner.js:152458:70)\n    at <unknown> (http://127.0.0.1:8080/__cypress/runner/cypress_runner.js:152358:14)\n    at tryCatcher (http://127.0.0.1:8080/__cypress/runner/cypress_runner.js:1780:23)\n    at Promise._settlePromiseFromHandler (http://127.0.0.1:8080/__cypress/runner/cypress_runner.js:1492:31)\n    at Promise._settlePromise (http://127.0.0.1:8080/__cypress/runner/cypress_runner.js:1549:18)\n    at Promise._settlePromise0 (http://127.0.0.1:8080/__cypress/runner/cypress_runner.js:1594:10)\n    at Promise._settlePromises (http://127.0.0.1:8080/__cypress/runner/cypress_runner.js:1674:18)\n    at Promise._fulfill (http://127.0.0.1:8080/__cypress/runner/cypress_runner.js:1618:18)\n    at <unknown> (http://127.0.0.1:8080/__cypress/runner/cypress_runner.js:5423:46)",
        "parsedStack": [
          {
            "message": "CypressError: Timed out retrying after 8000ms: `cy.type()` failed because this element is not visible:",
            "whitespace": ""
          },
          {
            "message": "",
            "whitespace": ""
          },
          {
            "message": "`<input type=\"text\" name=\"firstName\" ng-model=\"patientForm.firstName\" class=\"ng-pristine ng-untouched ng-valid ng-empty\">`",
            "whitespace": ""
          },
          {
            "message": "",
            "whitespace": ""
          },
          {
            "message": "This element `<input.ng-pristine.ng-untouched.ng-valid.ng-empty>` is not visible because its parent `<div.ng-hide>` has CSS property: `display: none`",
            "whitespace": ""
          },
          {
            "message": "",
            "whitespace": ""
          },
          {
            "message": "Fix this problem, or use `{force: true}` to disable error checking.",
            "whitespace": ""
          },
          {
            "function": "runVisibilityCheck",
            "fileUrl": "http://127.0.0.1:8080/__cypress/runner/cypress_runner.js",
            "originalFile": "http://127.0.0.1:8080/__cypress/runner/cypress_runner.js",
            "line": 153750,
            "column": 58,
            "whitespace": "    "
          },
          {
            "function": "Object.isStrictlyVisible",
            "fileUrl": "http://127.0.0.1:8080/__cypress/runner/cypress_runner.js",
            "originalFile": "http://127.0.0.1:8080/__cypress/runner/cypress_runner.js",
            "line": 153764,
            "column": 10,
            "whitespace": "    "
          },
          {
            "function": "runAllChecks",
            "fileUrl": "http://127.0.0.1:8080/__cypress/runner/cypress_runner.js",
            "originalFile": "http://127.0.0.1:8080/__cypress/runner/cypress_runner.js",
            "line": 114016,
            "column": 26,
            "whitespace": "    "
          },
          {
            "function": "retryActionability",
            "fileUrl": "http://127.0.0.1:8080/__cypress/runner/cypress_runner.js",
            "originalFile": "http://127.0.0.1:8080/__cypress/runner/cypress_runner.js",
            "line": 114085,
            "column": 16,
            "whitespace": "    "
          },
          {
            "function": "tryCatcher",
            "fileUrl": "http://127.0.0.1:8080/__cypress/runner/cypress_runner.js",
            "originalFile": "http://127.0.0.1:8080/__cypress/runner/cypress_runner.js",
            "line": 1780,
            "column": 23,
            "whitespace": "    "
          },
          {
            "function": "Promise.attempt.Promise.try",
            "fileUrl": "http://127.0.0.1:8080/__cypress/runner/cypress_runner.js",
            "originalFile": "http://127.0.0.1:8080/__cypress/runner/cypress_runner.js",
            "line": 4288,
            "column": 29,
            "whitespace": "    "
          },
          {
            "function": "whenStable",
            "fileUrl": "http://127.0.0.1:8080/__cypress/runner/cypress_runner.js",
            "originalFile": "http://127.0.0.1:8080/__cypress/runner/cypress_runner.js",
            "line": 152458,
            "column": 70,
            "whitespace": "    "
          },
          {
            "function": "<unknown>",
            "fileUrl": "http://127.0.0.1:8080/__cypress/runner/cypress_runner.js",
            "originalFile": "http://127.0.0.1:8080/__cypress/runner/cypress_runner.js",
            "line": 152358,
            "column": 14,
            "whitespace": "    "
          },
          {
            "function": "tryCatcher",
            "fileUrl": "http://127.0.0.1:8080/__cypress/runner/cypress_runner.js",
            "originalFile": "http://127.0.0.1:8080/__cypress/runner/cypress_runner.js",
            "line": 1780,
            "column": 23,
            "whitespace": "    "
          },
          {
            "function": "Promise._settlePromiseFromHandler",
            "fileUrl": "http://127.0.0.1:8080/__cypress/runner/cypress_runner.js",
            "originalFile": "http://127.0.0.1:8080/__cypress/runner/cypress_runner.js",
            "line": 1492,
            "column": 31,
            "whitespace": "    "
          },
          {
            "function": "Promise._settlePromise",
            "fileUrl": "http://127.0.0.1:8080/__cypress/runner/cypress_runner.js",
            "originalFile": "http://127.0.0.1:8080/__cypress/runner/cypress_runner.js",
            "line": 1549,
            "column": 18,
            "whitespace": "    "
          },
          {
            "function": "Promise._settlePromise0",
            "fileUrl": "http://127.0.0.1:8080/__cypress/runner/cypress_runner.js",
            "originalFile": "http://127.0.0.1:8080/__cypress/runner/cypress_runner.js",
            "line": 1594,
            "column": 10,
            "whitespace": "    "
          },
          {
            "function": "Promise._settlePromises",
            "fileUrl": "http://127.0.0.1:8080/__cypress/runner/cypress_runner.js",
            "originalFile": "http://127.0.0.1:8080/__cypress/runner/cypress_runner.js",
            "line": 1674,
            "column": 18,
            "whitespace": "    "
          },
          {
            "function": "Promise._fulfill",
            "fileUrl": "http://127.0.0.1:8080/__cypress/runner/cypress_runner.js",
            "originalFile": "http://127.0.0.1:8080/__cypress/runner/cypress_runner.js",
            "line": 1618,
            "column": 18,
            "whitespace": "    "
          },
          {
            "function": "<unknown>",
            "fileUrl": "http://127.0.0.1:8080/__cypress/runner/cypress_runner.js",
            "originalFile": "http://127.0.0.1:8080/__cypress/runner/cypress_runner.js",
            "line": 5423,
            "column": 46,
            "whitespace": "    "
          }
        ]
      }
    },
    {
      "title": "Canceling the switch to a different patient",
      "fullTitle": "Warning on switching patient Canceling the switch to a different patient",
      "file": null,
      "duration": 8475,
      "currentRetry": 0,
      "err": {
        "message": "Timed out retrying after 8000ms: `cy.type()` failed because this element is not visible:\n\n`<input type=\"text\" name=\"firstName\" ng-model=\"patientForm.firstName\" class=\"ng-pristine ng-untouched ng-valid ng-empty\">`\n\nThis element `<input.ng-pristine.ng-untouched.ng-valid.ng-empty>` is not visible because its parent `<div.ng-hide>` has CSS property: `display: none`\n\nFix this problem, or use `{force: true}` to disable error checking.\n\nhttps://on.cypress.io/element-cannot-be-interacted-with",
        "name": "CypressError",
        "stack": "CypressError: Timed out retrying after 8000ms: `cy.type()` failed because this element is not visible:\n\n`<input type=\"text\" name=\"firstName\" ng-model=\"patientForm.firstName\" class=\"ng-pristine ng-untouched ng-valid ng-empty\">`\n\nThis element `<input.ng-pristine.ng-untouched.ng-valid.ng-empty>` is not visible because its parent `<div.ng-hide>` has CSS property: `display: none`\n\nFix this problem, or use `{force: true}` to disable error checking.\n\nhttps://on.cypress.io/element-cannot-be-interacted-with\n    at runVisibilityCheck (http://127.0.0.1:8080/__cypress/runner/cypress_runner.js:153750:58)\n    at Object.isStrictlyVisible (http://127.0.0.1:8080/__cypress/runner/cypress_runner.js:153764:10)\n    at runAllChecks (http://127.0.0.1:8080/__cypress/runner/cypress_runner.js:114016:26)\n    at retryActionability (http://127.0.0.1:8080/__cypress/runner/cypress_runner.js:114085:16)\n    at tryCatcher (http://127.0.0.1:8080/__cypress/runner/cypress_runner.js:1780:23)\n    at Promise.attempt.Promise.try (http://127.0.0.1:8080/__cypress/runner/cypress_runner.js:4288:29)\n    at whenStable (http://127.0.0.1:8080/__cypress/runner/cypress_runner.js:152458:70)\n    at <unknown> (http://127.0.0.1:8080/__cypress/runner/cypress_runner.js:152358:14)\n    at tryCatcher (http://127.0.0.1:8080/__cypress/runner/cypress_runner.js:1780:23)\n    at Promise._settlePromiseFromHandler (http://127.0.0.1:8080/__cypress/runner/cypress_runner.js:1492:31)\n    at Promise._settlePromise (http://127.0.0.1:8080/__cypress/runner/cypress_runner.js:1549:18)\n    at Promise._settlePromise0 (http://127.0.0.1:8080/__cypress/runner/cypress_runner.js:1594:10)\n    at Promise._settlePromises (http://127.0.0.1:8080/__cypress/runner/cypress_runner.js:1674:18)\n    at Promise._fulfill (http://127.0.0.1:8080/__cypress/runner/cypress_runner.js:1618:18)\n    at <unknown> (http://127.0.0.1:8080/__cypress/runner/cypress_runner.js:5423:46)",
        "parsedStack": [
          {
            "message": "CypressError: Timed out retrying after 8000ms: `cy.type()` failed because this element is not visible:",
            "whitespace": ""
          },
          {
            "message": "",
            "whitespace": ""
          },
          {
            "message": "`<input type=\"text\" name=\"firstName\" ng-model=\"patientForm.firstName\" class=\"ng-pristine ng-untouched ng-valid ng-empty\">`",
            "whitespace": ""
          },
          {
            "message": "",
            "whitespace": ""
          },
          {
            "message": "This element `<input.ng-pristine.ng-untouched.ng-valid.ng-empty>` is not visible because its parent `<div.ng-hide>` has CSS property: `display: none`",
            "whitespace": ""
          },
          {
            "message": "",
            "whitespace": ""
          },
          {
            "message": "Fix this problem, or use `{force: true}` to disable error checking.",
            "whitespace": ""
          },
          {
            "function": "runVisibilityCheck",
            "fileUrl": "http://127.0.0.1:8080/__cypress/runner/cypress_runner.js",
            "originalFile": "http://127.0.0.1:8080/__cypress/runner/cypress_runner.js",
            "line": 153750,
            "column": 58,
            "whitespace": "    "
          },
          {
            "function": "Object.isStrictlyVisible",
            "fileUrl": "http://127.0.0.1:8080/__cypress/runner/cypress_runner.js",
            "originalFile": "http://127.0.0.1:8080/__cypress/runner/cypress_runner.js",
            "line": 153764,
            "column": 10,
            "whitespace": "    "
          },
          {
            "function": "runAllChecks",
            "fileUrl": "http://127.0.0.1:8080/__cypress/runner/cypress_runner.js",
            "originalFile": "http://127.0.0.1:8080/__cypress/runner/cypress_runner.js",
            "line": 114016,
            "column": 26,
            "whitespace": "    "
          },
          {
            "function": "retryActionability",
            "fileUrl": "http://127.0.0.1:8080/__cypress/runner/cypress_runner.js",
            "originalFile": "http://127.0.0.1:8080/__cypress/runner/cypress_runner.js",
            "line": 114085,
            "column": 16,
            "whitespace": "    "
          },
          {
            "function": "tryCatcher",
            "fileUrl": "http://127.0.0.1:8080/__cypress/runner/cypress_runner.js",
            "originalFile": "http://127.0.0.1:8080/__cypress/runner/cypress_runner.js",
            "line": 1780,
            "column": 23,
            "whitespace": "    "
          },
          {
            "function": "Promise.attempt.Promise.try",
            "fileUrl": "http://127.0.0.1:8080/__cypress/runner/cypress_runner.js",
            "originalFile": "http://127.0.0.1:8080/__cypress/runner/cypress_runner.js",
            "line": 4288,
            "column": 29,
            "whitespace": "    "
          },
          {
            "function": "whenStable",
            "fileUrl": "http://127.0.0.1:8080/__cypress/runner/cypress_runner.js",
            "originalFile": "http://127.0.0.1:8080/__cypress/runner/cypress_runner.js",
            "line": 152458,
            "column": 70,
            "whitespace": "    "
          },
          {
            "function": "<unknown>",
            "fileUrl": "http://127.0.0.1:8080/__cypress/runner/cypress_runner.js",
            "originalFile": "http://127.0.0.1:8080/__cypress/runner/cypress_runner.js",
            "line": 152358,
            "column": 14,
            "whitespace": "    "
          },
          {
            "function": "tryCatcher",
            "fileUrl": "http://127.0.0.1:8080/__cypress/runner/cypress_runner.js",
            "originalFile": "http://127.0.0.1:8080/__cypress/runner/cypress_runner.js",
            "line": 1780,
            "column": 23,
            "whitespace": "    "
          },
          {
            "function": "Promise._settlePromiseFromHandler",
            "fileUrl": "http://127.0.0.1:8080/__cypress/runner/cypress_runner.js",
            "originalFile": "http://127.0.0.1:8080/__cypress/runner/cypress_runner.js",
            "line": 1492,
            "column": 31,
            "whitespace": "    "
          },
          {
            "function": "Promise._settlePromise",
            "fileUrl": "http://127.0.0.1:8080/__cypress/runner/cypress_runner.js",
            "originalFile": "http://127.0.0.1:8080/__cypress/runner/cypress_runner.js",
            "line": 1549,
            "column": 18,
            "whitespace": "    "
          },
          {
            "function": "Promise._settlePromise0",
            "fileUrl": "http://127.0.0.1:8080/__cypress/runner/cypress_runner.js",
            "originalFile": "http://127.0.0.1:8080/__cypress/runner/cypress_runner.js",
            "line": 1594,
            "column": 10,
            "whitespace": "    "
          },
          {
            "function": "Promise._settlePromises",
            "fileUrl": "http://127.0.0.1:8080/__cypress/runner/cypress_runner.js",
            "originalFile": "http://127.0.0.1:8080/__cypress/runner/cypress_runner.js",
            "line": 1674,
            "column": 18,
            "whitespace": "    "
          },
          {
            "function": "Promise._fulfill",
            "fileUrl": "http://127.0.0.1:8080/__cypress/runner/cypress_runner.js",
            "originalFile": "http://127.0.0.1:8080/__cypress/runner/cypress_runner.js",
            "line": 1618,
            "column": 18,
            "whitespace": "    "
          },
          {
            "function": "<unknown>",
            "fileUrl": "http://127.0.0.1:8080/__cypress/runner/cypress_runner.js",
            "originalFile": "http://127.0.0.1:8080/__cypress/runner/cypress_runner.js",
            "line": 5423,
            "column": 46,
            "whitespace": "    "
          }
        ]
      }
    },
    {
      "title": "Switching patients without unsaved changes",
      "fullTitle": "Warning on switching patient Switching patients without unsaved changes",
      "file": null,
      "duration": 560,
      "currentRetry": 0,
      "err": {}
    },
    {
      "title": "Repeating the action after confirming the switch",
      "fullTitle": "Warning on switching patient Repeating the action after confirming the switch",
      "file": null,
      "duration": 8162,
      "currentRetry": 0,
      "err": {
        "message": "Timed out retrying after 8000ms: `cy.type()` failed because this element is not visible:\n\n`<input type=\"text\" name=\"firstName\" ng-model=\"patientForm.firstName\" class=\"ng-pristine ng-untouched ng-valid ng-empty\">`\n\nThis element `<input.ng-pristine.ng-untouched.ng-valid.ng-empty>` is not visible because its parent `<div.ng-hide>` has CSS property: `display: none`\n\nFix this problem, or use `{force: true}` to disable error checking.\n\nhttps://on.cypress.io/element-cannot-be-interacted-with",
        "name": "CypressError",
        "stack": "CypressError: Timed out retrying after 8000ms: `cy.type()` failed because this element is not visible:\n\n`<input type=\"text\" name=\"firstName\" ng-model=\"patientForm.firstName\" class=\"ng-pristine ng-untouched ng-valid ng-empty\">`\n\nThis element `<input.ng-pristine.ng-untouched.ng-valid.ng-empty>` is not visible because its parent `<div.ng-hide>` has CSS property: `display: none`\n\nFix this problem, or use `{force: true}` to disable error checking.\n\nhttps://on.cypress.io/element-cannot-be-interacted-with\n    at runVisibilityCheck (http://127.0.0.1:8080/__cypress/runner/cypress_runner.js:153750:58)\n    at Object.isStrictlyVisible (http://127.0.0.1:8080/__cypress/runner/cypress_runner.js:153764:10)\n    at runAllChecks (http://127.0.0.1:8080/__cypress/runner/cypress_runner.js:114016:26)\n    at retryActionability (http://127.0.0.1:8080/__cypress/runner/cypress_runner.js:114085:16)\n    at tryCatcher (http://127.0.0.1:8080/__cypress/runner/cypress_runner.js:1780:23)\n    at Promise.attempt.Promise.try (http://127.0.0.1:8080/__cypress/runner/cypress_runner.js:4288:29)\n    at whenStable (http://127.0.0.1:8080/__cypress/runner/cypress_runner.js:152458:70)\n    at <unknown> (http://127.0.0.1:8080/__cypress/runner/cypress_runner.js:152358:14)\n    at tryCatcher (http://127.0.0.1:8080/__cypress/runner/cypress_runner.js:1780:23)\n    at Promise._settlePromiseFromHandler (http://127.0.0.1:8080/__cypress/runner/cypress_runner.js:1492:31)\n    at Promise._settlePromise (http://127.0.0.1:8080/__cypress/runner/cypress_runner.js:1549:18)\n    at Promise._settlePromise0 (http://127.0.0.1:8080/__cypress/runner/cypress_runner.js:1594:10)\n    at Promise._settlePromises (http://127.0.0.1:8080/__cypress/runner/cypress_runner.js:1674:18)\n    at Promise._fulfill (http://127.0.0.1:8080/__cypress/runner/cypress_runner.js:1618:18)\n    at <unknown> (http://127.0.0.1:8080/__cypress/runner/cypress_runner.js:5423:46)",
        "parsedStack": [
          {
            "message": "CypressError: Timed out retrying after 8000ms: `cy.type()` failed because this element is not visible:",
            "whitespace": ""
          },
          {
            "message": "",
            "whitespace": ""
          },
          {
            "message": "`<input type=\"text\" name=\"firstName\" ng-model=\"patientForm.firstName\" class=\"ng-pristine ng-untouched ng-valid ng-empty\">`",
            "whitespace": ""
          },
          {
            "message": "",
            "whitespace": ""
          },
          {
            "message": "This element `<input.ng-pristine.ng-untouched.ng-valid.ng-empty>` is not visible because its parent `<div.ng-hide>` has CSS property: `display: none`",
            "whitespace": ""
          },
          {
            "message": "",
            "whitespace": ""
          },
          {
            "message": "Fix this problem, or use `{force: true}` to disable error checking.",
            "whitespace": ""
          },
          {
            "function": "runVisibilityCheck",
            "fileUrl": "http://127.0.0.1:8080/__cypress/runner/cypress_runner.js",
            "originalFile": "http://127.0.0.1:8080/__cypress/runner/cypress_runner.js",
            "line": 153750,
            "column": 58,
            "whitespace": "    "
          },
          {
            "function": "Object.isStrictlyVisible",
            "fileUrl": "http://127.0.0.1:8080/__cypress/runner/cypress_runner.js",
            "originalFile": "http://127.0.0.1:8080/__cypress/runner/cypress_runner.js",
            "line": 153764,
            "column": 10,
            "whitespace": "    "
          },
          {
            "function": "runAllChecks",
            "fileUrl": "http://127.0.0.1:8080/__cypress/runner/cypress_runner.js",
            "originalFile": "http://127.0.0.1:8080/__cypress/runner/cypress_runner.js",
            "line": 114016,
            "column": 26,
            "whitespace": "    "
          },
          {
            "function": "retryActionability",
            "fileUrl": "http://127.0.0.1:8080/__cypress/runner/cypress_runner.js",
            "originalFile": "http://127.0.0.1:8080/__cypress/runner/cypress_runner.js",
            "line": 114085,
            "column": 16,
            "whitespace": "    "
          },
          {
            "function": "tryCatcher",
            "fileUrl": "http://127.0.0.1:8080/__cypress/runner/cypress_runner.js",
            "originalFile": "http://127.0.0.1:8080/__cypress/runner/cypress_runner.js",
            "line": 1780,
            "column": 23,
            "whitespace": "    "
          },
          {
            "function": "Promise.attempt.Promise.try",
            "fileUrl": "http://127.0.0.1:8080/__cypress/runner/cypress_runner.js",
            "originalFile": "http://127.0.0.1:8080/__cypress/runner/cypress_runner.js",
            "line": 4288,
            "column": 29,
            "whitespace": "    "
          },
          {
            "function": "whenStable",
            "fileUrl": "http://127.0.0.1:8080/__cypress/runner/cypress_runner.js",
            "originalFile": "http://127.0.0.1:8080/__cypress/runner/cypress_runner.js",
            "line": 152458,
            "column": 70,
            "whitespace": "    "
          },
          {
            "function": "<unknown>",
            "fileUrl": "http://127.0.0.1:8080/__cypress/runner/cypress_runner.js",
            "originalFile": "http://127.0.0.1:8080/__cypress/runner/cypress_runner.js",
            "line": 152358,
            "column": 14,
            "whitespace": "    "
          },
          {
            "function": "tryCatcher",
            "fileUrl": "http://127.0.0.1:8080/__cypress/runner/cypress_runner.js",
            "originalFile": "http://127.0.0.1:8080/__cypress/runner/cypress_runner.js",
            "line": 1780,
            "column": 23,
            "whitespace": "    "
          },
          {
            "function": "Promise._settlePromiseFromHandler",
            "fileUrl": "http://127.0.0.1:8080/__cypress/runner/cypress_runner.js",
            "originalFile": "http://127.0.0.1:8080/__cypress/runner/cypress_runner.js",
            "line": 1492,
            "column": 31,
            "whitespace": "    "
          },
          {
            "function": "Promise._settlePromise",
            "fileUrl": "http://127.0.0.1:8080/__cypress/runner/cypress_runner.js",
            "originalFile": "http://127.0.0.1:8080/__cypress/runner/cypress_runner.js",
            "line": 1549,
            "column": 18,
            "whitespace": "    "
          },
          {
            "function": "Promise._settlePromise0",
            "fileUrl": "http://127.0.0.1:8080/__cypress/runner/cypress_runner.js",
            "originalFile": "http://127.0.0.1:8080/__cypress/runner/cypress_runner.js",
            "line": 1594,
            "column": 10,
            "whitespace": "    "
          },
          {
            "function": "Promise._settlePromises",
            "fileUrl": "http://127.0.0.1:8080/__cypress/runner/cypress_runner.js",
            "originalFile": "http://127.0.0.1:8080/__cypress/runner/cypress_runner.js",
            "line": 1674,
            "column": 18,
            "whitespace": "    "
          },
          {
            "function": "Promise._fulfill",
            "fileUrl": "http://127.0.0.1:8080/__cypress/runner/cypress_runner.js",
            "originalFile": "http://127.0.0.1:8080/__cypress/runner/cypress_runner.js",
            "line": 1618,
            "column": 18,
            "whitespace": "    "
          },
          {
            "function": "<unknown>",
            "fileUrl": "http://127.0.0.1:8080/__cypress/runner/cypress_runner.js",
            "originalFile": "http://127.0.0.1:8080/__cypress/runner/cypress_runner.js",
            "line": 5423,
            "column": 46,
            "whitespace": "    "
          }
        ]
      }
    }
  ],
  "pending": [],
  "failures": [
    {
      "title": "Display warning when switching patients with unsaved changes",
      "fullTitle": "Warning on switching patient Display warning when switching patients with unsaved changes",
      "file": null,
      "currentRetry": 0,
      "err": {
        "message": "Timed out retrying after 8000ms: `cy.type()` failed because this element is not visible:\n\n`<input type=\"text\" name=\"firstName\" ng-model=\"patientForm.firstName\" class=\"ng-pristine ng-untouched ng-valid ng-empty\">`\n\nThis element `<input.ng-pristine.ng-untouched.ng-valid.ng-empty>` is not visible because its parent `<div.ng-hide>` has CSS property: `display: none`\n\nFix this problem, or use `{force: true}` to disable error checking.\n\nhttps://on.cypress.io/element-cannot-be-interacted-with",
        "name": "CypressError",
        "stack": "CypressError: Timed out retrying after 8000ms: `cy.type()` failed because this element is not visible:\n\n`<input type=\"text\" name=\"firstName\" ng-model=\"patientForm.firstName\" class=\"ng-pristine ng-untouched ng-valid ng-empty\">`\n\nThis element `<input.ng-pristine.ng-untouched.ng-valid.ng-empty>` is not visible because its parent `<div.ng-hide>` has CSS property: `display: none`\n\nFix this problem, or use `{force: true}` to disable error checking.\n\nhttps://on.cypress.io/element-cannot-be-interacted-with\n    at runVisibilityCheck (http://127.0.0.1:8080/__cypress/runner/cypress_runner.js:153750:58)\n    at Object.isStrictlyVisible (http://127.0.0.1:8080/__cypress/runner/cypress_runner.js:153764:10)\n    at runAllChecks (http://127.0.0.1:8080/__cypress/runner/cypress_runner.js:114016:26)\n    at retryActionability (http://127.0.0.1:8080/__cypress/runner/cypress_runner.js:114085:16)\n    at tryCatcher (http://127.0.0.1:8080/__cypress/runner/cypress_runner.js:1780:23)\n    at Promise.attempt.Promise.try (http://127.0.0.1:8080/__cypress/runner/cypress_runner.js:4288:29)\n    at whenStable (http://127.0.0.1:8080/__cypress/runner/cypress_runner.js:152458:70)\n    at <unknown> (http://127.0.0.1:8080/__cypress/runner/cypress_runner.js:152358:14)\n    at tryCatcher (http://127.0.0.1:8080/__cypress/runner/cypress_runner.js:1780:23)\n    at Promise._settlePromiseFromHandler (http://127.0.0.1:8080/__cypress/runner/cypress_runner.js:1492:31)\n    at Promise._settlePromise (http://127.0.0.1:8080/__cypress/runner/cypress_runner.js:1549:18)\n    at Promise._settlePromise0 (http://127.0.0.1:8080/__cypress/runner/cypress_runner.js:1594:10)\n    at Promise._settlePromises (http://127.0.0.1:8080/__cypress/runner/cypress_runner.js:1674:18)\n    at Promise._fulfill (http://127.0.0.1:8080/__cypress/runner/cypress_runner.js:1618:18)\n    at <unknown> (http://127.0.0.1:8080/__cypress/runner/cypress_runner.js:5423:46)",
        "parsedStack": [
          {
            "message": "CypressError: Timed out retrying after 8000ms: `cy.type()` failed because this element is not visible:",
            "whitespace": ""
          },
          {
            "message": "",
            "whitespace": ""
          },
          {
            "message": "`<input type=\"text\" name=\"firstName\" ng-model=\"patientForm.firstName\" class=\"ng-pristine ng-untouched ng-valid ng-empty\">`",
            "whitespace": ""
          },
          {
            "message": "",
            "whitespace": ""
          },
          {
            "message": "This element `<input.ng-pristine.ng-untouched.ng-valid.ng-empty>` is not visible because its parent `<div.ng-hide>` has CSS property: `display: none`",
            "whitespace": ""
          },
          {
            "message": "",
            "whitespace": ""
          },
          {
            "message": "Fix this problem, or use `{force: true}` to disable error checking.",
            "whitespace": ""
          },
          {
            "function": "runVisibilityCheck",
            "fileUrl": "http://127.0.0.1:8080/__cypress/runner/cypress_runner.js",
            "originalFile": "http://127.0.0.1:8080/__cypress/runner/cypress_runner.js",
            "line": 153750,
            "column": 58,
            "whitespace": "    "
          },
          {
            "function": "Object.isStrictlyVisible",
            "fileUrl": "http://127.0.0.1:8080/__cypress/runner/cypress_runner.js",
            "originalFile": "http://127.0.0.1:8080/__cypress/runner/cypress_runner.js",
            "line": 153764,
            "column": 10,
            "whitespace": "    "
          },
          {
            "function": "runAllChecks",
            "fileUrl": "http://127.0.0.1:8080/__cypress/runner/cypress_runner.js",
            "originalFile": "http://127.0.0.1:8080/__cypress/runner/cypress_runner.js",
            "line": 114016,
            "column": 26,
            "whitespace": "    "
          },
          {
            "function": "retryActionability",
            "fileUrl": "http://127.0.0.1:8080/__cypress/runner/cypress_runner.js",
            "originalFile": "http://127.0.0.1:8080/__cypress/runner/cypress_runner.js",
            "line": 114085,
            "column": 16,
            "whitespace": "    "
          },
          {
            "function": "tryCatcher",
            "fileUrl": "http://127.0.0.1:8080/__cypress/runner/cypress_runner.js",
            "originalFile": "http://127.0.0.1:8080/__cypress/runner/cypress_runner.js",
            "line": 1780,
            "column": 23,
            "whitespace": "    "
          },
          {
            "function": "Promise.attempt.Promise.try",
            "fileUrl": "http://127.0.0.1:8080/__cypress/runner/cypress_runner.js",
            "originalFile": "http://127.0.0.1:8080/__cypress/runner/cypress_runner.js",
            "line": 4288,
            "column": 29,
            "whitespace": "    "
          },
          {
            "function": "whenStable",
            "fileUrl": "http://127.0.0.1:8080/__cypress/runner/cypress_runner.js",
            "originalFile": "http://127.0.0.1:8080/__cypress/runner/cypress_runner.js",
            "line": 152458,
            "column": 70,
            "whitespace": "    "
          },
          {
            "function": "<unknown>",
            "fileUrl": "http://127.0.0.1:8080/__cypress/runner/cypress_runner.js",
            "originalFile": "http://127.0.0.1:8080/__cypress/runner/cypress_runner.js",
            "line": 152358,
            "column": 14,
            "whitespace": "    "
          },
          {
            "function": "tryCatcher",
            "fileUrl": "http://127.0.0.1:8080/__cypress/runner/cypress_runner.js",
            "originalFile": "http://127.0.0.1:8080/__cypress/runner/cypress_runner.js",
            "line": 1780,
            "column": 23,
            "whitespace": "    "
          },
          {
            "function": "Promise._settlePromiseFromHandler",
            "fileUrl": "http://127.0.0.1:8080/__cypress/runner/cypress_runner.js",
            "originalFile": "http://127.0.0.1:8080/__cypress/runner/cypress_runner.js",
            "line": 1492,
            "column": 31,
            "whitespace": "    "
          },
          {
            "function": "Promise._settlePromise",
            "fileUrl": "http://127.0.0.1:8080/__cypress/runner/cypress_runner.js",
            "originalFile": "http://127.0.0.1:8080/__cypress/runner/cypress_runner.js",
            "line": 1549,
            "column": 18,
            "whitespace": "    "
          },
          {
            "function": "Promise._settlePromise0",
            "fileUrl": "http://127.0.0.1:8080/__cypress/runner/cypress_runner.js",
            "originalFile": "http://127.0.0.1:8080/__cypress/runner/cypress_runner.js",
            "line": 1594,
            "column": 10,
            "whitespace": "    "
          },
          {
            "function": "Promise._settlePromises",
            "fileUrl": "http://127.0.0.1:8080/__cypress/runner/cypress_runner.js",
            "originalFile": "http://127.0.0.1:8080/__cypress/runner/cypress_runner.js",
            "line": 1674,
            "column": 18,
            "whitespace": "    "
          },
          {
            "function": "Promise._fulfill",
            "fileUrl": "http://127.0.0.1:8080/__cypress/runner/cypress_runner.js",
            "originalFile": "http://127.0.0.1:8080/__cypress/runner/cypress_runner.js",
            "line": 1618,
            "column": 18,
            "whitespace": "    "
          },
          {
            "function": "<unknown>",
            "fileUrl": "http://127.0.0.1:8080/__cypress/runner/cypress_runner.js",
            "originalFile": "http://127.0.0.1:8080/__cypress/runner/cypress_runner.js",
            "line": 5423,
            "column": 46,
            "whitespace": "    "
          }
        ]
      }
    },
    {
      "title": "Confirming the switch to a different patient",
      "fullTitle": "Warning on switching patient Confirming the switch to a different patient",
      "file": null,
      "currentRetry": 0,
      "err": {
        "message": "Timed out retrying after 8000ms: `cy.type()` failed because this element is not visible:\n\n`<input type=\"text\" name=\"firstName\" ng-model=\"patientForm.firstName\" class=\"ng-pristine ng-untouched ng-valid ng-empty\">`\n\nThis element `<input.ng-pristine.ng-untouched.ng-valid.ng-empty>` is not visible because its parent `<div.ng-hide>` has CSS property: `display: none`\n\nFix this problem, or use `{force: true}` to disable error checking.\n\nhttps://on.cypress.io/element-cannot-be-interacted-with",
        "name": "CypressError",
        "stack": "CypressError: Timed out retrying after 8000ms: `cy.type()` failed because this element is not visible:\n\n`<input type=\"text\" name=\"firstName\" ng-model=\"patientForm.firstName\" class=\"ng-pristine ng-untouched ng-valid ng-empty\">`\n\nThis element `<input.ng-pristine.ng-untouched.ng-valid.ng-empty>` is not visible because its parent `<div.ng-hide>` has CSS property: `display: none`\n\nFix this problem, or use `{force: true}` to disable error checking.\n\nhttps://on.cypress.io/element-cannot-be-interacted-with\n    at runVisibilityCheck (http://127.0.0.1:8080/__cypress/runner/cypress_runner.js:153750:58)\n    at Object.isStrictlyVisible (http://127.0.0.1:8080/__cypress/runner/cypress_runner.js:153764:10)\n    at runAllChecks (http://127.0.0.1:8080/__cypress/runner/cypress_runner.js:114016:26)\n    at retryActionability (http://127.0.0.1:8080/__cypress/runner/cypress_runner.js:114085:16)\n    at tryCatcher (http://127.0.0.1:8080/__cypress/runner/cypress_runner.js:1780:23)\n    at Promise.attempt.Promise.try (http://127.0.0.1:8080/__cypress/runner/cypress_runner.js:4288:29)\n    at whenStable (http://127.0.0.1:8080/__cypress/runner/cypress_runner.js:152458:70)\n    at <unknown> (http://127.0.0.1:8080/__cypress/runner/cypress_runner.js:152358:14)\n    at tryCatcher (http://127.0.0.1:8080/__cypress/runner/cypress_runner.js:1780:23)\n    at Promise._settlePromiseFromHandler (http://127.0.0.1:8080/__cypress/runner/cypress_runner.js:1492:31)\n    at Promise._settlePromise (http://127.0.0.1:8080/__cypress/runner/cypress_runner.js:1549:18)\n    at Promise._settlePromise0 (http://127.0.0.1:8080/__cypress/runner/cypress_runner.js:1594:10)\n    at Promise._settlePromises (http://127.0.0.1:8080/__cypress/runner/cypress_runner.js:1674:18)\n    at Promise._fulfill (http://127.0.0.1:8080/__cypress/runner/cypress_runner.js:1618:18)\n    at <unknown> (http://127.0.0.1:8080/__cypress/runner/cypress_runner.js:5423:46)",
        "parsedStack": [
          {
            "message": "CypressError: Timed out retrying after 8000ms: `cy.type()` failed because this element is not visible:",
            "whitespace": ""
          },
          {
            "message": "",
            "whitespace": ""
          },
          {
            "message": "`<input type=\"text\" name=\"firstName\" ng-model=\"patientForm.firstName\" class=\"ng-pristine ng-untouched ng-valid ng-empty\">`",
            "whitespace": ""
          },
          {
            "message": "",
            "whitespace": ""
          },
          {
            "message": "This element `<input.ng-pristine.ng-untouched.ng-valid.ng-empty>` is not visible because its parent `<div.ng-hide>` has CSS property: `display: none`",
            "whitespace": ""
          },
          {
            "message": "",
            "whitespace": ""
          },
          {
            "message": "Fix this problem, or use `{force: true}` to disable error checking.",
            "whitespace": ""
          },
          {
            "function": "runVisibilityCheck",
            "fileUrl": "http://127.0.0.1:8080/__cypress/runner/cypress_runner.js",
            "originalFile": "http://127.0.0.1:8080/__cypress/runner/cypress_runner.js",
            "line": 153750,
            "column": 58,
            "whitespace": "    "
          },
          {
            "function": "Object.isStrictlyVisible",
            "fileUrl": "http://127.0.0.1:8080/__cypress/runner/cypress_runner.js",
            "originalFile": "http://127.0.0.1:8080/__cypress/runner/cypress_runner.js",
            "line": 153764,
            "column": 10,
            "whitespace": "    "
          },
          {
            "function": "runAllChecks",
            "fileUrl": "http://127.0.0.1:8080/__cypress/runner/cypress_runner.js",
            "originalFile": "http://127.0.0.1:8080/__cypress/runner/cypress_runner.js",
            "line": 114016,
            "column": 26,
            "whitespace": "    "
          },
          {
            "function": "retryActionability",
            "fileUrl": "http://127.0.0.1:8080/__cypress/runner/cypress_runner.js",
            "originalFile": "http://127.0.0.1:8080/__cypress/runner/cypress_runner.js",
            "line": 114085,
            "column": 16,
            "whitespace": "    "
          },
          {
            "function": "tryCatcher",
            "fileUrl": "http://127.0.0.1:8080/__cypress/runner/cypress_runner.js",
            "originalFile": "http://127.0.0.1:8080/__cypress/runner/cypress_runner.js",
            "line": 1780,
            "column": 23,
            "whitespace": "    "
          },
          {
            "function": "Promise.attempt.Promise.try",
            "fileUrl": "http://127.0.0.1:8080/__cypress/runner/cypress_runner.js",
            "originalFile": "http://127.0.0.1:8080/__cypress/runner/cypress_runner.js",
            "line": 4288,
            "column": 29,
            "whitespace": "    "
          },
          {
            "function": "whenStable",
            "fileUrl": "http://127.0.0.1:8080/__cypress/runner/cypress_runner.js",
            "originalFile": "http://127.0.0.1:8080/__cypress/runner/cypress_runner.js",
            "line": 152458,
            "column": 70,
            "whitespace": "    "
          },
          {
            "function": "<unknown>",
            "fileUrl": "http://127.0.0.1:8080/__cypress/runner/cypress_runner.js",
            "originalFile": "http://127.0.0.1:8080/__cypress/runner/cypress_runner.js",
            "line": 152358,
            "column": 14,
            "whitespace": "    "
          },
          {
            "function": "tryCatcher",
            "fileUrl": "http://127.0.0.1:8080/__cypress/runner/cypress_runner.js",
            "originalFile": "http://127.0.0.1:8080/__cypress/runner/cypress_runner.js",
            "line": 1780,
            "column": 23,
            "whitespace": "    "
          },
          {
            "function": "Promise._settlePromiseFromHandler",
            "fileUrl": "http://127.0.0.1:8080/__cypress/runner/cypress_runner.js",
            "originalFile": "http://127.0.0.1:8080/__cypress/runner/cypress_runner.js",
            "line": 1492,
            "column": 31,
            "whitespace": "    "
          },
          {
            "function": "Promise._settlePromise",
            "fileUrl": "http://127.0.0.1:8080/__cypress/runner/cypress_runner.js",
            "originalFile": "http://127.0.0.1:8080/__cypress/runner/cypress_runner.js",
            "line": 1549,
            "column": 18,
            "whitespace": "    "
          },
          {
            "function": "Promise._settlePromise0",
            "fileUrl": "http://127.0.0.1:8080/__cypress/runner/cypress_runner.js",
            "originalFile": "http://127.0.0.1:8080/__cypress/runner/cypress_runner.js",
            "line": 1594,
            "column": 10,
            "whitespace": "    "
          },
          {
            "function": "Promise._settlePromises",
            "fileUrl": "http://127.0.0.1:8080/__cypress/runner/cypress_runner.js",
            "originalFile": "http://127.0.0.1:8080/__cypress/runner/cypress_runner.js",
            "line": 1674,
            "column": 18,
            "whitespace": "    "
          },
          {
            "function": "Promise._fulfill",
            "fileUrl": "http://127.0.0.1:8080/__cypress/runner/cypress_runner.js",
            "originalFile": "http://127.0.0.1:8080/__cypress/runner/cypress_runner.js",
            "line": 1618,
            "column": 18,
            "whitespace": "    "
          },
          {
            "function": "<unknown>",
            "fileUrl": "http://127.0.0.1:8080/__cypress/runner/cypress_runner.js",
            "originalFile": "http://127.0.0.1:8080/__cypress/runner/cypress_runner.js",
            "line": 5423,
            "column": 46,
            "whitespace": "    "
          }
        ]
      }
    },
    {
      "title": "Canceling the switch to a different patient",
      "fullTitle": "Warning on switching patient Canceling the switch to a different patient",
      "file": null,
      "currentRetry": 0,
      "err": {
        "message": "Timed out retrying after 8000ms: `cy.type()` failed because this element is not visible:\n\n`<input type=\"text\" name=\"firstName\" ng-model=\"patientForm.firstName\" class=\"ng-pristine ng-untouched ng-valid ng-empty\">`\n\nThis element `<input.ng-pristine.ng-untouched.ng-valid.ng-empty>` is not visible because its parent `<div.ng-hide>` has CSS property: `display: none`\n\nFix this problem, or use `{force: true}` to disable error checking.\n\nhttps://on.cypress.io/element-cannot-be-interacted-with",
        "name": "CypressError",
        "stack": "CypressError: Timed out retrying after 8000ms: `cy.type()` failed because this element is not visible:\n\n`<input type=\"text\" name=\"firstName\" ng-model=\"patientForm.firstName\" class=\"ng-pristine ng-untouched ng-valid ng-empty\">`\n\nThis element `<input.ng-pristine.ng-untouched.ng-valid.ng-empty>` is not visible because its parent `<div.ng-hide>` has CSS property: `display: none`\n\nFix this problem, or use `{force: true}` to disable error checking.\n\nhttps://on.cypress.io/element-cannot-be-interacted-with\n    at runVisibilityCheck (http://127.0.0.1:8080/__cypress/runner/cypress_runner.js:153750:58)\n    at Object.isStrictlyVisible (http://127.0.0.1:8080/__cypress/runner/cypress_runner.js:153764:10)\n    at runAllChecks (http://127.0.0.1:8080/__cypress/runner/cypress_runner.js:114016:26)\n    at retryActionability (http://127.0.0.1:8080/__cypress/runner/cypress_runner.js:114085:16)\n    at tryCatcher (http://127.0.0.1:8080/__cypress/runner/cypress_runner.js:1780:23)\n    at Promise.attempt.Promise.try (http://127.0.0.1:8080/__cypress/runner/cypress_runner.js:4288:29)\n    at whenStable (http://127.0.0.1:8080/__cypress/runner/cypress_runner.js:152458:70)\n    at <unknown> (http://127.0.0.1:8080/__cypress/runner/cypress_runner.js:152358:14)\n    at tryCatcher (http://127.0.0.1:8080/__cypress/runner/cypress_runner.js:1780:23)\n    at Promise._settlePromiseFromHandler (http://127.0.0.1:8080/__cypress/runner/cypress_runner.js:1492:31)\n    at Promise._settlePromise (http://127.0.0.1:8080/__cypress/runner/cypress_runner.js:1549:18)\n    at Promise._settlePromise0 (http://127.0.0.1:8080/__cypress/runner/cypress_runner.js:1594:10)\n    at Promise._settlePromises (http://127.0.0.1:8080/__cypress/runner/cypress_runner.js:1674:18)\n    at Promise._fulfill (http://127.0.0.1:8080/__cypress/runner/cypress_runner.js:1618:18)\n    at <unknown> (http://127.0.0.1:8080/__cypress/runner/cypress_runner.js:5423:46)",
        "parsedStack": [
          {
            "message": "CypressError: Timed out retrying after 8000ms: `cy.type()` failed because this element is not visible:",
            "whitespace": ""
          },
          {
            "message": "",
            "whitespace": ""
          },
          {
            "message": "`<input type=\"text\" name=\"firstName\" ng-model=\"patientForm.firstName\" class=\"ng-pristine ng-untouched ng-valid ng-empty\">`",
            "whitespace": ""
          },
          {
            "message": "",
            "whitespace": ""
          },
          {
            "message": "This element `<input.ng-pristine.ng-untouched.ng-valid.ng-empty>` is not visible because its parent `<div.ng-hide>` has CSS property: `display: none`",
            "whitespace": ""
          },
          {
            "message": "",
            "whitespace": ""
          },
          {
            "message": "Fix this problem, or use `{force: true}` to disable error checking.",
            "whitespace": ""
          },
          {
            "function": "runVisibilityCheck",
            "fileUrl": "http://127.0.0.1:8080/__cypress/runner/cypress_runner.js",
            "originalFile": "http://127.0.0.1:8080/__cypress/runner/cypress_runner.js",
            "line": 153750,
            "column": 58,
            "whitespace": "    "
          },
          {
            "function": "Object.isStrictlyVisible",
            "fileUrl": "http://127.0.0.1:8080/__cypress/runner/cypress_runner.js",
            "originalFile": "http://127.0.0.1:8080/__cypress/runner/cypress_runner.js",
            "line": 153764,
            "column": 10,
            "whitespace": "    "
          },
          {
            "function": "runAllChecks",
            "fileUrl": "http://127.0.0.1:8080/__cypress/runner/cypress_runner.js",
            "originalFile": "http://127.0.0.1:8080/__cypress/runner/cypress_runner.js",
            "line": 114016,
            "column": 26,
            "whitespace": "    "
          },
          {
            "function": "retryActionability",
            "fileUrl": "http://127.0.0.1:8080/__cypress/runner/cypress_runner.js",
            "originalFile": "http://127.0.0.1:8080/__cypress/runner/cypress_runner.js",
            "line": 114085,
            "column": 16,
            "whitespace": "    "
          },
          {
            "function": "tryCatcher",
            "fileUrl": "http://127.0.0.1:8080/__cypress/runner/cypress_runner.js",
            "originalFile": "http://127.0.0.1:8080/__cypress/runner/cypress_runner.js",
            "line": 1780,
            "column": 23,
            "whitespace": "    "
          },
          {
            "function": "Promise.attempt.Promise.try",
            "fileUrl": "http://127.0.0.1:8080/__cypress/runner/cypress_runner.js",
            "originalFile": "http://127.0.0.1:8080/__cypress/runner/cypress_runner.js",
            "line": 4288,
            "column": 29,
            "whitespace": "    "
          },
          {
            "function": "whenStable",
            "fileUrl": "http://127.0.0.1:8080/__cypress/runner/cypress_runner.js",
            "originalFile": "http://127.0.0.1:8080/__cypress/runner/cypress_runner.js",
            "line": 152458,
            "column": 70,
            "whitespace": "    "
          },
          {
            "function": "<unknown>",
            "fileUrl": "http://127.0.0.1:8080/__cypress/runner/cypress_runner.js",
            "originalFile": "http://127.0.0.1:8080/__cypress/runner/cypress_runner.js",
            "line": 152358,
            "column": 14,
            "whitespace": "    "
          },
          {
            "function": "tryCatcher",
            "fileUrl": "http://127.0.0.1:8080/__cypress/runner/cypress_runner.js",
            "originalFile": "http://127.0.0.1:8080/__cypress/runner/cypress_runner.js",
            "line": 1780,
            "column": 23,
            "whitespace": "    "
          },
          {
            "function": "Promise._settlePromiseFromHandler",
            "fileUrl": "http://127.0.0.1:8080/__cypress/runner/cypress_runner.js",
            "originalFile": "http://127.0.0.1:8080/__cypress/runner/cypress_runner.js",
            "line": 1492,
            "column": 31,
            "whitespace": "    "
          },
          {
            "function": "Promise._settlePromise",
            "fileUrl": "http://127.0.0.1:8080/__cypress/runner/cypress_runner.js",
            "originalFile": "http://127.0.0.1:8080/__cypress/runner/cypress_runner.js",
            "line": 1549,
            "column": 18,
            "whitespace": "    "
          },
          {
            "function": "Promise._settlePromise0",
            "fileUrl": "http://127.0.0.1:8080/__cypress/runner/cypress_runner.js",
            "originalFile": "http://127.0.0.1:8080/__cypress/runner/cypress_runner.js",
            "line": 1594,
            "column": 10,
            "whitespace": "    "
          },
          {
            "function": "Promise._settlePromises",
            "fileUrl": "http://127.0.0.1:8080/__cypress/runner/cypress_runner.js",
            "originalFile": "http://127.0.0.1:8080/__cypress/runner/cypress_runner.js",
            "line": 1674,
            "column": 18,
            "whitespace": "    "
          },
          {
            "function": "Promise._fulfill",
            "fileUrl": "http://127.0.0.1:8080/__cypress/runner/cypress_runner.js",
            "originalFile": "http://127.0.0.1:8080/__cypress/runner/cypress_runner.js",
            "line": 1618,
            "column": 18,
            "whitespace": "    "
          },
          {
            "function": "<unknown>",
            "fileUrl": "http://127.0.0.1:8080/__cypress/runner/cypress_runner.js",
            "originalFile": "http://127.0.0.1:8080/__cypress/runner/cypress_runner.js",
            "line": 5423,
            "column": 46,
            "whitespace": "    "
          }
        ]
      }
    },
    {
      "title": "Repeating the action after confirming the switch",
      "fullTitle": "Warning on switching patient Repeating the action after confirming the switch",
      "file": null,
      "currentRetry": 0,
      "err": {
        "message": "Timed out retrying after 8000ms: `cy.type()` failed because this element is not visible:\n\n`<input type=\"text\" name=\"firstName\" ng-model=\"patientForm.firstName\" class=\"ng-pristine ng-untouched ng-valid ng-empty\">`\n\nThis element `<input.ng-pristine.ng-untouched.ng-valid.ng-empty>` is not visible because its parent `<div.ng-hide>` has CSS property: `display: none`\n\nFix this problem, or use `{force: true}` to disable error checking.\n\nhttps://on.cypress.io/element-cannot-be-interacted-with",
        "name": "CypressError",
        "stack": "CypressError: Timed out retrying after 8000ms: `cy.type()` failed because this element is not visible:\n\n`<input type=\"text\" name=\"firstName\" ng-model=\"patientForm.firstName\" class=\"ng-pristine ng-untouched ng-valid ng-empty\">`\n\nThis element `<input.ng-pristine.ng-untouched.ng-valid.ng-empty>` is not visible because its parent `<div.ng-hide>` has CSS property: `display: none`\n\nFix this problem, or use `{force: true}` to disable error checking.\n\nhttps://on.cypress.io/element-cannot-be-interacted-with\n    at runVisibilityCheck (http://127.0.0.1:8080/__cypress/runner/cypress_runner.js:153750:58)\n    at Object.isStrictlyVisible (http://127.0.0.1:8080/__cypress/runner/cypress_runner.js:153764:10)\n    at runAllChecks (http://127.0.0.1:8080/__cypress/runner/cypress_runner.js:114016:26)\n    at retryActionability (http://127.0.0.1:8080/__cypress/runner/cypress_runner.js:114085:16)\n    at tryCatcher (http://127.0.0.1:8080/__cypress/runner/cypress_runner.js:1780:23)\n    at Promise.attempt.Promise.try (http://127.0.0.1:8080/__cypress/runner/cypress_runner.js:4288:29)\n    at whenStable (http://127.0.0.1:8080/__cypress/runner/cypress_runner.js:152458:70)\n    at <unknown> (http://127.0.0.1:8080/__cypress/runner/cypress_runner.js:152358:14)\n    at tryCatcher (http://127.0.0.1:8080/__cypress/runner/cypress_runner.js:1780:23)\n    at Promise._settlePromiseFromHandler (http://127.0.0.1:8080/__cypress/runner/cypress_runner.js:1492:31)\n    at Promise._settlePromise (http://127.0.0.1:8080/__cypress/runner/cypress_runner.js:1549:18)\n    at Promise._settlePromise0 (http://127.0.0.1:8080/__cypress/runner/cypress_runner.js:1594:10)\n    at Promise._settlePromises (http://127.0.0.1:8080/__cypress/runner/cypress_runner.js:1674:18)\n    at Promise._fulfill (http://127.0.0.1:8080/__cypress/runner/cypress_runner.js:1618:18)\n    at <unknown> (http://127.0.0.1:8080/__cypress/runner/cypress_runner.js:5423:46)",
        "parsedStack": [
          {
            "message": "CypressError: Timed out retrying after 8000ms: `cy.type()` failed because this element is not visible:",
            "whitespace": ""
          },
          {
            "message": "",
            "whitespace": ""
          },
          {
            "message": "`<input type=\"text\" name=\"firstName\" ng-model=\"patientForm.firstName\" class=\"ng-pristine ng-untouched ng-valid ng-empty\">`",
            "whitespace": ""
          },
          {
            "message": "",
            "whitespace": ""
          },
          {
            "message": "This element `<input.ng-pristine.ng-untouched.ng-valid.ng-empty>` is not visible because its parent `<div.ng-hide>` has CSS property: `display: none`",
            "whitespace": ""
          },
          {
            "message": "",
            "whitespace": ""
          },
          {
            "message": "Fix this problem, or use `{force: true}` to disable error checking.",
            "whitespace": ""
          },
          {
            "function": "runVisibilityCheck",
            "fileUrl": "http://127.0.0.1:8080/__cypress/runner/cypress_runner.js",
            "originalFile": "http://127.0.0.1:8080/__cypress/runner/cypress_runner.js",
            "line": 153750,
            "column": 58,
            "whitespace": "    "
          },
          {
            "function": "Object.isStrictlyVisible",
            "fileUrl": "http://127.0.0.1:8080/__cypress/runner/cypress_runner.js",
            "originalFile": "http://127.0.0.1:8080/__cypress/runner/cypress_runner.js",
            "line": 153764,
            "column": 10,
            "whitespace": "    "
          },
          {
            "function": "runAllChecks",
            "fileUrl": "http://127.0.0.1:8080/__cypress/runner/cypress_runner.js",
            "originalFile": "http://127.0.0.1:8080/__cypress/runner/cypress_runner.js",
            "line": 114016,
            "column": 26,
            "whitespace": "    "
          },
          {
            "function": "retryActionability",
            "fileUrl": "http://127.0.0.1:8080/__cypress/runner/cypress_runner.js",
            "originalFile": "http://127.0.0.1:8080/__cypress/runner/cypress_runner.js",
            "line": 114085,
            "column": 16,
            "whitespace": "    "
          },
          {
            "function": "tryCatcher",
            "fileUrl": "http://127.0.0.1:8080/__cypress/runner/cypress_runner.js",
            "originalFile": "http://127.0.0.1:8080/__cypress/runner/cypress_runner.js",
            "line": 1780,
            "column": 23,
            "whitespace": "    "
          },
          {
            "function": "Promise.attempt.Promise.try",
            "fileUrl": "http://127.0.0.1:8080/__cypress/runner/cypress_runner.js",
            "originalFile": "http://127.0.0.1:8080/__cypress/runner/cypress_runner.js",
            "line": 4288,
            "column": 29,
            "whitespace": "    "
          },
          {
            "function": "whenStable",
            "fileUrl": "http://127.0.0.1:8080/__cypress/runner/cypress_runner.js",
            "originalFile": "http://127.0.0.1:8080/__cypress/runner/cypress_runner.js",
            "line": 152458,
            "column": 70,
            "whitespace": "    "
          },
          {
            "function": "<unknown>",
            "fileUrl": "http://127.0.0.1:8080/__cypress/runner/cypress_runner.js",
            "originalFile": "http://127.0.0.1:8080/__cypress/runner/cypress_runner.js",
            "line": 152358,
            "column": 14,
            "whitespace": "    "
          },
          {
            "function": "tryCatcher",
            "fileUrl": "http://127.0.0.1:8080/__cypress/runner/cypress_runner.js",
            "originalFile": "http://127.0.0.1:8080/__cypress/runner/cypress_runner.js",
            "line": 1780,
            "column": 23,
            "whitespace": "    "
          },
          {
            "function": "Promise._settlePromiseFromHandler",
            "fileUrl": "http://127.0.0.1:8080/__cypress/runner/cypress_runner.js",
            "originalFile": "http://127.0.0.1:8080/__cypress/runner/cypress_runner.js",
            "line": 1492,
            "column": 31,
            "whitespace": "    "
          },
          {
            "function": "Promise._settlePromise",
            "fileUrl": "http://127.0.0.1:8080/__cypress/runner/cypress_runner.js",
            "originalFile": "http://127.0.0.1:8080/__cypress/runner/cypress_runner.js",
            "line": 1549,
            "column": 18,
            "whitespace": "    "
          },
          {
            "function": "Promise._settlePromise0",
            "fileUrl": "http://127.0.0.1:8080/__cypress/runner/cypress_runner.js",
            "originalFile": "http://127.0.0.1:8080/__cypress/runner/cypress_runner.js",
            "line": 1594,
            "column": 10,
            "whitespace": "    "
          },
          {
            "function": "Promise._settlePromises",
            "fileUrl": "http://127.0.0.1:8080/__cypress/runner/cypress_runner.js",
            "originalFile": "http://127.0.0.1:8080/__cypress/runner/cypress_runner.js",
            "line": 1674,
            "column": 18,
            "whitespace": "    "
          },
          {
            "function": "Promise._fulfill",
            "fileUrl": "http://127.0.0.1:8080/__cypress/runner/cypress_runner.js",
            "originalFile": "http://127.0.0.1:8080/__cypress/runner/cypress_runner.js",
            "line": 1618,
            "column": 18,
            "whitespace": "    "
          },
          {
            "function": "<unknown>",
            "fileUrl": "http://127.0.0.1:8080/__cypress/runner/cypress_runner.js",
            "originalFile": "http://127.0.0.1:8080/__cypress/runner/cypress_runner.js",
            "line": 5423,
            "column": 46,
            "whitespace": "    "
          }
        ]
      }
    }
  ],
  "passes": [
    {
      "title": "Switching patients without unsaved changes",
      "fullTitle": "Warning on switching patient Switching patients without unsaved changes",
      "file": null,
      "duration": 560,
      "currentRetry": 0,
      "err": {}
    }
  ]
}
  (Results)

  ΓöîΓöÇΓöÇΓöÇΓöÇΓöÇΓöÇΓöÇΓöÇΓöÇΓöÇΓöÇΓöÇΓöÇΓöÇΓöÇΓöÇΓöÇΓöÇΓöÇΓöÇΓöÇΓöÇΓöÇΓöÇΓöÇΓöÇΓöÇΓöÇΓöÇΓöÇΓöÇΓöÇΓöÇΓöÇΓöÇΓöÇΓöÇΓöÇΓöÇΓöÇΓöÇΓöÇΓöÇΓöÇΓöÇΓöÇΓöÇΓöÇΓöÇΓöÇΓöÇΓöÇΓöÇΓöÇΓöÇΓöÇΓöÇΓöÇΓöÇΓöÇΓöÇΓöÇΓöÇΓöÇΓöÇΓöÇΓöÇΓöÇΓöÇΓöÇΓöÇΓöÇΓöÇΓöÇΓöÇΓöÇΓöÇΓöÇΓöÇΓöÇΓöÇΓöÇΓöÇΓöÇΓöÇΓöÇΓöÇΓöÇΓöÇΓöÇΓöÇΓöÇΓöÇΓöÇΓöÇΓöÇΓöÉ
  Γöé Tests:        5                                                                                Γöé
  Γöé Passing:      1                                                                                Γöé
  Γöé Failing:      4                                                                                Γöé
  Γöé Pending:      0                                                                                Γöé
  Γöé Skipped:      0                                                                                Γöé
  Γöé Screenshots:  0                                                                                Γöé
  Γöé Video:        false                                                                            Γöé
  Γöé Duration:     34 seconds                                                                       Γöé
  Γöé Spec Ran:     UC12/warning-on-switching-patient.spec.ts                                        Γöé
  ΓööΓöÇΓöÇΓöÇΓöÇΓöÇΓöÇΓöÇΓöÇΓöÇΓöÇΓöÇΓöÇΓöÇΓöÇΓöÇΓöÇΓöÇΓöÇΓöÇΓöÇΓöÇΓöÇΓöÇΓöÇΓöÇΓöÇΓöÇΓöÇΓöÇΓöÇΓöÇΓöÇΓöÇΓöÇΓöÇΓöÇΓöÇΓöÇΓöÇΓöÇΓöÇΓöÇΓöÇΓöÇΓöÇΓöÇΓöÇΓöÇΓöÇΓöÇΓöÇΓöÇΓöÇΓöÇΓöÇΓöÇΓöÇΓöÇΓöÇΓöÇΓöÇΓöÇΓöÇΓöÇΓöÇΓöÇΓöÇΓöÇΓöÇΓöÇΓöÇΓöÇΓöÇΓöÇΓöÇΓöÇΓöÇΓöÇΓöÇΓöÇΓöÇΓöÇΓöÇΓöÇΓöÇΓöÇΓöÇΓöÇΓöÇΓöÇΓöÇΓöÇΓöÇΓöÇΓöÇΓöÇΓöÿ


ΓöÇΓöÇΓöÇΓöÇΓöÇΓöÇΓöÇΓöÇΓöÇΓöÇΓöÇΓöÇΓöÇΓöÇΓöÇΓöÇΓöÇΓöÇΓöÇΓöÇΓöÇΓöÇΓöÇΓöÇΓöÇΓöÇΓöÇΓöÇΓöÇΓöÇΓöÇΓöÇΓöÇΓöÇΓöÇΓöÇΓöÇΓöÇΓöÇΓöÇΓöÇΓöÇΓöÇΓöÇΓöÇΓöÇΓöÇΓöÇΓöÇΓöÇΓöÇΓöÇΓöÇΓöÇΓöÇΓöÇΓöÇΓöÇΓöÇΓöÇΓöÇΓöÇΓöÇΓöÇΓöÇΓöÇΓöÇΓöÇΓöÇΓöÇΓöÇΓöÇΓöÇΓöÇΓöÇΓöÇΓöÇΓöÇΓöÇΓöÇΓöÇΓöÇΓöÇΓöÇΓöÇΓöÇΓöÇΓöÇΓöÇΓöÇΓöÇΓöÇΓöÇΓöÇΓöÇΓöÇΓöÇΓöÇΓöÇΓöÇ
                                                                                                    
  Running:  UC13/recent-events-on-landing.spec.ts                                         (10 of 33)
{
  "stats": {
    "suites": 1,
    "tests": 7,
    "passes": 2,
    "pending": 0,
    "failures": 5,
    "start": "2026-09-10T10:34:55.539Z",
    "end": "2026-09-10T10:35:23.021Z",
    "duration": 27482
  },
  "tests": [
    {
      "title": "User logs in and sees the ten most recent access events",
      "fullTitle": "Display recent access events on landing screen User logs in and sees the ten most recent access events",
      "file": null,
      "duration": 8744,
      "currentRetry": 0,
      "err": {
        "message": "Timed out retrying after 8000ms: Expected to find element: `table[name=\"log_table\"] tbody tr[name=\"logTableRow\"]`, but never found it.",
        "type": "existence",
        "name": "AssertionError",
        "stack": "AssertionError: Timed out retrying after 8000ms: Expected to find element: `table[name=\"log_table\"] tbody tr[name=\"logTableRow\"]`, but never found it.\n    at Context.eval (webpack://itrust2-acceptance-tests/./outputs/autouat/UC13/recent-events-on-landing.spec.ts:13:67)",
        "parsedStack": [
          {
            "message": "AssertionError: Timed out retrying after 8000ms: Expected to find element: `table[name=\"log_table\"] tbody tr[name=\"logTableRow\"]`, but never found it.",
            "whitespace": ""
          },
          {
            "function": "Context.eval",
            "fileUrl": "http://127.0.0.1:8080/__cypress/tests?p=outputs\\autouat\\UC13\\recent-events-on-landing.spec.ts",
            "originalFile": "webpack://itrust2-acceptance-tests/./outputs/autouat/UC13/recent-events-on-landing.spec.ts",
            "relativeFile": "outputs/autouat/UC13/recent-events-on-landing.spec.ts",
            "absoluteFile": "D:\\APCS\\Acceptance/outputs/autouat/UC13/recent-events-on-landing.spec.ts",
            "line": 13,
            "column": 67,
            "whitespace": "    "
          }
        ],
        "codeFrame": {
          "line": 13,
          "column": 68,
          "originalFile": "outputs/autouat/UC13/recent-events-on-landing.spec.ts",
          "relativeFile": "outputs/autouat/UC13/recent-events-on-landing.spec.ts",
          "absoluteFile": "D:\\APCS\\Acceptance/outputs/autouat/UC13/recent-events-on-landing.spec.ts",
          "frame": "  11 |     \n  12 |     // Check that the landing screen displays the ten most recent access events\n> 13 |     cy.get('table[name=\"log_table\"] tbody tr[name=\"logTableRow\"]').should('have.length', 10);\n     |                                                                    ^\n  14 |     \n  15 |     // Check that the access events are displayed in descending order by date and time\n  16 |     cy.get('table[name=\"log_table\"] tbody tr[name=\"logTableRow\"]').each(($row, index) => {",
          "language": "ts"
        }
      }
    },
    {
      "title": "User logs in with no access events",
      "fullTitle": "Display recent access events on landing screen User logs in with no access events",
      "file": null,
      "duration": 9015,
      "currentRetry": 0,
      "err": {
        "message": "Timed out retrying after 8000ms: Expected <tbody> not to exist in the DOM, but it was continuously found.",
        "type": "existence",
        "name": "AssertionError",
        "stack": "AssertionError: Timed out retrying after 8000ms: Expected <tbody> not to exist in the DOM, but it was continuously found.\n    at Context.eval (webpack://itrust2-acceptance-tests/./outputs/autouat/UC13/recent-events-on-landing.spec.ts:30:44)",
        "parsedStack": [
          {
            "message": "AssertionError: Timed out retrying after 8000ms: Expected <tbody> not to exist in the DOM, but it was continuously found.",
            "whitespace": ""
          },
          {
            "function": "Context.eval",
            "fileUrl": "http://127.0.0.1:8080/__cypress/tests?p=outputs\\autouat\\UC13\\recent-events-on-landing.spec.ts",
            "originalFile": "webpack://itrust2-acceptance-tests/./outputs/autouat/UC13/recent-events-on-landing.spec.ts",
            "relativeFile": "outputs/autouat/UC13/recent-events-on-landing.spec.ts",
            "absoluteFile": "D:\\APCS\\Acceptance/outputs/autouat/UC13/recent-events-on-landing.spec.ts",
            "line": 30,
            "column": 44,
            "whitespace": "    "
          }
        ],
        "codeFrame": {
          "line": 30,
          "column": 45,
          "originalFile": "outputs/autouat/UC13/recent-events-on-landing.spec.ts",
          "relativeFile": "outputs/autouat/UC13/recent-events-on-landing.spec.ts",
          "absoluteFile": "D:\\APCS\\Acceptance/outputs/autouat/UC13/recent-events-on-landing.spec.ts",
          "frame": "  28 |     \n  29 |     // Check for the message indicating no recent access events\n> 30 |     cy.get('table[name=\"log_table\"] tbody').should('not.exist');\n     |                                             ^\n  31 |     cy.contains('No recent access events').should('be.visible');\n  32 |   });\n  33 |",
          "language": "ts"
        }
      }
    },
    {
      "title": "User logs in and sees access events with different types",
      "fullTitle": "Display recent access events on landing screen User logs in and sees access events with different types",
      "file": null,
      "duration": 523,
      "currentRetry": 0,
      "err": {
        "message": "expected 'Log events viewed' to be one of [ 'login', 'logout', 'file access' ]",
        "name": "AssertionError",
        "stack": "AssertionError: expected 'Log events viewed' to be one of [ 'login', 'logout', 'file access' ]\n    at Context.eval (webpack://itrust2-acceptance-tests/./outputs/autouat/UC13/recent-events-on-landing.spec.ts:41:36)\n    at Context.callback (http://127.0.0.1:8080/__cypress/runner/cypress_runner.js:121629:26)\n    at getRet (http://127.0.0.1:8080/__cypress/runner/cypress_runner.js:121394:20)\n    at tryCatcher (http://127.0.0.1:8080/__cypress/runner/cypress_runner.js:1780:23)\n    at Promise.attempt.Promise.try (http://127.0.0.1:8080/__cypress/runner/cypress_runner.js:4288:29)\n    at thenFn (http://127.0.0.1:8080/__cypress/runner/cypress_runner.js:121405:66)",
        "parsedStack": [
          {
            "message": "AssertionError: expected 'Log events viewed' to be one of [ 'login', 'logout', 'file access' ]",
            "whitespace": ""
          },
          {
            "function": "Context.eval",
            "fileUrl": "http://127.0.0.1:8080/__cypress/tests?p=outputs\\autouat\\UC13\\recent-events-on-landing.spec.ts",
            "originalFile": "webpack://itrust2-acceptance-tests/./outputs/autouat/UC13/recent-events-on-landing.spec.ts",
            "relativeFile": "outputs/autouat/UC13/recent-events-on-landing.spec.ts",
            "absoluteFile": "D:\\APCS\\Acceptance/outputs/autouat/UC13/recent-events-on-landing.spec.ts",
            "line": 41,
            "column": 36,
            "whitespace": "    "
          },
          {
            "function": "Context.callback",
            "fileUrl": "http://127.0.0.1:8080/__cypress/runner/cypress_runner.js",
            "originalFile": "http://127.0.0.1:8080/__cypress/runner/cypress_runner.js",
            "line": 121629,
            "column": 26,
            "whitespace": "    "
          },
          {
            "function": "getRet",
            "fileUrl": "http://127.0.0.1:8080/__cypress/runner/cypress_runner.js",
            "originalFile": "http://127.0.0.1:8080/__cypress/runner/cypress_runner.js",
            "line": 121394,
            "column": 20,
            "whitespace": "    "
          },
          {
            "function": "tryCatcher",
            "fileUrl": "http://127.0.0.1:8080/__cypress/runner/cypress_runner.js",
            "originalFile": "http://127.0.0.1:8080/__cypress/runner/cypress_runner.js",
            "line": 1780,
            "column": 23,
            "whitespace": "    "
          },
          {
            "function": "Promise.attempt.Promise.try",
            "fileUrl": "http://127.0.0.1:8080/__cypress/runner/cypress_runner.js",
            "originalFile": "http://127.0.0.1:8080/__cypress/runner/cypress_runner.js",
            "line": 4288,
            "column": 29,
            "whitespace": "    "
          },
          {
            "function": "thenFn",
            "fileUrl": "http://127.0.0.1:8080/__cypress/runner/cypress_runner.js",
            "originalFile": "http://127.0.0.1:8080/__cypress/runner/cypress_runner.js",
            "line": 121405,
            "column": 66,
            "whitespace": "    "
          }
        ],
        "actual": "'Log events viewed'",
        "expected": "[ 'login', 'logout', 'file access' ]",
        "showDiff": true,
        "codeFrame": {
          "line": 41,
          "column": 37,
          "originalFile": "outputs/autouat/UC13/recent-events-on-landing.spec.ts",
          "relativeFile": "outputs/autouat/UC13/recent-events-on-landing.spec.ts",
          "absoluteFile": "D:\\APCS\\Acceptance/outputs/autouat/UC13/recent-events-on-landing.spec.ts",
          "frame": "  39 |     cy.get('table[name=\"log_table\"] tbody tr[name=\"logTableRow\"]').each(($row) => {\n  40 |       const transactionType = $row.find('td[name=\"transactionTypeCell\"]').text();\n> 41 |       expect(transactionType).to.be.oneOf(['login', 'logout', 'file access']);\n     |                                     ^\n  42 |     });\n  43 |   });\n  44 |",
          "language": "ts"
        }
      }
    },
    {
      "title": "User logs in and the access events list exceeds ten entries",
      "fullTitle": "Display recent access events on landing screen User logs in and the access events list exceeds ten entries",
      "file": null,
      "duration": 189,
      "currentRetry": 0,
      "err": {}
    },
    {
      "title": "User logs in multiple times and sees updated access events",
      "fullTitle": "Display recent access events on landing screen User logs in multiple times and sees updated access events",
      "file": null,
      "duration": 8385,
      "currentRetry": 0,
      "err": {
        "message": "Timed out retrying after 8000ms: Expected to find element: `table[name=\"log_table\"] tbody tr[name=\"logTableRow\"]`, but never found it.",
        "type": "existence",
        "name": "AssertionError",
        "stack": "AssertionError: Timed out retrying after 8000ms: Expected to find element: `table[name=\"log_table\"] tbody tr[name=\"logTableRow\"]`, but never found it.\n    at Context.eval (webpack://itrust2-acceptance-tests/./outputs/autouat/UC13/recent-events-on-landing.spec.ts:62:67)",
        "parsedStack": [
          {
            "message": "AssertionError: Timed out retrying after 8000ms: Expected to find element: `table[name=\"log_table\"] tbody tr[name=\"logTableRow\"]`, but never found it.",
            "whitespace": ""
          },
          {
            "function": "Context.eval",
            "fileUrl": "http://127.0.0.1:8080/__cypress/tests?p=outputs\\autouat\\UC13\\recent-events-on-landing.spec.ts",
            "originalFile": "webpack://itrust2-acceptance-tests/./outputs/autouat/UC13/recent-events-on-landing.spec.ts",
            "relativeFile": "outputs/autouat/UC13/recent-events-on-landing.spec.ts",
            "absoluteFile": "D:\\APCS\\Acceptance/outputs/autouat/UC13/recent-events-on-landing.spec.ts",
            "line": 62,
            "column": 67,
            "whitespace": "    "
          }
        ],
        "codeFrame": {
          "line": 62,
          "column": 68,
          "originalFile": "outputs/autouat/UC13/recent-events-on-landing.spec.ts",
          "relativeFile": "outputs/autouat/UC13/recent-events-on-landing.spec.ts",
          "absoluteFile": "D:\\APCS\\Acceptance/outputs/autouat/UC13/recent-events-on-landing.spec.ts",
          "frame": "  60 |     \n  61 |     // Check that the landing screen displays the updated list of access events\n> 62 |     cy.get('table[name=\"log_table\"] tbody tr[name=\"logTableRow\"]').should('exist');\n     |                                                                    ^\n  63 |   });\n  64 |\n  65 |   it('User logs in and access events contain timestamps', () => {",
          "language": "ts"
        }
      }
    },
    {
      "title": "User logs in and access events contain timestamps",
      "fullTitle": "Display recent access events on landing screen User logs in and access events contain timestamps",
      "file": null,
      "duration": 204,
      "currentRetry": 0,
      "err": {}
    },
    {
      "title": "User logs in and access events contain user details",
      "fullTitle": "Display recent access events on landing screen User logs in and access events contain user details",
      "file": null,
      "duration": 183,
      "currentRetry": 0,
      "err": {
        "message": "expected '' not to be empty",
        "name": "AssertionError",
        "stack": "AssertionError: expected '' not to be empty\n    at Context.eval (webpack://itrust2-acceptance-tests/./outputs/autouat/UC13/recent-events-on-landing.spec.ts:85:38)\n    at Context.callback (http://127.0.0.1:8080/__cypress/runner/cypress_runner.js:121629:26)\n    at getRet (http://127.0.0.1:8080/__cypress/runner/cypress_runner.js:121394:20)",
        "parsedStack": [
          {
            "message": "AssertionError: expected '' not to be empty",
            "whitespace": ""
          },
          {
            "function": "Context.eval",
            "fileUrl": "http://127.0.0.1:8080/__cypress/tests?p=outputs\\autouat\\UC13\\recent-events-on-landing.spec.ts",
            "originalFile": "webpack://itrust2-acceptance-tests/./outputs/autouat/UC13/recent-events-on-landing.spec.ts",
            "relativeFile": "outputs/autouat/UC13/recent-events-on-landing.spec.ts",
            "absoluteFile": "D:\\APCS\\Acceptance/outputs/autouat/UC13/recent-events-on-landing.spec.ts",
            "line": 85,
            "column": 38,
            "whitespace": "    "
          },
          {
            "function": "Context.callback",
            "fileUrl": "http://127.0.0.1:8080/__cypress/runner/cypress_runner.js",
            "originalFile": "http://127.0.0.1:8080/__cypress/runner/cypress_runner.js",
            "line": 121629,
            "column": 26,
            "whitespace": "    "
          },
          {
            "function": "getRet",
            "fileUrl": "http://127.0.0.1:8080/__cypress/runner/cypress_runner.js",
            "originalFile": "http://127.0.0.1:8080/__cypress/runner/cypress_runner.js",
            "line": 121394,
            "column": 20,
            "whitespace": "    "
          }
        ],
        "codeFrame": {
          "line": 85,
          "column": 39,
          "originalFile": "outputs/autouat/UC13/recent-events-on-landing.spec.ts",
          "relativeFile": "outputs/autouat/UC13/recent-events-on-landing.spec.ts",
          "absoluteFile": "D:\\APCS\\Acceptance/outputs/autouat/UC13/recent-events-on-landing.spec.ts",
          "frame": "  83 |       const secondaryUser = $row.find('td[name=\"secondaryUserCell\"]').text();\n  84 |       expect(primaryUser).to.not.be.empty;\n> 85 |       expect(secondaryUser).to.not.be.empty;\n     |                                       ^\n  86 |     });\n  87 |   });\n  88 | });",
          "language": "ts"
        }
      }
    }
  ],
  "pending": [],
  "failures": [
    {
      "title": "User logs in and sees the ten most recent access events",
      "fullTitle": "Display recent access events on landing screen User logs in and sees the ten most recent access events",
      "file": null,
      "currentRetry": 0,
      "err": {
        "message": "Timed out retrying after 8000ms: Expected to find element: `table[name=\"log_table\"] tbody tr[name=\"logTableRow\"]`, but never found it.",
        "type": "existence",
        "name": "AssertionError",
        "stack": "AssertionError: Timed out retrying after 8000ms: Expected to find element: `table[name=\"log_table\"] tbody tr[name=\"logTableRow\"]`, but never found it.\n    at Context.eval (webpack://itrust2-acceptance-tests/./outputs/autouat/UC13/recent-events-on-landing.spec.ts:13:67)",
        "parsedStack": [
          {
            "message": "AssertionError: Timed out retrying after 8000ms: Expected to find element: `table[name=\"log_table\"] tbody tr[name=\"logTableRow\"]`, but never found it.",
            "whitespace": ""
          },
          {
            "function": "Context.eval",
            "fileUrl": "http://127.0.0.1:8080/__cypress/tests?p=outputs\\autouat\\UC13\\recent-events-on-landing.spec.ts",
            "originalFile": "webpack://itrust2-acceptance-tests/./outputs/autouat/UC13/recent-events-on-landing.spec.ts",
            "relativeFile": "outputs/autouat/UC13/recent-events-on-landing.spec.ts",
            "absoluteFile": "D:\\APCS\\Acceptance/outputs/autouat/UC13/recent-events-on-landing.spec.ts",
            "line": 13,
            "column": 67,
            "whitespace": "    "
          }
        ],
        "codeFrame": {
          "line": 13,
          "column": 68,
          "originalFile": "outputs/autouat/UC13/recent-events-on-landing.spec.ts",
          "relativeFile": "outputs/autouat/UC13/recent-events-on-landing.spec.ts",
          "absoluteFile": "D:\\APCS\\Acceptance/outputs/autouat/UC13/recent-events-on-landing.spec.ts",
          "frame": "  11 |     \n  12 |     // Check that the landing screen displays the ten most recent access events\n> 13 |     cy.get('table[name=\"log_table\"] tbody tr[name=\"logTableRow\"]').should('have.length', 10);\n     |                                                                    ^\n  14 |     \n  15 |     // Check that the access events are displayed in descending order by date and time\n  16 |     cy.get('table[name=\"log_table\"] tbody tr[name=\"logTableRow\"]').each(($row, index) => {",
          "language": "ts"
        }
      }
    },
    {
      "title": "User logs in with no access events",
      "fullTitle": "Display recent access events on landing screen User logs in with no access events",
      "file": null,
      "currentRetry": 0,
      "err": {
        "message": "Timed out retrying after 8000ms: Expected <tbody> not to exist in the DOM, but it was continuously found.",
        "type": "existence",
        "name": "AssertionError",
        "stack": "AssertionError: Timed out retrying after 8000ms: Expected <tbody> not to exist in the DOM, but it was continuously found.\n    at Context.eval (webpack://itrust2-acceptance-tests/./outputs/autouat/UC13/recent-events-on-landing.spec.ts:30:44)",
        "parsedStack": [
          {
            "message": "AssertionError: Timed out retrying after 8000ms: Expected <tbody> not to exist in the DOM, but it was continuously found.",
            "whitespace": ""
          },
          {
            "function": "Context.eval",
            "fileUrl": "http://127.0.0.1:8080/__cypress/tests?p=outputs\\autouat\\UC13\\recent-events-on-landing.spec.ts",
            "originalFile": "webpack://itrust2-acceptance-tests/./outputs/autouat/UC13/recent-events-on-landing.spec.ts",
            "relativeFile": "outputs/autouat/UC13/recent-events-on-landing.spec.ts",
            "absoluteFile": "D:\\APCS\\Acceptance/outputs/autouat/UC13/recent-events-on-landing.spec.ts",
            "line": 30,
            "column": 44,
            "whitespace": "    "
          }
        ],
        "codeFrame": {
          "line": 30,
          "column": 45,
          "originalFile": "outputs/autouat/UC13/recent-events-on-landing.spec.ts",
          "relativeFile": "outputs/autouat/UC13/recent-events-on-landing.spec.ts",
          "absoluteFile": "D:\\APCS\\Acceptance/outputs/autouat/UC13/recent-events-on-landing.spec.ts",
          "frame": "  28 |     \n  29 |     // Check for the message indicating no recent access events\n> 30 |     cy.get('table[name=\"log_table\"] tbody').should('not.exist');\n     |                                             ^\n  31 |     cy.contains('No recent access events').should('be.visible');\n  32 |   });\n  33 |",
          "language": "ts"
        }
      }
    },
    {
      "title": "User logs in and sees access events with different types",
      "fullTitle": "Display recent access events on landing screen User logs in and sees access events with different types",
      "file": null,
      "currentRetry": 0,
      "err": {
        "message": "expected 'Log events viewed' to be one of [ 'login', 'logout', 'file access' ]",
        "name": "AssertionError",
        "stack": "AssertionError: expected 'Log events viewed' to be one of [ 'login', 'logout', 'file access' ]\n    at Context.eval (webpack://itrust2-acceptance-tests/./outputs/autouat/UC13/recent-events-on-landing.spec.ts:41:36)\n    at Context.callback (http://127.0.0.1:8080/__cypress/runner/cypress_runner.js:121629:26)\n    at getRet (http://127.0.0.1:8080/__cypress/runner/cypress_runner.js:121394:20)\n    at tryCatcher (http://127.0.0.1:8080/__cypress/runner/cypress_runner.js:1780:23)\n    at Promise.attempt.Promise.try (http://127.0.0.1:8080/__cypress/runner/cypress_runner.js:4288:29)\n    at thenFn (http://127.0.0.1:8080/__cypress/runner/cypress_runner.js:121405:66)",
        "parsedStack": [
          {
            "message": "AssertionError: expected 'Log events viewed' to be one of [ 'login', 'logout', 'file access' ]",
            "whitespace": ""
          },
          {
            "function": "Context.eval",
            "fileUrl": "http://127.0.0.1:8080/__cypress/tests?p=outputs\\autouat\\UC13\\recent-events-on-landing.spec.ts",
            "originalFile": "webpack://itrust2-acceptance-tests/./outputs/autouat/UC13/recent-events-on-landing.spec.ts",
            "relativeFile": "outputs/autouat/UC13/recent-events-on-landing.spec.ts",
            "absoluteFile": "D:\\APCS\\Acceptance/outputs/autouat/UC13/recent-events-on-landing.spec.ts",
            "line": 41,
            "column": 36,
            "whitespace": "    "
          },
          {
            "function": "Context.callback",
            "fileUrl": "http://127.0.0.1:8080/__cypress/runner/cypress_runner.js",
            "originalFile": "http://127.0.0.1:8080/__cypress/runner/cypress_runner.js",
            "line": 121629,
            "column": 26,
            "whitespace": "    "
          },
          {
            "function": "getRet",
            "fileUrl": "http://127.0.0.1:8080/__cypress/runner/cypress_runner.js",
            "originalFile": "http://127.0.0.1:8080/__cypress/runner/cypress_runner.js",
            "line": 121394,
            "column": 20,
            "whitespace": "    "
          },
          {
            "function": "tryCatcher",
            "fileUrl": "http://127.0.0.1:8080/__cypress/runner/cypress_runner.js",
            "originalFile": "http://127.0.0.1:8080/__cypress/runner/cypress_runner.js",
            "line": 1780,
            "column": 23,
            "whitespace": "    "
          },
          {
            "function": "Promise.attempt.Promise.try",
            "fileUrl": "http://127.0.0.1:8080/__cypress/runner/cypress_runner.js",
            "originalFile": "http://127.0.0.1:8080/__cypress/runner/cypress_runner.js",
            "line": 4288,
            "column": 29,
            "whitespace": "    "
          },
          {
            "function": "thenFn",
            "fileUrl": "http://127.0.0.1:8080/__cypress/runner/cypress_runner.js",
            "originalFile": "http://127.0.0.1:8080/__cypress/runner/cypress_runner.js",
            "line": 121405,
            "column": 66,
            "whitespace": "    "
          }
        ],
        "actual": "'Log events viewed'",
        "expected": "[ 'login', 'logout', 'file access' ]",
        "showDiff": true,
        "codeFrame": {
          "line": 41,
          "column": 37,
          "originalFile": "outputs/autouat/UC13/recent-events-on-landing.spec.ts",
          "relativeFile": "outputs/autouat/UC13/recent-events-on-landing.spec.ts",
          "absoluteFile": "D:\\APCS\\Acceptance/outputs/autouat/UC13/recent-events-on-landing.spec.ts",
          "frame": "  39 |     cy.get('table[name=\"log_table\"] tbody tr[name=\"logTableRow\"]').each(($row) => {\n  40 |       const transactionType = $row.find('td[name=\"transactionTypeCell\"]').text();\n> 41 |       expect(transactionType).to.be.oneOf(['login', 'logout', 'file access']);\n     |                                     ^\n  42 |     });\n  43 |   });\n  44 |",
          "language": "ts"
        }
      }
    },
    {
      "title": "User logs in multiple times and sees updated access events",
      "fullTitle": "Display recent access events on landing screen User logs in multiple times and sees updated access events",
      "file": null,
      "currentRetry": 0,
      "err": {
        "message": "Timed out retrying after 8000ms: Expected to find element: `table[name=\"log_table\"] tbody tr[name=\"logTableRow\"]`, but never found it.",
        "type": "existence",
        "name": "AssertionError",
        "stack": "AssertionError: Timed out retrying after 8000ms: Expected to find element: `table[name=\"log_table\"] tbody tr[name=\"logTableRow\"]`, but never found it.\n    at Context.eval (webpack://itrust2-acceptance-tests/./outputs/autouat/UC13/recent-events-on-landing.spec.ts:62:67)",
        "parsedStack": [
          {
            "message": "AssertionError: Timed out retrying after 8000ms: Expected to find element: `table[name=\"log_table\"] tbody tr[name=\"logTableRow\"]`, but never found it.",
            "whitespace": ""
          },
          {
            "function": "Context.eval",
            "fileUrl": "http://127.0.0.1:8080/__cypress/tests?p=outputs\\autouat\\UC13\\recent-events-on-landing.spec.ts",
            "originalFile": "webpack://itrust2-acceptance-tests/./outputs/autouat/UC13/recent-events-on-landing.spec.ts",
            "relativeFile": "outputs/autouat/UC13/recent-events-on-landing.spec.ts",
            "absoluteFile": "D:\\APCS\\Acceptance/outputs/autouat/UC13/recent-events-on-landing.spec.ts",
            "line": 62,
            "column": 67,
            "whitespace": "    "
          }
        ],
        "codeFrame": {
          "line": 62,
          "column": 68,
          "originalFile": "outputs/autouat/UC13/recent-events-on-landing.spec.ts",
          "relativeFile": "outputs/autouat/UC13/recent-events-on-landing.spec.ts",
          "absoluteFile": "D:\\APCS\\Acceptance/outputs/autouat/UC13/recent-events-on-landing.spec.ts",
          "frame": "  60 |     \n  61 |     // Check that the landing screen displays the updated list of access events\n> 62 |     cy.get('table[name=\"log_table\"] tbody tr[name=\"logTableRow\"]').should('exist');\n     |                                                                    ^\n  63 |   });\n  64 |\n  65 |   it('User logs in and access events contain timestamps', () => {",
          "language": "ts"
        }
      }
    },
    {
      "title": "User logs in and access events contain user details",
      "fullTitle": "Display recent access events on landing screen User logs in and access events contain user details",
      "file": null,
      "currentRetry": 0,
      "err": {
        "message": "expected '' not to be empty",
        "name": "AssertionError",
        "stack": "AssertionError: expected '' not to be empty\n    at Context.eval (webpack://itrust2-acceptance-tests/./outputs/autouat/UC13/recent-events-on-landing.spec.ts:85:38)\n    at Context.callback (http://127.0.0.1:8080/__cypress/runner/cypress_runner.js:121629:26)\n    at getRet (http://127.0.0.1:8080/__cypress/runner/cypress_runner.js:121394:20)",
        "parsedStack": [
          {
            "message": "AssertionError: expected '' not to be empty",
            "whitespace": ""
          },
          {
            "function": "Context.eval",
            "fileUrl": "http://127.0.0.1:8080/__cypress/tests?p=outputs\\autouat\\UC13\\recent-events-on-landing.spec.ts",
            "originalFile": "webpack://itrust2-acceptance-tests/./outputs/autouat/UC13/recent-events-on-landing.spec.ts",
            "relativeFile": "outputs/autouat/UC13/recent-events-on-landing.spec.ts",
            "absoluteFile": "D:\\APCS\\Acceptance/outputs/autouat/UC13/recent-events-on-landing.spec.ts",
            "line": 85,
            "column": 38,
            "whitespace": "    "
          },
          {
            "function": "Context.callback",
            "fileUrl": "http://127.0.0.1:8080/__cypress/runner/cypress_runner.js",
            "originalFile": "http://127.0.0.1:8080/__cypress/runner/cypress_runner.js",
            "line": 121629,
            "column": 26,
            "whitespace": "    "
          },
          {
            "function": "getRet",
            "fileUrl": "http://127.0.0.1:8080/__cypress/runner/cypress_runner.js",
            "originalFile": "http://127.0.0.1:8080/__cypress/runner/cypress_runner.js",
            "line": 121394,
            "column": 20,
            "whitespace": "    "
          }
        ],
        "codeFrame": {
          "line": 85,
          "column": 39,
          "originalFile": "outputs/autouat/UC13/recent-events-on-landing.spec.ts",
          "relativeFile": "outputs/autouat/UC13/recent-events-on-landing.spec.ts",
          "absoluteFile": "D:\\APCS\\Acceptance/outputs/autouat/UC13/recent-events-on-landing.spec.ts",
          "frame": "  83 |       const secondaryUser = $row.find('td[name=\"secondaryUserCell\"]').text();\n  84 |       expect(primaryUser).to.not.be.empty;\n> 85 |       expect(secondaryUser).to.not.be.empty;\n     |                                       ^\n  86 |     });\n  87 |   });\n  88 | });",
          "language": "ts"
        }
      }
    }
  ],
  "passes": [
    {
      "title": "User logs in and the access events list exceeds ten entries",
      "fullTitle": "Display recent access events on landing screen User logs in and the access events list exceeds ten entries",
      "file": null,
      "duration": 189,
      "currentRetry": 0,
      "err": {}
    },
    {
      "title": "User logs in and access events contain timestamps",
      "fullTitle": "Display recent access events on landing screen User logs in and access events contain timestamps",
      "file": null,
      "duration": 204,
      "currentRetry": 0,
      "err": {}
    }
  ]
}
  (Results)

  ΓöîΓöÇΓöÇΓöÇΓöÇΓöÇΓöÇΓöÇΓöÇΓöÇΓöÇΓöÇΓöÇΓöÇΓöÇΓöÇΓöÇΓöÇΓöÇΓöÇΓöÇΓöÇΓöÇΓöÇΓöÇΓöÇΓöÇΓöÇΓöÇΓöÇΓöÇΓöÇΓöÇΓöÇΓöÇΓöÇΓöÇΓöÇΓöÇΓöÇΓöÇΓöÇΓöÇΓöÇΓöÇΓöÇΓöÇΓöÇΓöÇΓöÇΓöÇΓöÇΓöÇΓöÇΓöÇΓöÇΓöÇΓöÇΓöÇΓöÇΓöÇΓöÇΓöÇΓöÇΓöÇΓöÇΓöÇΓöÇΓöÇΓöÇΓöÇΓöÇΓöÇΓöÇΓöÇΓöÇΓöÇΓöÇΓöÇΓöÇΓöÇΓöÇΓöÇΓöÇΓöÇΓöÇΓöÇΓöÇΓöÇΓöÇΓöÇΓöÇΓöÇΓöÇΓöÇΓöÇΓöÇΓöÉ
  Γöé Tests:        7                                                                                Γöé
  Γöé Passing:      2                                                                                Γöé
  Γöé Failing:      5                                                                                Γöé
  Γöé Pending:      0                                                                                Γöé
  Γöé Skipped:      0                                                                                Γöé
  Γöé Screenshots:  0                                                                                Γöé
  Γöé Video:        false                                                                            Γöé
  Γöé Duration:     27 seconds                                                                       Γöé
  Γöé Spec Ran:     UC13/recent-events-on-landing.spec.ts                                            Γöé
  ΓööΓöÇΓöÇΓöÇΓöÇΓöÇΓöÇΓöÇΓöÇΓöÇΓöÇΓöÇΓöÇΓöÇΓöÇΓöÇΓöÇΓöÇΓöÇΓöÇΓöÇΓöÇΓöÇΓöÇΓöÇΓöÇΓöÇΓöÇΓöÇΓöÇΓöÇΓöÇΓöÇΓöÇΓöÇΓöÇΓöÇΓöÇΓöÇΓöÇΓöÇΓöÇΓöÇΓöÇΓöÇΓöÇΓöÇΓöÇΓöÇΓöÇΓöÇΓöÇΓöÇΓöÇΓöÇΓöÇΓöÇΓöÇΓöÇΓöÇΓöÇΓöÇΓöÇΓöÇΓöÇΓöÇΓöÇΓöÇΓöÇΓöÇΓöÇΓöÇΓöÇΓöÇΓöÇΓöÇΓöÇΓöÇΓöÇΓöÇΓöÇΓöÇΓöÇΓöÇΓöÇΓöÇΓöÇΓöÇΓöÇΓöÇΓöÇΓöÇΓöÇΓöÇΓöÇΓöÇΓöÇΓöÿ


ΓöÇΓöÇΓöÇΓöÇΓöÇΓöÇΓöÇΓöÇΓöÇΓöÇΓöÇΓöÇΓöÇΓöÇΓöÇΓöÇΓöÇΓöÇΓöÇΓöÇΓöÇΓöÇΓöÇΓöÇΓöÇΓöÇΓöÇΓöÇΓöÇΓöÇΓöÇΓöÇΓöÇΓöÇΓöÇΓöÇΓöÇΓöÇΓöÇΓöÇΓöÇΓöÇΓöÇΓöÇΓöÇΓöÇΓöÇΓöÇΓöÇΓöÇΓöÇΓöÇΓöÇΓöÇΓöÇΓöÇΓöÇΓöÇΓöÇΓöÇΓöÇΓöÇΓöÇΓöÇΓöÇΓöÇΓöÇΓöÇΓöÇΓöÇΓöÇΓöÇΓöÇΓöÇΓöÇΓöÇΓöÇΓöÇΓöÇΓöÇΓöÇΓöÇΓöÇΓöÇΓöÇΓöÇΓöÇΓöÇΓöÇΓöÇΓöÇΓöÇΓöÇΓöÇΓöÇΓöÇΓöÇΓöÇΓöÇΓöÇ
                                                                                                    
  Running:  UC13/view-access-log.spec.ts                                                  (11 of 33)
{
  "stats": {
    "suites": 1,
    "tests": 1,
    "passes": 0,
    "pending": 0,
    "failures": 1,
    "start": "2026-09-10T10:35:24.103Z",
    "end": "2026-09-10T10:35:25.008Z",
    "duration": 905
  },
  "tests": [
    {
      "title": "should display access log with default settings",
      "fullTitle": "View Access Log should display access log with default settings",
      "file": null,
      "duration": 119,
      "currentRetry": 0,
      "err": {
        "message": "`cy.visit()` failed trying to load:\n\nhttp://127.0.0.1:8080/iTrust2/admin/index\n\nThe response we received from your web server was:\n\n  > 403: Forbidden\n\nThis was considered a failure because the status code was not `2xx`.\n\nIf you do not want status codes to cause failures pass the option: `failOnStatusCode: false`\n\nBecause this error occurred during a `before each` hook we are skipping the remaining tests in the current suite: `View Access Log`",
        "name": "CypressError",
        "stack": "CypressError: `cy.visit()` failed trying to load:\n\nhttp://127.0.0.1:8080/iTrust2/admin/index\n\nThe response we received from your web server was:\n\n  > 403: Forbidden\n\nThis was considered a failure because the status code was not `2xx`.\n\nIf you do not want status codes to cause failures pass the option: `failOnStatusCode: false`\n\nBecause this error occurred during a `before each` hook we are skipping the remaining tests in the current suite: `View Access Log`\n    at <unknown> (http://127.0.0.1:8080/__cypress/runner/cypress_runner.js:133553:76)\n    at visitFailedByErr (http://127.0.0.1:8080/__cypress/runner/cypress_runner.js:133143:12)\n    at <unknown> (http://127.0.0.1:8080/__cypress/runner/cypress_runner.js:133536:13)\n    at tryCatcher (http://127.0.0.1:8080/__cypress/runner/cypress_runner.js:1780:23)\n    at Promise._settlePromiseFromHandler (http://127.0.0.1:8080/__cypress/runner/cypress_runner.js:1492:31)\n    at Promise._settlePromise (http://127.0.0.1:8080/__cypress/runner/cypress_runner.js:1549:18)\n    at Promise._settlePromise0 (http://127.0.0.1:8080/__cypress/runner/cypress_runner.js:1594:10)\n    at Promise._settlePromises (http://127.0.0.1:8080/__cypress/runner/cypress_runner.js:1670:18)\n    at _drainQueueStep (http://127.0.0.1:8080/__cypress/runner/cypress_runner.js:2380:12)\n    at _drainQueue (http://127.0.0.1:8080/__cypress/runner/cypress_runner.js:2373:9)\n    at Async._drainQueues (http://127.0.0.1:8080/__cypress/runner/cypress_runner.js:2389:5)\n    at Async.drainQueues (http://127.0.0.1:8080/__cypress/runner/cypress_runner.js:2259:14)",
        "parsedStack": [
          {
            "message": "CypressError: `cy.visit()` failed trying to load:",
            "whitespace": ""
          },
          {
            "message": "",
            "whitespace": ""
          },
          {
            "message": "http://127.0.0.1:8080/iTrust2/admin/index",
            "whitespace": ""
          },
          {
            "message": "",
            "whitespace": ""
          },
          {
            "message": "The response we received from your web server was:",
            "whitespace": ""
          },
          {
            "message": "",
            "whitespace": ""
          },
          {
            "message": "> 403: Forbidden",
            "whitespace": "  "
          },
          {
            "message": "",
            "whitespace": ""
          },
          {
            "message": "This was considered a failure because the status code was not `2xx`.",
            "whitespace": ""
          },
          {
            "message": "",
            "whitespace": ""
          },
          {
            "message": "If you do not want status codes to cause failures pass the option: `failOnStatusCode: false`",
            "whitespace": ""
          },
          {
            "function": "<unknown>",
            "fileUrl": "http://127.0.0.1:8080/__cypress/runner/cypress_runner.js",
            "originalFile": "http://127.0.0.1:8080/__cypress/runner/cypress_runner.js",
            "line": 133553,
            "column": 76,
            "whitespace": "    "
          },
          {
            "function": "visitFailedByErr",
            "fileUrl": "http://127.0.0.1:8080/__cypress/runner/cypress_runner.js",
            "originalFile": "http://127.0.0.1:8080/__cypress/runner/cypress_runner.js",
            "line": 133143,
            "column": 12,
            "whitespace": "    "
          },
          {
            "function": "<unknown>",
            "fileUrl": "http://127.0.0.1:8080/__cypress/runner/cypress_runner.js",
            "originalFile": "http://127.0.0.1:8080/__cypress/runner/cypress_runner.js",
            "line": 133536,
            "column": 13,
            "whitespace": "    "
          },
          {
            "function": "tryCatcher",
            "fileUrl": "http://127.0.0.1:8080/__cypress/runner/cypress_runner.js",
            "originalFile": "http://127.0.0.1:8080/__cypress/runner/cypress_runner.js",
            "line": 1780,
            "column": 23,
            "whitespace": "    "
          },
          {
            "function": "Promise._settlePromiseFromHandler",
            "fileUrl": "http://127.0.0.1:8080/__cypress/runner/cypress_runner.js",
            "originalFile": "http://127.0.0.1:8080/__cypress/runner/cypress_runner.js",
            "line": 1492,
            "column": 31,
            "whitespace": "    "
          },
          {
            "function": "Promise._settlePromise",
            "fileUrl": "http://127.0.0.1:8080/__cypress/runner/cypress_runner.js",
            "originalFile": "http://127.0.0.1:8080/__cypress/runner/cypress_runner.js",
            "line": 1549,
            "column": 18,
            "whitespace": "    "
          },
          {
            "function": "Promise._settlePromise0",
            "fileUrl": "http://127.0.0.1:8080/__cypress/runner/cypress_runner.js",
            "originalFile": "http://127.0.0.1:8080/__cypress/runner/cypress_runner.js",
            "line": 1594,
            "column": 10,
            "whitespace": "    "
          },
          {
            "function": "Promise._settlePromises",
            "fileUrl": "http://127.0.0.1:8080/__cypress/runner/cypress_runner.js",
            "originalFile": "http://127.0.0.1:8080/__cypress/runner/cypress_runner.js",
            "line": 1670,
            "column": 18,
            "whitespace": "    "
          },
          {
            "function": "_drainQueueStep",
            "fileUrl": "http://127.0.0.1:8080/__cypress/runner/cypress_runner.js",
            "originalFile": "http://127.0.0.1:8080/__cypress/runner/cypress_runner.js",
            "line": 2380,
            "column": 12,
            "whitespace": "    "
          },
          {
            "function": "_drainQueue",
            "fileUrl": "http://127.0.0.1:8080/__cypress/runner/cypress_runner.js",
            "originalFile": "http://127.0.0.1:8080/__cypress/runner/cypress_runner.js",
            "line": 2373,
            "column": 9,
            "whitespace": "    "
          },
          {
            "function": "Async._drainQueues",
            "fileUrl": "http://127.0.0.1:8080/__cypress/runner/cypress_runner.js",
            "originalFile": "http://127.0.0.1:8080/__cypress/runner/cypress_runner.js",
            "line": 2389,
            "column": 5,
            "whitespace": "    "
          },
          {
            "function": "Async.drainQueues",
            "fileUrl": "http://127.0.0.1:8080/__cypress/runner/cypress_runner.js",
            "originalFile": "http://127.0.0.1:8080/__cypress/runner/cypress_runner.js",
            "line": 2259,
            "column": 14,
            "whitespace": "    "
          }
        ]
      }
    }
  ],
  "pending": [],
  "failures": [
    {
      "title": "\"before each\" hook for \"should display access log with default settings\"",
      "fullTitle": "View Access Log \"before each\" hook for \"should display access log with default settings\"",
      "file": null,
      "currentRetry": 0,
      "err": {
        "message": "`cy.visit()` failed trying to load:\n\nhttp://127.0.0.1:8080/iTrust2/admin/index\n\nThe response we received from your web server was:\n\n  > 403: Forbidden\n\nThis was considered a failure because the status code was not `2xx`.\n\nIf you do not want status codes to cause failures pass the option: `failOnStatusCode: false`\n\nBecause this error occurred during a `before each` hook we are skipping the remaining tests in the current suite: `View Access Log`",
        "name": "CypressError",
        "stack": "CypressError: `cy.visit()` failed trying to load:\n\nhttp://127.0.0.1:8080/iTrust2/admin/index\n\nThe response we received from your web server was:\n\n  > 403: Forbidden\n\nThis was considered a failure because the status code was not `2xx`.\n\nIf you do not want status codes to cause failures pass the option: `failOnStatusCode: false`\n\nBecause this error occurred during a `before each` hook we are skipping the remaining tests in the current suite: `View Access Log`\n    at <unknown> (http://127.0.0.1:8080/__cypress/runner/cypress_runner.js:133553:76)\n    at visitFailedByErr (http://127.0.0.1:8080/__cypress/runner/cypress_runner.js:133143:12)\n    at <unknown> (http://127.0.0.1:8080/__cypress/runner/cypress_runner.js:133536:13)\n    at tryCatcher (http://127.0.0.1:8080/__cypress/runner/cypress_runner.js:1780:23)\n    at Promise._settlePromiseFromHandler (http://127.0.0.1:8080/__cypress/runner/cypress_runner.js:1492:31)\n    at Promise._settlePromise (http://127.0.0.1:8080/__cypress/runner/cypress_runner.js:1549:18)\n    at Promise._settlePromise0 (http://127.0.0.1:8080/__cypress/runner/cypress_runner.js:1594:10)\n    at Promise._settlePromises (http://127.0.0.1:8080/__cypress/runner/cypress_runner.js:1670:18)\n    at _drainQueueStep (http://127.0.0.1:8080/__cypress/runner/cypress_runner.js:2380:12)\n    at _drainQueue (http://127.0.0.1:8080/__cypress/runner/cypress_runner.js:2373:9)\n    at Async._drainQueues (http://127.0.0.1:8080/__cypress/runner/cypress_runner.js:2389:5)\n    at Async.drainQueues (http://127.0.0.1:8080/__cypress/runner/cypress_runner.js:2259:14)",
        "parsedStack": [
          {
            "message": "CypressError: `cy.visit()` failed trying to load:",
            "whitespace": ""
          },
          {
            "message": "",
            "whitespace": ""
          },
          {
            "message": "http://127.0.0.1:8080/iTrust2/admin/index",
            "whitespace": ""
          },
          {
            "message": "",
            "whitespace": ""
          },
          {
            "message": "The response we received from your web server was:",
            "whitespace": ""
          },
          {
            "message": "",
            "whitespace": ""
          },
          {
            "message": "> 403: Forbidden",
            "whitespace": "  "
          },
          {
            "message": "",
            "whitespace": ""
          },
          {
            "message": "This was considered a failure because the status code was not `2xx`.",
            "whitespace": ""
          },
          {
            "message": "",
            "whitespace": ""
          },
          {
            "message": "If you do not want status codes to cause failures pass the option: `failOnStatusCode: false`",
            "whitespace": ""
          },
          {
            "function": "<unknown>",
            "fileUrl": "http://127.0.0.1:8080/__cypress/runner/cypress_runner.js",
            "originalFile": "http://127.0.0.1:8080/__cypress/runner/cypress_runner.js",
            "line": 133553,
            "column": 76,
            "whitespace": "    "
          },
          {
            "function": "visitFailedByErr",
            "fileUrl": "http://127.0.0.1:8080/__cypress/runner/cypress_runner.js",
            "originalFile": "http://127.0.0.1:8080/__cypress/runner/cypress_runner.js",
            "line": 133143,
            "column": 12,
            "whitespace": "    "
          },
          {
            "function": "<unknown>",
            "fileUrl": "http://127.0.0.1:8080/__cypress/runner/cypress_runner.js",
            "originalFile": "http://127.0.0.1:8080/__cypress/runner/cypress_runner.js",
            "line": 133536,
            "column": 13,
            "whitespace": "    "
          },
          {
            "function": "tryCatcher",
            "fileUrl": "http://127.0.0.1:8080/__cypress/runner/cypress_runner.js",
            "originalFile": "http://127.0.0.1:8080/__cypress/runner/cypress_runner.js",
            "line": 1780,
            "column": 23,
            "whitespace": "    "
          },
          {
            "function": "Promise._settlePromiseFromHandler",
            "fileUrl": "http://127.0.0.1:8080/__cypress/runner/cypress_runner.js",
            "originalFile": "http://127.0.0.1:8080/__cypress/runner/cypress_runner.js",
            "line": 1492,
            "column": 31,
            "whitespace": "    "
          },
          {
            "function": "Promise._settlePromise",
            "fileUrl": "http://127.0.0.1:8080/__cypress/runner/cypress_runner.js",
            "originalFile": "http://127.0.0.1:8080/__cypress/runner/cypress_runner.js",
            "line": 1549,
            "column": 18,
            "whitespace": "    "
          },
          {
            "function": "Promise._settlePromise0",
            "fileUrl": "http://127.0.0.1:8080/__cypress/runner/cypress_runner.js",
            "originalFile": "http://127.0.0.1:8080/__cypress/runner/cypress_runner.js",
            "line": 1594,
            "column": 10,
            "whitespace": "    "
          },
          {
            "function": "Promise._settlePromises",
            "fileUrl": "http://127.0.0.1:8080/__cypress/runner/cypress_runner.js",
            "originalFile": "http://127.0.0.1:8080/__cypress/runner/cypress_runner.js",
            "line": 1670,
            "column": 18,
            "whitespace": "    "
          },
          {
            "function": "_drainQueueStep",
            "fileUrl": "http://127.0.0.1:8080/__cypress/runner/cypress_runner.js",
            "originalFile": "http://127.0.0.1:8080/__cypress/runner/cypress_runner.js",
            "line": 2380,
            "column": 12,
            "whitespace": "    "
          },
          {
            "function": "_drainQueue",
            "fileUrl": "http://127.0.0.1:8080/__cypress/runner/cypress_runner.js",
            "originalFile": "http://127.0.0.1:8080/__cypress/runner/cypress_runner.js",
            "line": 2373,
            "column": 9,
            "whitespace": "    "
          },
          {
            "function": "Async._drainQueues",
            "fileUrl": "http://127.0.0.1:8080/__cypress/runner/cypress_runner.js",
            "originalFile": "http://127.0.0.1:8080/__cypress/runner/cypress_runner.js",
            "line": 2389,
            "column": 5,
            "whitespace": "    "
          },
          {
            "function": "Async.drainQueues",
            "fileUrl": "http://127.0.0.1:8080/__cypress/runner/cypress_runner.js",
            "originalFile": "http://127.0.0.1:8080/__cypress/runner/cypress_runner.js",
            "line": 2259,
            "column": 14,
            "whitespace": "    "
          }
        ]
      }
    }
  ],
  "passes": []
}
  (Results)

  ΓöîΓöÇΓöÇΓöÇΓöÇΓöÇΓöÇΓöÇΓöÇΓöÇΓöÇΓöÇΓöÇΓöÇΓöÇΓöÇΓöÇΓöÇΓöÇΓöÇΓöÇΓöÇΓöÇΓöÇΓöÇΓöÇΓöÇΓöÇΓöÇΓöÇΓöÇΓöÇΓöÇΓöÇΓöÇΓöÇΓöÇΓöÇΓöÇΓöÇΓöÇΓöÇΓöÇΓöÇΓöÇΓöÇΓöÇΓöÇΓöÇΓöÇΓöÇΓöÇΓöÇΓöÇΓöÇΓöÇΓöÇΓöÇΓöÇΓöÇΓöÇΓöÇΓöÇΓöÇΓöÇΓöÇΓöÇΓöÇΓöÇΓöÇΓöÇΓöÇΓöÇΓöÇΓöÇΓöÇΓöÇΓöÇΓöÇΓöÇΓöÇΓöÇΓöÇΓöÇΓöÇΓöÇΓöÇΓöÇΓöÇΓöÇΓöÇΓöÇΓöÇΓöÇΓöÇΓöÇΓöÇΓöÉ
  Γöé Tests:        5                                                                                Γöé
  Γöé Passing:      0                                                                                Γöé
  Γöé Failing:      1                                                                                Γöé
  Γöé Pending:      0                                                                                Γöé
  Γöé Skipped:      4                                                                                Γöé
  Γöé Screenshots:  0                                                                                Γöé
  Γöé Video:        false                                                                            Γöé
  Γöé Duration:     0 seconds                                                                        Γöé
  Γöé Spec Ran:     UC13/view-access-log.spec.ts                                                     Γöé
  ΓööΓöÇΓöÇΓöÇΓöÇΓöÇΓöÇΓöÇΓöÇΓöÇΓöÇΓöÇΓöÇΓöÇΓöÇΓöÇΓöÇΓöÇΓöÇΓöÇΓöÇΓöÇΓöÇΓöÇΓöÇΓöÇΓöÇΓöÇΓöÇΓöÇΓöÇΓöÇΓöÇΓöÇΓöÇΓöÇΓöÇΓöÇΓöÇΓöÇΓöÇΓöÇΓöÇΓöÇΓöÇΓöÇΓöÇΓöÇΓöÇΓöÇΓöÇΓöÇΓöÇΓöÇΓöÇΓöÇΓöÇΓöÇΓöÇΓöÇΓöÇΓöÇΓöÇΓöÇΓöÇΓöÇΓöÇΓöÇΓöÇΓöÇΓöÇΓöÇΓöÇΓöÇΓöÇΓöÇΓöÇΓöÇΓöÇΓöÇΓöÇΓöÇΓöÇΓöÇΓöÇΓöÇΓöÇΓöÇΓöÇΓöÇΓöÇΓöÇΓöÇΓöÇΓöÇΓöÇΓöÇΓöÿ


ΓöÇΓöÇΓöÇΓöÇΓöÇΓöÇΓöÇΓöÇΓöÇΓöÇΓöÇΓöÇΓöÇΓöÇΓöÇΓöÇΓöÇΓöÇΓöÇΓöÇΓöÇΓöÇΓöÇΓöÇΓöÇΓöÇΓöÇΓöÇΓöÇΓöÇΓöÇΓöÇΓöÇΓöÇΓöÇΓöÇΓöÇΓöÇΓöÇΓöÇΓöÇΓöÇΓöÇΓöÇΓöÇΓöÇΓöÇΓöÇΓöÇΓöÇΓöÇΓöÇΓöÇΓöÇΓöÇΓöÇΓöÇΓöÇΓöÇΓöÇΓöÇΓöÇΓöÇΓöÇΓöÇΓöÇΓöÇΓöÇΓöÇΓöÇΓöÇΓöÇΓöÇΓöÇΓöÇΓöÇΓöÇΓöÇΓöÇΓöÇΓöÇΓöÇΓöÇΓöÇΓöÇΓöÇΓöÇΓöÇΓöÇΓöÇΓöÇΓöÇΓöÇΓöÇΓöÇΓöÇΓöÇΓöÇΓöÇΓöÇ
                                                                                                    
  Running:  UC14/email-alerts.spec.ts                                                     (12 of 33)
{
  "stats": {
    "suites": 1,
    "tests": 5,
    "passes": 0,
    "pending": 0,
    "failures": 5,
    "start": "2026-09-10T10:35:26.182Z",
    "end": "2026-09-10T10:35:56.318Z",
    "duration": 30136
  },
  "tests": [
    {
      "title": "Send email alert for password change",
      "fullTitle": "Email Alerts for Account Events Send email alert for password change",
      "file": null,
      "duration": 5328,
      "currentRetry": 0,
      "err": {
        "message": "Timed out retrying after 5000ms: `cy.wait()` timed out waiting `5000ms` for the 1st request to the route: `changePassword`. No request ever occurred.\n\nhttps://on.cypress.io/wait",
        "name": "CypressError",
        "stack": "CypressError: Timed out retrying after 5000ms: `cy.wait()` timed out waiting `5000ms` for the 1st request to the route: `changePassword`. No request ever occurred.\n\nhttps://on.cypress.io/wait\n    at cypressErr (http://127.0.0.1:8080/__cypress/runner/cypress_runner.js:75946:18)\n    at Object.errByPath (http://127.0.0.1:8080/__cypress/runner/cypress_runner.js:76006:10)\n    at checkForXhr (http://127.0.0.1:8080/__cypress/runner/cypress_runner.js:137347:84)\n    at <unknown> (http://127.0.0.1:8080/__cypress/runner/cypress_runner.js:137372:28)\n    at tryCatcher (http://127.0.0.1:8080/__cypress/runner/cypress_runner.js:1780:23)\n    at Promise.attempt.Promise.try (http://127.0.0.1:8080/__cypress/runner/cypress_runner.js:4288:29)\n    at whenStable (http://127.0.0.1:8080/__cypress/runner/cypress_runner.js:152458:70)\n    at <unknown> (http://127.0.0.1:8080/__cypress/runner/cypress_runner.js:152358:14)\n    at tryCatcher (http://127.0.0.1:8080/__cypress/runner/cypress_runner.js:1780:23)\n    at Promise._settlePromiseFromHandler (http://127.0.0.1:8080/__cypress/runner/cypress_runner.js:1492:31)\n    at Promise._settlePromise (http://127.0.0.1:8080/__cypress/runner/cypress_runner.js:1549:18)\n    at Promise._settlePromise0 (http://127.0.0.1:8080/__cypress/runner/cypress_runner.js:1594:10)\n    at Promise._settlePromises (http://127.0.0.1:8080/__cypress/runner/cypress_runner.js:1674:18)\n    at Promise._fulfill (http://127.0.0.1:8080/__cypress/runner/cypress_runner.js:1618:18)\n    at <unknown> (http://127.0.0.1:8080/__cypress/runner/cypress_runner.js:5423:46)",
        "parsedStack": [
          {
            "message": "CypressError: Timed out retrying after 5000ms: `cy.wait()` timed out waiting `5000ms` for the 1st request to the route: `changePassword`. No request ever occurred.",
            "whitespace": ""
          },
          {
            "function": "cypressErr",
            "fileUrl": "http://127.0.0.1:8080/__cypress/runner/cypress_runner.js",
            "originalFile": "http://127.0.0.1:8080/__cypress/runner/cypress_runner.js",
            "line": 75946,
            "column": 18,
            "whitespace": "    "
          },
          {
            "function": "Object.errByPath",
            "fileUrl": "http://127.0.0.1:8080/__cypress/runner/cypress_runner.js",
            "originalFile": "http://127.0.0.1:8080/__cypress/runner/cypress_runner.js",
            "line": 76006,
            "column": 10,
            "whitespace": "    "
          },
          {
            "function": "checkForXhr",
            "fileUrl": "http://127.0.0.1:8080/__cypress/runner/cypress_runner.js",
            "originalFile": "http://127.0.0.1:8080/__cypress/runner/cypress_runner.js",
            "line": 137347,
            "column": 84,
            "whitespace": "    "
          },
          {
            "function": "<unknown>",
            "fileUrl": "http://127.0.0.1:8080/__cypress/runner/cypress_runner.js",
            "originalFile": "http://127.0.0.1:8080/__cypress/runner/cypress_runner.js",
            "line": 137372,
            "column": 28,
            "whitespace": "    "
          },
          {
            "function": "tryCatcher",
            "fileUrl": "http://127.0.0.1:8080/__cypress/runner/cypress_runner.js",
            "originalFile": "http://127.0.0.1:8080/__cypress/runner/cypress_runner.js",
            "line": 1780,
            "column": 23,
            "whitespace": "    "
          },
          {
            "function": "Promise.attempt.Promise.try",
            "fileUrl": "http://127.0.0.1:8080/__cypress/runner/cypress_runner.js",
            "originalFile": "http://127.0.0.1:8080/__cypress/runner/cypress_runner.js",
            "line": 4288,
            "column": 29,
            "whitespace": "    "
          },
          {
            "function": "whenStable",
            "fileUrl": "http://127.0.0.1:8080/__cypress/runner/cypress_runner.js",
            "originalFile": "http://127.0.0.1:8080/__cypress/runner/cypress_runner.js",
            "line": 152458,
            "column": 70,
            "whitespace": "    "
          },
          {
            "function": "<unknown>",
            "fileUrl": "http://127.0.0.1:8080/__cypress/runner/cypress_runner.js",
            "originalFile": "http://127.0.0.1:8080/__cypress/runner/cypress_runner.js",
            "line": 152358,
            "column": 14,
            "whitespace": "    "
          },
          {
            "function": "tryCatcher",
            "fileUrl": "http://127.0.0.1:8080/__cypress/runner/cypress_runner.js",
            "originalFile": "http://127.0.0.1:8080/__cypress/runner/cypress_runner.js",
            "line": 1780,
            "column": 23,
            "whitespace": "    "
          },
          {
            "function": "Promise._settlePromiseFromHandler",
            "fileUrl": "http://127.0.0.1:8080/__cypress/runner/cypress_runner.js",
            "originalFile": "http://127.0.0.1:8080/__cypress/runner/cypress_runner.js",
            "line": 1492,
            "column": 31,
            "whitespace": "    "
          },
          {
            "function": "Promise._settlePromise",
            "fileUrl": "http://127.0.0.1:8080/__cypress/runner/cypress_runner.js",
            "originalFile": "http://127.0.0.1:8080/__cypress/runner/cypress_runner.js",
            "line": 1549,
            "column": 18,
            "whitespace": "    "
          },
          {
            "function": "Promise._settlePromise0",
            "fileUrl": "http://127.0.0.1:8080/__cypress/runner/cypress_runner.js",
            "originalFile": "http://127.0.0.1:8080/__cypress/runner/cypress_runner.js",
            "line": 1594,
            "column": 10,
            "whitespace": "    "
          },
          {
            "function": "Promise._settlePromises",
            "fileUrl": "http://127.0.0.1:8080/__cypress/runner/cypress_runner.js",
            "originalFile": "http://127.0.0.1:8080/__cypress/runner/cypress_runner.js",
            "line": 1674,
            "column": 18,
            "whitespace": "    "
          },
          {
            "function": "Promise._fulfill",
            "fileUrl": "http://127.0.0.1:8080/__cypress/runner/cypress_runner.js",
            "originalFile": "http://127.0.0.1:8080/__cypress/runner/cypress_runner.js",
            "line": 1618,
            "column": 18,
            "whitespace": "    "
          },
          {
            "function": "<unknown>",
            "fileUrl": "http://127.0.0.1:8080/__cypress/runner/cypress_runner.js",
            "originalFile": "http://127.0.0.1:8080/__cypress/runner/cypress_runner.js",
            "line": 5423,
            "column": 46,
            "whitespace": "    "
          }
        ]
      }
    },
    {
      "title": "Send email alert for password reset",
      "fullTitle": "Email Alerts for Account Events Send email alert for password reset",
      "file": null,
      "duration": 5051,
      "currentRetry": 0,
      "err": {
        "message": "Timed out retrying after 5000ms: `cy.wait()` timed out waiting `5000ms` for the 1st request to the route: `resetPassword`. No request ever occurred.\n\nhttps://on.cypress.io/wait",
        "name": "CypressError",
        "stack": "CypressError: Timed out retrying after 5000ms: `cy.wait()` timed out waiting `5000ms` for the 1st request to the route: `resetPassword`. No request ever occurred.\n\nhttps://on.cypress.io/wait\n    at cypressErr (http://127.0.0.1:8080/__cypress/runner/cypress_runner.js:75946:18)\n    at Object.errByPath (http://127.0.0.1:8080/__cypress/runner/cypress_runner.js:76006:10)\n    at checkForXhr (http://127.0.0.1:8080/__cypress/runner/cypress_runner.js:137347:84)\n    at <unknown> (http://127.0.0.1:8080/__cypress/runner/cypress_runner.js:137372:28)\n    at tryCatcher (http://127.0.0.1:8080/__cypress/runner/cypress_runner.js:1780:23)\n    at Promise.attempt.Promise.try (http://127.0.0.1:8080/__cypress/runner/cypress_runner.js:4288:29)\n    at whenStable (http://127.0.0.1:8080/__cypress/runner/cypress_runner.js:152458:70)\n    at <unknown> (http://127.0.0.1:8080/__cypress/runner/cypress_runner.js:152358:14)\n    at tryCatcher (http://127.0.0.1:8080/__cypress/runner/cypress_runner.js:1780:23)\n    at Promise._settlePromiseFromHandler (http://127.0.0.1:8080/__cypress/runner/cypress_runner.js:1492:31)\n    at Promise._settlePromise (http://127.0.0.1:8080/__cypress/runner/cypress_runner.js:1549:18)\n    at Promise._settlePromise0 (http://127.0.0.1:8080/__cypress/runner/cypress_runner.js:1594:10)\n    at Promise._settlePromises (http://127.0.0.1:8080/__cypress/runner/cypress_runner.js:1674:18)\n    at Promise._fulfill (http://127.0.0.1:8080/__cypress/runner/cypress_runner.js:1618:18)\n    at <unknown> (http://127.0.0.1:8080/__cypress/runner/cypress_runner.js:5423:46)",
        "parsedStack": [
          {
            "message": "CypressError: Timed out retrying after 5000ms: `cy.wait()` timed out waiting `5000ms` for the 1st request to the route: `resetPassword`. No request ever occurred.",
            "whitespace": ""
          },
          {
            "function": "cypressErr",
            "fileUrl": "http://127.0.0.1:8080/__cypress/runner/cypress_runner.js",
            "originalFile": "http://127.0.0.1:8080/__cypress/runner/cypress_runner.js",
            "line": 75946,
            "column": 18,
            "whitespace": "    "
          },
          {
            "function": "Object.errByPath",
            "fileUrl": "http://127.0.0.1:8080/__cypress/runner/cypress_runner.js",
            "originalFile": "http://127.0.0.1:8080/__cypress/runner/cypress_runner.js",
            "line": 76006,
            "column": 10,
            "whitespace": "    "
          },
          {
            "function": "checkForXhr",
            "fileUrl": "http://127.0.0.1:8080/__cypress/runner/cypress_runner.js",
            "originalFile": "http://127.0.0.1:8080/__cypress/runner/cypress_runner.js",
            "line": 137347,
            "column": 84,
            "whitespace": "    "
          },
          {
            "function": "<unknown>",
            "fileUrl": "http://127.0.0.1:8080/__cypress/runner/cypress_runner.js",
            "originalFile": "http://127.0.0.1:8080/__cypress/runner/cypress_runner.js",
            "line": 137372,
            "column": 28,
            "whitespace": "    "
          },
          {
            "function": "tryCatcher",
            "fileUrl": "http://127.0.0.1:8080/__cypress/runner/cypress_runner.js",
            "originalFile": "http://127.0.0.1:8080/__cypress/runner/cypress_runner.js",
            "line": 1780,
            "column": 23,
            "whitespace": "    "
          },
          {
            "function": "Promise.attempt.Promise.try",
            "fileUrl": "http://127.0.0.1:8080/__cypress/runner/cypress_runner.js",
            "originalFile": "http://127.0.0.1:8080/__cypress/runner/cypress_runner.js",
            "line": 4288,
            "column": 29,
            "whitespace": "    "
          },
          {
            "function": "whenStable",
            "fileUrl": "http://127.0.0.1:8080/__cypress/runner/cypress_runner.js",
            "originalFile": "http://127.0.0.1:8080/__cypress/runner/cypress_runner.js",
            "line": 152458,
            "column": 70,
            "whitespace": "    "
          },
          {
            "function": "<unknown>",
            "fileUrl": "http://127.0.0.1:8080/__cypress/runner/cypress_runner.js",
            "originalFile": "http://127.0.0.1:8080/__cypress/runner/cypress_runner.js",
            "line": 152358,
            "column": 14,
            "whitespace": "    "
          },
          {
            "function": "tryCatcher",
            "fileUrl": "http://127.0.0.1:8080/__cypress/runner/cypress_runner.js",
            "originalFile": "http://127.0.0.1:8080/__cypress/runner/cypress_runner.js",
            "line": 1780,
            "column": 23,
            "whitespace": "    "
          },
          {
            "function": "Promise._settlePromiseFromHandler",
            "fileUrl": "http://127.0.0.1:8080/__cypress/runner/cypress_runner.js",
            "originalFile": "http://127.0.0.1:8080/__cypress/runner/cypress_runner.js",
            "line": 1492,
            "column": 31,
            "whitespace": "    "
          },
          {
            "function": "Promise._settlePromise",
            "fileUrl": "http://127.0.0.1:8080/__cypress/runner/cypress_runner.js",
            "originalFile": "http://127.0.0.1:8080/__cypress/runner/cypress_runner.js",
            "line": 1549,
            "column": 18,
            "whitespace": "    "
          },
          {
            "function": "Promise._settlePromise0",
            "fileUrl": "http://127.0.0.1:8080/__cypress/runner/cypress_runner.js",
            "originalFile": "http://127.0.0.1:8080/__cypress/runner/cypress_runner.js",
            "line": 1594,
            "column": 10,
            "whitespace": "    "
          },
          {
            "function": "Promise._settlePromises",
            "fileUrl": "http://127.0.0.1:8080/__cypress/runner/cypress_runner.js",
            "originalFile": "http://127.0.0.1:8080/__cypress/runner/cypress_runner.js",
            "line": 1674,
            "column": 18,
            "whitespace": "    "
          },
          {
            "function": "Promise._fulfill",
            "fileUrl": "http://127.0.0.1:8080/__cypress/runner/cypress_runner.js",
            "originalFile": "http://127.0.0.1:8080/__cypress/runner/cypress_runner.js",
            "line": 1618,
            "column": 18,
            "whitespace": "    "
          },
          {
            "function": "<unknown>",
            "fileUrl": "http://127.0.0.1:8080/__cypress/runner/cypress_runner.js",
            "originalFile": "http://127.0.0.1:8080/__cypress/runner/cypress_runner.js",
            "line": 5423,
            "column": 46,
            "whitespace": "    "
          }
        ]
      }
    },
    {
      "title": "Send email alert for appointment request status change",
      "fullTitle": "Email Alerts for Account Events Send email alert for appointment request status change",
      "file": null,
      "duration": 5067,
      "currentRetry": 0,
      "err": {
        "message": "Timed out retrying after 5000ms: `cy.wait()` timed out waiting `5000ms` for the 1st request to the route: `changeAppointmentStatus`. No request ever occurred.\n\nhttps://on.cypress.io/wait",
        "name": "CypressError",
        "stack": "CypressError: Timed out retrying after 5000ms: `cy.wait()` timed out waiting `5000ms` for the 1st request to the route: `changeAppointmentStatus`. No request ever occurred.\n\nhttps://on.cypress.io/wait\n    at cypressErr (http://127.0.0.1:8080/__cypress/runner/cypress_runner.js:75946:18)\n    at Object.errByPath (http://127.0.0.1:8080/__cypress/runner/cypress_runner.js:76006:10)\n    at checkForXhr (http://127.0.0.1:8080/__cypress/runner/cypress_runner.js:137347:84)\n    at <unknown> (http://127.0.0.1:8080/__cypress/runner/cypress_runner.js:137372:28)\n    at tryCatcher (http://127.0.0.1:8080/__cypress/runner/cypress_runner.js:1780:23)\n    at Promise.attempt.Promise.try (http://127.0.0.1:8080/__cypress/runner/cypress_runner.js:4288:29)\n    at whenStable (http://127.0.0.1:8080/__cypress/runner/cypress_runner.js:152458:70)\n    at <unknown> (http://127.0.0.1:8080/__cypress/runner/cypress_runner.js:152358:14)\n    at tryCatcher (http://127.0.0.1:8080/__cypress/runner/cypress_runner.js:1780:23)\n    at Promise._settlePromiseFromHandler (http://127.0.0.1:8080/__cypress/runner/cypress_runner.js:1492:31)\n    at Promise._settlePromise (http://127.0.0.1:8080/__cypress/runner/cypress_runner.js:1549:18)\n    at Promise._settlePromise0 (http://127.0.0.1:8080/__cypress/runner/cypress_runner.js:1594:10)\n    at Promise._settlePromises (http://127.0.0.1:8080/__cypress/runner/cypress_runner.js:1674:18)\n    at Promise._fulfill (http://127.0.0.1:8080/__cypress/runner/cypress_runner.js:1618:18)\n    at <unknown> (http://127.0.0.1:8080/__cypress/runner/cypress_runner.js:5423:46)",
        "parsedStack": [
          {
            "message": "CypressError: Timed out retrying after 5000ms: `cy.wait()` timed out waiting `5000ms` for the 1st request to the route: `changeAppointmentStatus`. No request ever occurred.",
            "whitespace": ""
          },
          {
            "function": "cypressErr",
            "fileUrl": "http://127.0.0.1:8080/__cypress/runner/cypress_runner.js",
            "originalFile": "http://127.0.0.1:8080/__cypress/runner/cypress_runner.js",
            "line": 75946,
            "column": 18,
            "whitespace": "    "
          },
          {
            "function": "Object.errByPath",
            "fileUrl": "http://127.0.0.1:8080/__cypress/runner/cypress_runner.js",
            "originalFile": "http://127.0.0.1:8080/__cypress/runner/cypress_runner.js",
            "line": 76006,
            "column": 10,
            "whitespace": "    "
          },
          {
            "function": "checkForXhr",
            "fileUrl": "http://127.0.0.1:8080/__cypress/runner/cypress_runner.js",
            "originalFile": "http://127.0.0.1:8080/__cypress/runner/cypress_runner.js",
            "line": 137347,
            "column": 84,
            "whitespace": "    "
          },
          {
            "function": "<unknown>",
            "fileUrl": "http://127.0.0.1:8080/__cypress/runner/cypress_runner.js",
            "originalFile": "http://127.0.0.1:8080/__cypress/runner/cypress_runner.js",
            "line": 137372,
            "column": 28,
            "whitespace": "    "
          },
          {
            "function": "tryCatcher",
            "fileUrl": "http://127.0.0.1:8080/__cypress/runner/cypress_runner.js",
            "originalFile": "http://127.0.0.1:8080/__cypress/runner/cypress_runner.js",
            "line": 1780,
            "column": 23,
            "whitespace": "    "
          },
          {
            "function": "Promise.attempt.Promise.try",
            "fileUrl": "http://127.0.0.1:8080/__cypress/runner/cypress_runner.js",
            "originalFile": "http://127.0.0.1:8080/__cypress/runner/cypress_runner.js",
            "line": 4288,
            "column": 29,
            "whitespace": "    "
          },
          {
            "function": "whenStable",
            "fileUrl": "http://127.0.0.1:8080/__cypress/runner/cypress_runner.js",
            "originalFile": "http://127.0.0.1:8080/__cypress/runner/cypress_runner.js",
            "line": 152458,
            "column": 70,
            "whitespace": "    "
          },
          {
            "function": "<unknown>",
            "fileUrl": "http://127.0.0.1:8080/__cypress/runner/cypress_runner.js",
            "originalFile": "http://127.0.0.1:8080/__cypress/runner/cypress_runner.js",
            "line": 152358,
            "column": 14,
            "whitespace": "    "
          },
          {
            "function": "tryCatcher",
            "fileUrl": "http://127.0.0.1:8080/__cypress/runner/cypress_runner.js",
            "originalFile": "http://127.0.0.1:8080/__cypress/runner/cypress_runner.js",
            "line": 1780,
            "column": 23,
            "whitespace": "    "
          },
          {
            "function": "Promise._settlePromiseFromHandler",
            "fileUrl": "http://127.0.0.1:8080/__cypress/runner/cypress_runner.js",
            "originalFile": "http://127.0.0.1:8080/__cypress/runner/cypress_runner.js",
            "line": 1492,
            "column": 31,
            "whitespace": "    "
          },
          {
            "function": "Promise._settlePromise",
            "fileUrl": "http://127.0.0.1:8080/__cypress/runner/cypress_runner.js",
            "originalFile": "http://127.0.0.1:8080/__cypress/runner/cypress_runner.js",
            "line": 1549,
            "column": 18,
            "whitespace": "    "
          },
          {
            "function": "Promise._settlePromise0",
            "fileUrl": "http://127.0.0.1:8080/__cypress/runner/cypress_runner.js",
            "originalFile": "http://127.0.0.1:8080/__cypress/runner/cypress_runner.js",
            "line": 1594,
            "column": 10,
            "whitespace": "    "
          },
          {
            "function": "Promise._settlePromises",
            "fileUrl": "http://127.0.0.1:8080/__cypress/runner/cypress_runner.js",
            "originalFile": "http://127.0.0.1:8080/__cypress/runner/cypress_runner.js",
            "line": 1674,
            "column": 18,
            "whitespace": "    "
          },
          {
            "function": "Promise._fulfill",
            "fileUrl": "http://127.0.0.1:8080/__cypress/runner/cypress_runner.js",
            "originalFile": "http://127.0.0.1:8080/__cypress/runner/cypress_runner.js",
            "line": 1618,
            "column": 18,
            "whitespace": "    "
          },
          {
            "function": "<unknown>",
            "fileUrl": "http://127.0.0.1:8080/__cypress/runner/cypress_runner.js",
            "originalFile": "http://127.0.0.1:8080/__cypress/runner/cypress_runner.js",
            "line": 5423,
            "column": 46,
            "whitespace": "    "
          }
        ]
      }
    },
    {
      "title": "Send email alert for account lockout due to failed logins",
      "fullTitle": "Email Alerts for Account Events Send email alert for account lockout due to failed logins",
      "file": null,
      "duration": 5048,
      "currentRetry": 0,
      "err": {
        "message": "Timed out retrying after 5000ms: `cy.wait()` timed out waiting `5000ms` for the 1st request to the route: `lockoutAccount`. No request ever occurred.\n\nhttps://on.cypress.io/wait",
        "name": "CypressError",
        "stack": "CypressError: Timed out retrying after 5000ms: `cy.wait()` timed out waiting `5000ms` for the 1st request to the route: `lockoutAccount`. No request ever occurred.\n\nhttps://on.cypress.io/wait\n    at cypressErr (http://127.0.0.1:8080/__cypress/runner/cypress_runner.js:75946:18)\n    at Object.errByPath (http://127.0.0.1:8080/__cypress/runner/cypress_runner.js:76006:10)\n    at checkForXhr (http://127.0.0.1:8080/__cypress/runner/cypress_runner.js:137347:84)\n    at <unknown> (http://127.0.0.1:8080/__cypress/runner/cypress_runner.js:137372:28)\n    at tryCatcher (http://127.0.0.1:8080/__cypress/runner/cypress_runner.js:1780:23)\n    at Promise.attempt.Promise.try (http://127.0.0.1:8080/__cypress/runner/cypress_runner.js:4288:29)\n    at whenStable (http://127.0.0.1:8080/__cypress/runner/cypress_runner.js:152458:70)\n    at <unknown> (http://127.0.0.1:8080/__cypress/runner/cypress_runner.js:152358:14)\n    at tryCatcher (http://127.0.0.1:8080/__cypress/runner/cypress_runner.js:1780:23)\n    at Promise._settlePromiseFromHandler (http://127.0.0.1:8080/__cypress/runner/cypress_runner.js:1492:31)\n    at Promise._settlePromise (http://127.0.0.1:8080/__cypress/runner/cypress_runner.js:1549:18)\n    at Promise._settlePromise0 (http://127.0.0.1:8080/__cypress/runner/cypress_runner.js:1594:10)\n    at Promise._settlePromises (http://127.0.0.1:8080/__cypress/runner/cypress_runner.js:1674:18)\n    at Promise._fulfill (http://127.0.0.1:8080/__cypress/runner/cypress_runner.js:1618:18)\n    at <unknown> (http://127.0.0.1:8080/__cypress/runner/cypress_runner.js:5423:46)",
        "parsedStack": [
          {
            "message": "CypressError: Timed out retrying after 5000ms: `cy.wait()` timed out waiting `5000ms` for the 1st request to the route: `lockoutAccount`. No request ever occurred.",
            "whitespace": ""
          },
          {
            "function": "cypressErr",
            "fileUrl": "http://127.0.0.1:8080/__cypress/runner/cypress_runner.js",
            "originalFile": "http://127.0.0.1:8080/__cypress/runner/cypress_runner.js",
            "line": 75946,
            "column": 18,
            "whitespace": "    "
          },
          {
            "function": "Object.errByPath",
            "fileUrl": "http://127.0.0.1:8080/__cypress/runner/cypress_runner.js",
            "originalFile": "http://127.0.0.1:8080/__cypress/runner/cypress_runner.js",
            "line": 76006,
            "column": 10,
            "whitespace": "    "
          },
          {
            "function": "checkForXhr",
            "fileUrl": "http://127.0.0.1:8080/__cypress/runner/cypress_runner.js",
            "originalFile": "http://127.0.0.1:8080/__cypress/runner/cypress_runner.js",
            "line": 137347,
            "column": 84,
            "whitespace": "    "
          },
          {
            "function": "<unknown>",
            "fileUrl": "http://127.0.0.1:8080/__cypress/runner/cypress_runner.js",
            "originalFile": "http://127.0.0.1:8080/__cypress/runner/cypress_runner.js",
            "line": 137372,
            "column": 28,
            "whitespace": "    "
          },
          {
            "function": "tryCatcher",
            "fileUrl": "http://127.0.0.1:8080/__cypress/runner/cypress_runner.js",
            "originalFile": "http://127.0.0.1:8080/__cypress/runner/cypress_runner.js",
            "line": 1780,
            "column": 23,
            "whitespace": "    "
          },
          {
            "function": "Promise.attempt.Promise.try",
            "fileUrl": "http://127.0.0.1:8080/__cypress/runner/cypress_runner.js",
            "originalFile": "http://127.0.0.1:8080/__cypress/runner/cypress_runner.js",
            "line": 4288,
            "column": 29,
            "whitespace": "    "
          },
          {
            "function": "whenStable",
            "fileUrl": "http://127.0.0.1:8080/__cypress/runner/cypress_runner.js",
            "originalFile": "http://127.0.0.1:8080/__cypress/runner/cypress_runner.js",
            "line": 152458,
            "column": 70,
            "whitespace": "    "
          },
          {
            "function": "<unknown>",
            "fileUrl": "http://127.0.0.1:8080/__cypress/runner/cypress_runner.js",
            "originalFile": "http://127.0.0.1:8080/__cypress/runner/cypress_runner.js",
            "line": 152358,
            "column": 14,
            "whitespace": "    "
          },
          {
            "function": "tryCatcher",
            "fileUrl": "http://127.0.0.1:8080/__cypress/runner/cypress_runner.js",
            "originalFile": "http://127.0.0.1:8080/__cypress/runner/cypress_runner.js",
            "line": 1780,
            "column": 23,
            "whitespace": "    "
          },
          {
            "function": "Promise._settlePromiseFromHandler",
            "fileUrl": "http://127.0.0.1:8080/__cypress/runner/cypress_runner.js",
            "originalFile": "http://127.0.0.1:8080/__cypress/runner/cypress_runner.js",
            "line": 1492,
            "column": 31,
            "whitespace": "    "
          },
          {
            "function": "Promise._settlePromise",
            "fileUrl": "http://127.0.0.1:8080/__cypress/runner/cypress_runner.js",
            "originalFile": "http://127.0.0.1:8080/__cypress/runner/cypress_runner.js",
            "line": 1549,
            "column": 18,
            "whitespace": "    "
          },
          {
            "function": "Promise._settlePromise0",
            "fileUrl": "http://127.0.0.1:8080/__cypress/runner/cypress_runner.js",
            "originalFile": "http://127.0.0.1:8080/__cypress/runner/cypress_runner.js",
            "line": 1594,
            "column": 10,
            "whitespace": "    "
          },
          {
            "function": "Promise._settlePromises",
            "fileUrl": "http://127.0.0.1:8080/__cypress/runner/cypress_runner.js",
            "originalFile": "http://127.0.0.1:8080/__cypress/runner/cypress_runner.js",
            "line": 1674,
            "column": 18,
            "whitespace": "    "
          },
          {
            "function": "Promise._fulfill",
            "fileUrl": "http://127.0.0.1:8080/__cypress/runner/cypress_runner.js",
            "originalFile": "http://127.0.0.1:8080/__cypress/runner/cypress_runner.js",
            "line": 1618,
            "column": 18,
            "whitespace": "    "
          },
          {
            "function": "<unknown>",
            "fileUrl": "http://127.0.0.1:8080/__cypress/runner/cypress_runner.js",
            "originalFile": "http://127.0.0.1:8080/__cypress/runner/cypress_runner.js",
            "line": 5423,
            "column": 46,
            "whitespace": "    "
          }
        ]
      }
    },
    {
      "title": "Track all email alerts in the iTrust2 application",
      "fullTitle": "Email Alerts for Account Events Track all email alerts in the iTrust2 application",
      "file": null,
      "duration": 8090,
      "currentRetry": 0,
      "err": {
        "message": "Timed out retrying after 8000ms: Expected to find element: `tr[name=\"emailTableRow\"]`, but never found it.",
        "type": "existence",
        "name": "AssertionError",
        "stack": "AssertionError: Timed out retrying after 8000ms: Expected to find element: `tr[name=\"emailTableRow\"]`, but never found it.\n    at Context.eval (webpack://itrust2-acceptance-tests/./outputs/autouat/UC14/email-alerts.spec.ts:75:7)",
        "parsedStack": [
          {
            "message": "AssertionError: Timed out retrying after 8000ms: Expected to find element: `tr[name=\"emailTableRow\"]`, but never found it.",
            "whitespace": ""
          },
          {
            "function": "Context.eval",
            "fileUrl": "http://127.0.0.1:8080/__cypress/tests?p=outputs\\autouat\\UC14\\email-alerts.spec.ts",
            "originalFile": "webpack://itrust2-acceptance-tests/./outputs/autouat/UC14/email-alerts.spec.ts",
            "relativeFile": "outputs/autouat/UC14/email-alerts.spec.ts",
            "absoluteFile": "D:\\APCS\\Acceptance/outputs/autouat/UC14/email-alerts.spec.ts",
            "line": 75,
            "column": 7,
            "whitespace": "    "
          }
        ],
        "codeFrame": {
          "line": 75,
          "column": 8,
          "originalFile": "outputs/autouat/UC14/email-alerts.spec.ts",
          "relativeFile": "outputs/autouat/UC14/email-alerts.spec.ts",
          "absoluteFile": "D:\\APCS\\Acceptance/outputs/autouat/UC14/email-alerts.spec.ts",
          "frame": "  73 |\n  74 |     // Ensure that the log includes the type of event, timestamp, and user's MID\n> 75 |     cy.get('tr[name=\"emailTableRow\"]').each(($row) => {\n     |        ^\n  76 |       cy.wrap($row).within(() => {\n  77 |         cy.get('td[name=\"subjectCell\"]').should('not.be.empty'); // Ensure subject is present\n  78 |         cy.get('td[name=\"messageCell\"]').should('not.be.empty'); // Ensure message is present",
          "language": "ts"
        }
      }
    }
  ],
  "pending": [],
  "failures": [
    {
      "title": "Send email alert for password change",
      "fullTitle": "Email Alerts for Account Events Send email alert for password change",
      "file": null,
      "currentRetry": 0,
      "err": {
        "message": "Timed out retrying after 5000ms: `cy.wait()` timed out waiting `5000ms` for the 1st request to the route: `changePassword`. No request ever occurred.\n\nhttps://on.cypress.io/wait",
        "name": "CypressError",
        "stack": "CypressError: Timed out retrying after 5000ms: `cy.wait()` timed out waiting `5000ms` for the 1st request to the route: `changePassword`. No request ever occurred.\n\nhttps://on.cypress.io/wait\n    at cypressErr (http://127.0.0.1:8080/__cypress/runner/cypress_runner.js:75946:18)\n    at Object.errByPath (http://127.0.0.1:8080/__cypress/runner/cypress_runner.js:76006:10)\n    at checkForXhr (http://127.0.0.1:8080/__cypress/runner/cypress_runner.js:137347:84)\n    at <unknown> (http://127.0.0.1:8080/__cypress/runner/cypress_runner.js:137372:28)\n    at tryCatcher (http://127.0.0.1:8080/__cypress/runner/cypress_runner.js:1780:23)\n    at Promise.attempt.Promise.try (http://127.0.0.1:8080/__cypress/runner/cypress_runner.js:4288:29)\n    at whenStable (http://127.0.0.1:8080/__cypress/runner/cypress_runner.js:152458:70)\n    at <unknown> (http://127.0.0.1:8080/__cypress/runner/cypress_runner.js:152358:14)\n    at tryCatcher (http://127.0.0.1:8080/__cypress/runner/cypress_runner.js:1780:23)\n    at Promise._settlePromiseFromHandler (http://127.0.0.1:8080/__cypress/runner/cypress_runner.js:1492:31)\n    at Promise._settlePromise (http://127.0.0.1:8080/__cypress/runner/cypress_runner.js:1549:18)\n    at Promise._settlePromise0 (http://127.0.0.1:8080/__cypress/runner/cypress_runner.js:1594:10)\n    at Promise._settlePromises (http://127.0.0.1:8080/__cypress/runner/cypress_runner.js:1674:18)\n    at Promise._fulfill (http://127.0.0.1:8080/__cypress/runner/cypress_runner.js:1618:18)\n    at <unknown> (http://127.0.0.1:8080/__cypress/runner/cypress_runner.js:5423:46)",
        "parsedStack": [
          {
            "message": "CypressError: Timed out retrying after 5000ms: `cy.wait()` timed out waiting `5000ms` for the 1st request to the route: `changePassword`. No request ever occurred.",
            "whitespace": ""
          },
          {
            "function": "cypressErr",
            "fileUrl": "http://127.0.0.1:8080/__cypress/runner/cypress_runner.js",
            "originalFile": "http://127.0.0.1:8080/__cypress/runner/cypress_runner.js",
            "line": 75946,
            "column": 18,
            "whitespace": "    "
          },
          {
            "function": "Object.errByPath",
            "fileUrl": "http://127.0.0.1:8080/__cypress/runner/cypress_runner.js",
            "originalFile": "http://127.0.0.1:8080/__cypress/runner/cypress_runner.js",
            "line": 76006,
            "column": 10,
            "whitespace": "    "
          },
          {
            "function": "checkForXhr",
            "fileUrl": "http://127.0.0.1:8080/__cypress/runner/cypress_runner.js",
            "originalFile": "http://127.0.0.1:8080/__cypress/runner/cypress_runner.js",
            "line": 137347,
            "column": 84,
            "whitespace": "    "
          },
          {
            "function": "<unknown>",
            "fileUrl": "http://127.0.0.1:8080/__cypress/runner/cypress_runner.js",
            "originalFile": "http://127.0.0.1:8080/__cypress/runner/cypress_runner.js",
            "line": 137372,
            "column": 28,
            "whitespace": "    "
          },
          {
            "function": "tryCatcher",
            "fileUrl": "http://127.0.0.1:8080/__cypress/runner/cypress_runner.js",
            "originalFile": "http://127.0.0.1:8080/__cypress/runner/cypress_runner.js",
            "line": 1780,
            "column": 23,
            "whitespace": "    "
          },
          {
            "function": "Promise.attempt.Promise.try",
            "fileUrl": "http://127.0.0.1:8080/__cypress/runner/cypress_runner.js",
            "originalFile": "http://127.0.0.1:8080/__cypress/runner/cypress_runner.js",
            "line": 4288,
            "column": 29,
            "whitespace": "    "
          },
          {
            "function": "whenStable",
            "fileUrl": "http://127.0.0.1:8080/__cypress/runner/cypress_runner.js",
            "originalFile": "http://127.0.0.1:8080/__cypress/runner/cypress_runner.js",
            "line": 152458,
            "column": 70,
            "whitespace": "    "
          },
          {
            "function": "<unknown>",
            "fileUrl": "http://127.0.0.1:8080/__cypress/runner/cypress_runner.js",
            "originalFile": "http://127.0.0.1:8080/__cypress/runner/cypress_runner.js",
            "line": 152358,
            "column": 14,
            "whitespace": "    "
          },
          {
            "function": "tryCatcher",
            "fileUrl": "http://127.0.0.1:8080/__cypress/runner/cypress_runner.js",
            "originalFile": "http://127.0.0.1:8080/__cypress/runner/cypress_runner.js",
            "line": 1780,
            "column": 23,
            "whitespace": "    "
          },
          {
            "function": "Promise._settlePromiseFromHandler",
            "fileUrl": "http://127.0.0.1:8080/__cypress/runner/cypress_runner.js",
            "originalFile": "http://127.0.0.1:8080/__cypress/runner/cypress_runner.js",
            "line": 1492,
            "column": 31,
            "whitespace": "    "
          },
          {
            "function": "Promise._settlePromise",
            "fileUrl": "http://127.0.0.1:8080/__cypress/runner/cypress_runner.js",
            "originalFile": "http://127.0.0.1:8080/__cypress/runner/cypress_runner.js",
            "line": 1549,
            "column": 18,
            "whitespace": "    "
          },
          {
            "function": "Promise._settlePromise0",
            "fileUrl": "http://127.0.0.1:8080/__cypress/runner/cypress_runner.js",
            "originalFile": "http://127.0.0.1:8080/__cypress/runner/cypress_runner.js",
            "line": 1594,
            "column": 10,
            "whitespace": "    "
          },
          {
            "function": "Promise._settlePromises",
            "fileUrl": "http://127.0.0.1:8080/__cypress/runner/cypress_runner.js",
            "originalFile": "http://127.0.0.1:8080/__cypress/runner/cypress_runner.js",
            "line": 1674,
            "column": 18,
            "whitespace": "    "
          },
          {
            "function": "Promise._fulfill",
            "fileUrl": "http://127.0.0.1:8080/__cypress/runner/cypress_runner.js",
            "originalFile": "http://127.0.0.1:8080/__cypress/runner/cypress_runner.js",
            "line": 1618,
            "column": 18,
            "whitespace": "    "
          },
          {
            "function": "<unknown>",
            "fileUrl": "http://127.0.0.1:8080/__cypress/runner/cypress_runner.js",
            "originalFile": "http://127.0.0.1:8080/__cypress/runner/cypress_runner.js",
            "line": 5423,
            "column": 46,
            "whitespace": "    "
          }
        ]
      }
    },
    {
      "title": "Send email alert for password reset",
      "fullTitle": "Email Alerts for Account Events Send email alert for password reset",
      "file": null,
      "currentRetry": 0,
      "err": {
        "message": "Timed out retrying after 5000ms: `cy.wait()` timed out waiting `5000ms` for the 1st request to the route: `resetPassword`. No request ever occurred.\n\nhttps://on.cypress.io/wait",
        "name": "CypressError",
        "stack": "CypressError: Timed out retrying after 5000ms: `cy.wait()` timed out waiting `5000ms` for the 1st request to the route: `resetPassword`. No request ever occurred.\n\nhttps://on.cypress.io/wait\n    at cypressErr (http://127.0.0.1:8080/__cypress/runner/cypress_runner.js:75946:18)\n    at Object.errByPath (http://127.0.0.1:8080/__cypress/runner/cypress_runner.js:76006:10)\n    at checkForXhr (http://127.0.0.1:8080/__cypress/runner/cypress_runner.js:137347:84)\n    at <unknown> (http://127.0.0.1:8080/__cypress/runner/cypress_runner.js:137372:28)\n    at tryCatcher (http://127.0.0.1:8080/__cypress/runner/cypress_runner.js:1780:23)\n    at Promise.attempt.Promise.try (http://127.0.0.1:8080/__cypress/runner/cypress_runner.js:4288:29)\n    at whenStable (http://127.0.0.1:8080/__cypress/runner/cypress_runner.js:152458:70)\n    at <unknown> (http://127.0.0.1:8080/__cypress/runner/cypress_runner.js:152358:14)\n    at tryCatcher (http://127.0.0.1:8080/__cypress/runner/cypress_runner.js:1780:23)\n    at Promise._settlePromiseFromHandler (http://127.0.0.1:8080/__cypress/runner/cypress_runner.js:1492:31)\n    at Promise._settlePromise (http://127.0.0.1:8080/__cypress/runner/cypress_runner.js:1549:18)\n    at Promise._settlePromise0 (http://127.0.0.1:8080/__cypress/runner/cypress_runner.js:1594:10)\n    at Promise._settlePromises (http://127.0.0.1:8080/__cypress/runner/cypress_runner.js:1674:18)\n    at Promise._fulfill (http://127.0.0.1:8080/__cypress/runner/cypress_runner.js:1618:18)\n    at <unknown> (http://127.0.0.1:8080/__cypress/runner/cypress_runner.js:5423:46)",
        "parsedStack": [
          {
            "message": "CypressError: Timed out retrying after 5000ms: `cy.wait()` timed out waiting `5000ms` for the 1st request to the route: `resetPassword`. No request ever occurred.",
            "whitespace": ""
          },
          {
            "function": "cypressErr",
            "fileUrl": "http://127.0.0.1:8080/__cypress/runner/cypress_runner.js",
            "originalFile": "http://127.0.0.1:8080/__cypress/runner/cypress_runner.js",
            "line": 75946,
            "column": 18,
            "whitespace": "    "
          },
          {
            "function": "Object.errByPath",
            "fileUrl": "http://127.0.0.1:8080/__cypress/runner/cypress_runner.js",
            "originalFile": "http://127.0.0.1:8080/__cypress/runner/cypress_runner.js",
            "line": 76006,
            "column": 10,
            "whitespace": "    "
          },
          {
            "function": "checkForXhr",
            "fileUrl": "http://127.0.0.1:8080/__cypress/runner/cypress_runner.js",
            "originalFile": "http://127.0.0.1:8080/__cypress/runner/cypress_runner.js",
            "line": 137347,
            "column": 84,
            "whitespace": "    "
          },
          {
            "function": "<unknown>",
            "fileUrl": "http://127.0.0.1:8080/__cypress/runner/cypress_runner.js",
            "originalFile": "http://127.0.0.1:8080/__cypress/runner/cypress_runner.js",
            "line": 137372,
            "column": 28,
            "whitespace": "    "
          },
          {
            "function": "tryCatcher",
            "fileUrl": "http://127.0.0.1:8080/__cypress/runner/cypress_runner.js",
            "originalFile": "http://127.0.0.1:8080/__cypress/runner/cypress_runner.js",
            "line": 1780,
            "column": 23,
            "whitespace": "    "
          },
          {
            "function": "Promise.attempt.Promise.try",
            "fileUrl": "http://127.0.0.1:8080/__cypress/runner/cypress_runner.js",
            "originalFile": "http://127.0.0.1:8080/__cypress/runner/cypress_runner.js",
            "line": 4288,
            "column": 29,
            "whitespace": "    "
          },
          {
            "function": "whenStable",
            "fileUrl": "http://127.0.0.1:8080/__cypress/runner/cypress_runner.js",
            "originalFile": "http://127.0.0.1:8080/__cypress/runner/cypress_runner.js",
            "line": 152458,
            "column": 70,
            "whitespace": "    "
          },
          {
            "function": "<unknown>",
            "fileUrl": "http://127.0.0.1:8080/__cypress/runner/cypress_runner.js",
            "originalFile": "http://127.0.0.1:8080/__cypress/runner/cypress_runner.js",
            "line": 152358,
            "column": 14,
            "whitespace": "    "
          },
          {
            "function": "tryCatcher",
            "fileUrl": "http://127.0.0.1:8080/__cypress/runner/cypress_runner.js",
            "originalFile": "http://127.0.0.1:8080/__cypress/runner/cypress_runner.js",
            "line": 1780,
            "column": 23,
            "whitespace": "    "
          },
          {
            "function": "Promise._settlePromiseFromHandler",
            "fileUrl": "http://127.0.0.1:8080/__cypress/runner/cypress_runner.js",
            "originalFile": "http://127.0.0.1:8080/__cypress/runner/cypress_runner.js",
            "line": 1492,
            "column": 31,
            "whitespace": "    "
          },
          {
            "function": "Promise._settlePromise",
            "fileUrl": "http://127.0.0.1:8080/__cypress/runner/cypress_runner.js",
            "originalFile": "http://127.0.0.1:8080/__cypress/runner/cypress_runner.js",
            "line": 1549,
            "column": 18,
            "whitespace": "    "
          },
          {
            "function": "Promise._settlePromise0",
            "fileUrl": "http://127.0.0.1:8080/__cypress/runner/cypress_runner.js",
            "originalFile": "http://127.0.0.1:8080/__cypress/runner/cypress_runner.js",
            "line": 1594,
            "column": 10,
            "whitespace": "    "
          },
          {
            "function": "Promise._settlePromises",
            "fileUrl": "http://127.0.0.1:8080/__cypress/runner/cypress_runner.js",
            "originalFile": "http://127.0.0.1:8080/__cypress/runner/cypress_runner.js",
            "line": 1674,
            "column": 18,
            "whitespace": "    "
          },
          {
            "function": "Promise._fulfill",
            "fileUrl": "http://127.0.0.1:8080/__cypress/runner/cypress_runner.js",
            "originalFile": "http://127.0.0.1:8080/__cypress/runner/cypress_runner.js",
            "line": 1618,
            "column": 18,
            "whitespace": "    "
          },
          {
            "function": "<unknown>",
            "fileUrl": "http://127.0.0.1:8080/__cypress/runner/cypress_runner.js",
            "originalFile": "http://127.0.0.1:8080/__cypress/runner/cypress_runner.js",
            "line": 5423,
            "column": 46,
            "whitespace": "    "
          }
        ]
      }
    },
    {
      "title": "Send email alert for appointment request status change",
      "fullTitle": "Email Alerts for Account Events Send email alert for appointment request status change",
      "file": null,
      "currentRetry": 0,
      "err": {
        "message": "Timed out retrying after 5000ms: `cy.wait()` timed out waiting `5000ms` for the 1st request to the route: `changeAppointmentStatus`. No request ever occurred.\n\nhttps://on.cypress.io/wait",
        "name": "CypressError",
        "stack": "CypressError: Timed out retrying after 5000ms: `cy.wait()` timed out waiting `5000ms` for the 1st request to the route: `changeAppointmentStatus`. No request ever occurred.\n\nhttps://on.cypress.io/wait\n    at cypressErr (http://127.0.0.1:8080/__cypress/runner/cypress_runner.js:75946:18)\n    at Object.errByPath (http://127.0.0.1:8080/__cypress/runner/cypress_runner.js:76006:10)\n    at checkForXhr (http://127.0.0.1:8080/__cypress/runner/cypress_runner.js:137347:84)\n    at <unknown> (http://127.0.0.1:8080/__cypress/runner/cypress_runner.js:137372:28)\n    at tryCatcher (http://127.0.0.1:8080/__cypress/runner/cypress_runner.js:1780:23)\n    at Promise.attempt.Promise.try (http://127.0.0.1:8080/__cypress/runner/cypress_runner.js:4288:29)\n    at whenStable (http://127.0.0.1:8080/__cypress/runner/cypress_runner.js:152458:70)\n    at <unknown> (http://127.0.0.1:8080/__cypress/runner/cypress_runner.js:152358:14)\n    at tryCatcher (http://127.0.0.1:8080/__cypress/runner/cypress_runner.js:1780:23)\n    at Promise._settlePromiseFromHandler (http://127.0.0.1:8080/__cypress/runner/cypress_runner.js:1492:31)\n    at Promise._settlePromise (http://127.0.0.1:8080/__cypress/runner/cypress_runner.js:1549:18)\n    at Promise._settlePromise0 (http://127.0.0.1:8080/__cypress/runner/cypress_runner.js:1594:10)\n    at Promise._settlePromises (http://127.0.0.1:8080/__cypress/runner/cypress_runner.js:1674:18)\n    at Promise._fulfill (http://127.0.0.1:8080/__cypress/runner/cypress_runner.js:1618:18)\n    at <unknown> (http://127.0.0.1:8080/__cypress/runner/cypress_runner.js:5423:46)",
        "parsedStack": [
          {
            "message": "CypressError: Timed out retrying after 5000ms: `cy.wait()` timed out waiting `5000ms` for the 1st request to the route: `changeAppointmentStatus`. No request ever occurred.",
            "whitespace": ""
          },
          {
            "function": "cypressErr",
            "fileUrl": "http://127.0.0.1:8080/__cypress/runner/cypress_runner.js",
            "originalFile": "http://127.0.0.1:8080/__cypress/runner/cypress_runner.js",
            "line": 75946,
            "column": 18,
            "whitespace": "    "
          },
          {
            "function": "Object.errByPath",
            "fileUrl": "http://127.0.0.1:8080/__cypress/runner/cypress_runner.js",
            "originalFile": "http://127.0.0.1:8080/__cypress/runner/cypress_runner.js",
            "line": 76006,
            "column": 10,
            "whitespace": "    "
          },
          {
            "function": "checkForXhr",
            "fileUrl": "http://127.0.0.1:8080/__cypress/runner/cypress_runner.js",
            "originalFile": "http://127.0.0.1:8080/__cypress/runner/cypress_runner.js",
            "line": 137347,
            "column": 84,
            "whitespace": "    "
          },
          {
            "function": "<unknown>",
            "fileUrl": "http://127.0.0.1:8080/__cypress/runner/cypress_runner.js",
            "originalFile": "http://127.0.0.1:8080/__cypress/runner/cypress_runner.js",
            "line": 137372,
            "column": 28,
            "whitespace": "    "
          },
          {
            "function": "tryCatcher",
            "fileUrl": "http://127.0.0.1:8080/__cypress/runner/cypress_runner.js",
            "originalFile": "http://127.0.0.1:8080/__cypress/runner/cypress_runner.js",
            "line": 1780,
            "column": 23,
            "whitespace": "    "
          },
          {
            "function": "Promise.attempt.Promise.try",
            "fileUrl": "http://127.0.0.1:8080/__cypress/runner/cypress_runner.js",
            "originalFile": "http://127.0.0.1:8080/__cypress/runner/cypress_runner.js",
            "line": 4288,
            "column": 29,
            "whitespace": "    "
          },
          {
            "function": "whenStable",
            "fileUrl": "http://127.0.0.1:8080/__cypress/runner/cypress_runner.js",
            "originalFile": "http://127.0.0.1:8080/__cypress/runner/cypress_runner.js",
            "line": 152458,
            "column": 70,
            "whitespace": "    "
          },
          {
            "function": "<unknown>",
            "fileUrl": "http://127.0.0.1:8080/__cypress/runner/cypress_runner.js",
            "originalFile": "http://127.0.0.1:8080/__cypress/runner/cypress_runner.js",
            "line": 152358,
            "column": 14,
            "whitespace": "    "
          },
          {
            "function": "tryCatcher",
            "fileUrl": "http://127.0.0.1:8080/__cypress/runner/cypress_runner.js",
            "originalFile": "http://127.0.0.1:8080/__cypress/runner/cypress_runner.js",
            "line": 1780,
            "column": 23,
            "whitespace": "    "
          },
          {
            "function": "Promise._settlePromiseFromHandler",
            "fileUrl": "http://127.0.0.1:8080/__cypress/runner/cypress_runner.js",
            "originalFile": "http://127.0.0.1:8080/__cypress/runner/cypress_runner.js",
            "line": 1492,
            "column": 31,
            "whitespace": "    "
          },
          {
            "function": "Promise._settlePromise",
            "fileUrl": "http://127.0.0.1:8080/__cypress/runner/cypress_runner.js",
            "originalFile": "http://127.0.0.1:8080/__cypress/runner/cypress_runner.js",
            "line": 1549,
            "column": 18,
            "whitespace": "    "
          },
          {
            "function": "Promise._settlePromise0",
            "fileUrl": "http://127.0.0.1:8080/__cypress/runner/cypress_runner.js",
            "originalFile": "http://127.0.0.1:8080/__cypress/runner/cypress_runner.js",
            "line": 1594,
            "column": 10,
            "whitespace": "    "
          },
          {
            "function": "Promise._settlePromises",
            "fileUrl": "http://127.0.0.1:8080/__cypress/runner/cypress_runner.js",
            "originalFile": "http://127.0.0.1:8080/__cypress/runner/cypress_runner.js",
            "line": 1674,
            "column": 18,
            "whitespace": "    "
          },
          {
            "function": "Promise._fulfill",
            "fileUrl": "http://127.0.0.1:8080/__cypress/runner/cypress_runner.js",
            "originalFile": "http://127.0.0.1:8080/__cypress/runner/cypress_runner.js",
            "line": 1618,
            "column": 18,
            "whitespace": "    "
          },
          {
            "function": "<unknown>",
            "fileUrl": "http://127.0.0.1:8080/__cypress/runner/cypress_runner.js",
            "originalFile": "http://127.0.0.1:8080/__cypress/runner/cypress_runner.js",
            "line": 5423,
            "column": 46,
            "whitespace": "    "
          }
        ]
      }
    },
    {
      "title": "Send email alert for account lockout due to failed logins",
      "fullTitle": "Email Alerts for Account Events Send email alert for account lockout due to failed logins",
      "file": null,
      "currentRetry": 0,
      "err": {
        "message": "Timed out retrying after 5000ms: `cy.wait()` timed out waiting `5000ms` for the 1st request to the route: `lockoutAccount`. No request ever occurred.\n\nhttps://on.cypress.io/wait",
        "name": "CypressError",
        "stack": "CypressError: Timed out retrying after 5000ms: `cy.wait()` timed out waiting `5000ms` for the 1st request to the route: `lockoutAccount`. No request ever occurred.\n\nhttps://on.cypress.io/wait\n    at cypressErr (http://127.0.0.1:8080/__cypress/runner/cypress_runner.js:75946:18)\n    at Object.errByPath (http://127.0.0.1:8080/__cypress/runner/cypress_runner.js:76006:10)\n    at checkForXhr (http://127.0.0.1:8080/__cypress/runner/cypress_runner.js:137347:84)\n    at <unknown> (http://127.0.0.1:8080/__cypress/runner/cypress_runner.js:137372:28)\n    at tryCatcher (http://127.0.0.1:8080/__cypress/runner/cypress_runner.js:1780:23)\n    at Promise.attempt.Promise.try (http://127.0.0.1:8080/__cypress/runner/cypress_runner.js:4288:29)\n    at whenStable (http://127.0.0.1:8080/__cypress/runner/cypress_runner.js:152458:70)\n    at <unknown> (http://127.0.0.1:8080/__cypress/runner/cypress_runner.js:152358:14)\n    at tryCatcher (http://127.0.0.1:8080/__cypress/runner/cypress_runner.js:1780:23)\n    at Promise._settlePromiseFromHandler (http://127.0.0.1:8080/__cypress/runner/cypress_runner.js:1492:31)\n    at Promise._settlePromise (http://127.0.0.1:8080/__cypress/runner/cypress_runner.js:1549:18)\n    at Promise._settlePromise0 (http://127.0.0.1:8080/__cypress/runner/cypress_runner.js:1594:10)\n    at Promise._settlePromises (http://127.0.0.1:8080/__cypress/runner/cypress_runner.js:1674:18)\n    at Promise._fulfill (http://127.0.0.1:8080/__cypress/runner/cypress_runner.js:1618:18)\n    at <unknown> (http://127.0.0.1:8080/__cypress/runner/cypress_runner.js:5423:46)",
        "parsedStack": [
          {
            "message": "CypressError: Timed out retrying after 5000ms: `cy.wait()` timed out waiting `5000ms` for the 1st request to the route: `lockoutAccount`. No request ever occurred.",
            "whitespace": ""
          },
          {
            "function": "cypressErr",
            "fileUrl": "http://127.0.0.1:8080/__cypress/runner/cypress_runner.js",
            "originalFile": "http://127.0.0.1:8080/__cypress/runner/cypress_runner.js",
            "line": 75946,
            "column": 18,
            "whitespace": "    "
          },
          {
            "function": "Object.errByPath",
            "fileUrl": "http://127.0.0.1:8080/__cypress/runner/cypress_runner.js",
            "originalFile": "http://127.0.0.1:8080/__cypress/runner/cypress_runner.js",
            "line": 76006,
            "column": 10,
            "whitespace": "    "
          },
          {
            "function": "checkForXhr",
            "fileUrl": "http://127.0.0.1:8080/__cypress/runner/cypress_runner.js",
            "originalFile": "http://127.0.0.1:8080/__cypress/runner/cypress_runner.js",
            "line": 137347,
            "column": 84,
            "whitespace": "    "
          },
          {
            "function": "<unknown>",
            "fileUrl": "http://127.0.0.1:8080/__cypress/runner/cypress_runner.js",
            "originalFile": "http://127.0.0.1:8080/__cypress/runner/cypress_runner.js",
            "line": 137372,
            "column": 28,
            "whitespace": "    "
          },
          {
            "function": "tryCatcher",
            "fileUrl": "http://127.0.0.1:8080/__cypress/runner/cypress_runner.js",
            "originalFile": "http://127.0.0.1:8080/__cypress/runner/cypress_runner.js",
            "line": 1780,
            "column": 23,
            "whitespace": "    "
          },
          {
            "function": "Promise.attempt.Promise.try",
            "fileUrl": "http://127.0.0.1:8080/__cypress/runner/cypress_runner.js",
            "originalFile": "http://127.0.0.1:8080/__cypress/runner/cypress_runner.js",
            "line": 4288,
            "column": 29,
            "whitespace": "    "
          },
          {
            "function": "whenStable",
            "fileUrl": "http://127.0.0.1:8080/__cypress/runner/cypress_runner.js",
            "originalFile": "http://127.0.0.1:8080/__cypress/runner/cypress_runner.js",
            "line": 152458,
            "column": 70,
            "whitespace": "    "
          },
          {
            "function": "<unknown>",
            "fileUrl": "http://127.0.0.1:8080/__cypress/runner/cypress_runner.js",
            "originalFile": "http://127.0.0.1:8080/__cypress/runner/cypress_runner.js",
            "line": 152358,
            "column": 14,
            "whitespace": "    "
          },
          {
            "function": "tryCatcher",
            "fileUrl": "http://127.0.0.1:8080/__cypress/runner/cypress_runner.js",
            "originalFile": "http://127.0.0.1:8080/__cypress/runner/cypress_runner.js",
            "line": 1780,
            "column": 23,
            "whitespace": "    "
          },
          {
            "function": "Promise._settlePromiseFromHandler",
            "fileUrl": "http://127.0.0.1:8080/__cypress/runner/cypress_runner.js",
            "originalFile": "http://127.0.0.1:8080/__cypress/runner/cypress_runner.js",
            "line": 1492,
            "column": 31,
            "whitespace": "    "
          },
          {
            "function": "Promise._settlePromise",
            "fileUrl": "http://127.0.0.1:8080/__cypress/runner/cypress_runner.js",
            "originalFile": "http://127.0.0.1:8080/__cypress/runner/cypress_runner.js",
            "line": 1549,
            "column": 18,
            "whitespace": "    "
          },
          {
            "function": "Promise._settlePromise0",
            "fileUrl": "http://127.0.0.1:8080/__cypress/runner/cypress_runner.js",
            "originalFile": "http://127.0.0.1:8080/__cypress/runner/cypress_runner.js",
            "line": 1594,
            "column": 10,
            "whitespace": "    "
          },
          {
            "function": "Promise._settlePromises",
            "fileUrl": "http://127.0.0.1:8080/__cypress/runner/cypress_runner.js",
            "originalFile": "http://127.0.0.1:8080/__cypress/runner/cypress_runner.js",
            "line": 1674,
            "column": 18,
            "whitespace": "    "
          },
          {
            "function": "Promise._fulfill",
            "fileUrl": "http://127.0.0.1:8080/__cypress/runner/cypress_runner.js",
            "originalFile": "http://127.0.0.1:8080/__cypress/runner/cypress_runner.js",
            "line": 1618,
            "column": 18,
            "whitespace": "    "
          },
          {
            "function": "<unknown>",
            "fileUrl": "http://127.0.0.1:8080/__cypress/runner/cypress_runner.js",
            "originalFile": "http://127.0.0.1:8080/__cypress/runner/cypress_runner.js",
            "line": 5423,
            "column": 46,
            "whitespace": "    "
          }
        ]
      }
    },
    {
      "title": "Track all email alerts in the iTrust2 application",
      "fullTitle": "Email Alerts for Account Events Track all email alerts in the iTrust2 application",
      "file": null,
      "currentRetry": 0,
      "err": {
        "message": "Timed out retrying after 8000ms: Expected to find element: `tr[name=\"emailTableRow\"]`, but never found it.",
        "type": "existence",
        "name": "AssertionError",
        "stack": "AssertionError: Timed out retrying after 8000ms: Expected to find element: `tr[name=\"emailTableRow\"]`, but never found it.\n    at Context.eval (webpack://itrust2-acceptance-tests/./outputs/autouat/UC14/email-alerts.spec.ts:75:7)",
        "parsedStack": [
          {
            "message": "AssertionError: Timed out retrying after 8000ms: Expected to find element: `tr[name=\"emailTableRow\"]`, but never found it.",
            "whitespace": ""
          },
          {
            "function": "Context.eval",
            "fileUrl": "http://127.0.0.1:8080/__cypress/tests?p=outputs\\autouat\\UC14\\email-alerts.spec.ts",
            "originalFile": "webpack://itrust2-acceptance-tests/./outputs/autouat/UC14/email-alerts.spec.ts",
            "relativeFile": "outputs/autouat/UC14/email-alerts.spec.ts",
            "absoluteFile": "D:\\APCS\\Acceptance/outputs/autouat/UC14/email-alerts.spec.ts",
            "line": 75,
            "column": 7,
            "whitespace": "    "
          }
        ],
        "codeFrame": {
          "line": 75,
          "column": 8,
          "originalFile": "outputs/autouat/UC14/email-alerts.spec.ts",
          "relativeFile": "outputs/autouat/UC14/email-alerts.spec.ts",
          "absoluteFile": "D:\\APCS\\Acceptance/outputs/autouat/UC14/email-alerts.spec.ts",
          "frame": "  73 |\n  74 |     // Ensure that the log includes the type of event, timestamp, and user's MID\n> 75 |     cy.get('tr[name=\"emailTableRow\"]').each(($row) => {\n     |        ^\n  76 |       cy.wrap($row).within(() => {\n  77 |         cy.get('td[name=\"subjectCell\"]').should('not.be.empty'); // Ensure subject is present\n  78 |         cy.get('td[name=\"messageCell\"]').should('not.be.empty'); // Ensure message is present",
          "language": "ts"
        }
      }
    }
  ],
  "passes": []
}
  (Results)

  ΓöîΓöÇΓöÇΓöÇΓöÇΓöÇΓöÇΓöÇΓöÇΓöÇΓöÇΓöÇΓöÇΓöÇΓöÇΓöÇΓöÇΓöÇΓöÇΓöÇΓöÇΓöÇΓöÇΓöÇΓöÇΓöÇΓöÇΓöÇΓöÇΓöÇΓöÇΓöÇΓöÇΓöÇΓöÇΓöÇΓöÇΓöÇΓöÇΓöÇΓöÇΓöÇΓöÇΓöÇΓöÇΓöÇΓöÇΓöÇΓöÇΓöÇΓöÇΓöÇΓöÇΓöÇΓöÇΓöÇΓöÇΓöÇΓöÇΓöÇΓöÇΓöÇΓöÇΓöÇΓöÇΓöÇΓöÇΓöÇΓöÇΓöÇΓöÇΓöÇΓöÇΓöÇΓöÇΓöÇΓöÇΓöÇΓöÇΓöÇΓöÇΓöÇΓöÇΓöÇΓöÇΓöÇΓöÇΓöÇΓöÇΓöÇΓöÇΓöÇΓöÇΓöÇΓöÇΓöÇΓöÇΓöÉ
  Γöé Tests:        5                                                                                Γöé
  Γöé Passing:      0                                                                                Γöé
  Γöé Failing:      5                                                                                Γöé
  Γöé Pending:      0                                                                                Γöé
  Γöé Skipped:      0                                                                                Γöé
  Γöé Screenshots:  0                                                                                Γöé
  Γöé Video:        false                                                                            Γöé
  Γöé Duration:     30 seconds                                                                       Γöé
  Γöé Spec Ran:     UC14/email-alerts.spec.ts                                                        Γöé
  ΓööΓöÇΓöÇΓöÇΓöÇΓöÇΓöÇΓöÇΓöÇΓöÇΓöÇΓöÇΓöÇΓöÇΓöÇΓöÇΓöÇΓöÇΓöÇΓöÇΓöÇΓöÇΓöÇΓöÇΓöÇΓöÇΓöÇΓöÇΓöÇΓöÇΓöÇΓöÇΓöÇΓöÇΓöÇΓöÇΓöÇΓöÇΓöÇΓöÇΓöÇΓöÇΓöÇΓöÇΓöÇΓöÇΓöÇΓöÇΓöÇΓöÇΓöÇΓöÇΓöÇΓöÇΓöÇΓöÇΓöÇΓöÇΓöÇΓöÇΓöÇΓöÇΓöÇΓöÇΓöÇΓöÇΓöÇΓöÇΓöÇΓöÇΓöÇΓöÇΓöÇΓöÇΓöÇΓöÇΓöÇΓöÇΓöÇΓöÇΓöÇΓöÇΓöÇΓöÇΓöÇΓöÇΓöÇΓöÇΓöÇΓöÇΓöÇΓöÇΓöÇΓöÇΓöÇΓöÇΓöÇΓöÿ


ΓöÇΓöÇΓöÇΓöÇΓöÇΓöÇΓöÇΓöÇΓöÇΓöÇΓöÇΓöÇΓöÇΓöÇΓöÇΓöÇΓöÇΓöÇΓöÇΓöÇΓöÇΓöÇΓöÇΓöÇΓöÇΓöÇΓöÇΓöÇΓöÇΓöÇΓöÇΓöÇΓöÇΓöÇΓöÇΓöÇΓöÇΓöÇΓöÇΓöÇΓöÇΓöÇΓöÇΓöÇΓöÇΓöÇΓöÇΓöÇΓöÇΓöÇΓöÇΓöÇΓöÇΓöÇΓöÇΓöÇΓöÇΓöÇΓöÇΓöÇΓöÇΓöÇΓöÇΓöÇΓöÇΓöÇΓöÇΓöÇΓöÇΓöÇΓöÇΓöÇΓöÇΓöÇΓöÇΓöÇΓöÇΓöÇΓöÇΓöÇΓöÇΓöÇΓöÇΓöÇΓöÇΓöÇΓöÇΓöÇΓöÇΓöÇΓöÇΓöÇΓöÇΓöÇΓöÇΓöÇΓöÇΓöÇΓöÇΓöÇ
                                                                                                    
  Running:  UC3/log-all-events.spec.ts                                                    (13 of 33)
{
  "stats": {
    "suites": 1,
    "tests": 1,
    "passes": 0,
    "pending": 0,
    "failures": 1,
    "start": "2026-09-10T10:35:57.498Z",
    "end": "2026-09-10T10:36:59.067Z",
    "duration": 61569
  },
  "tests": [
    {
      "title": "Log a successful login",
      "fullTitle": "Log all events Log a successful login",
      "file": null,
      "duration": 61457,
      "currentRetry": 0,
      "err": {
        "message": "Timed out retrying after 60000ms: expected 'http://127.0.0.1:8080/iTrust2/login?error' to not include '/login'\n\nThis error occurred while creating the session. Because the session setup failed, we failed the test.\n\nBecause this error occurred during a `before each` hook we are skipping the remaining tests in the current suite: `Log all events`",
        "name": "AssertionError",
        "stack": "AssertionError: Timed out retrying after 60000ms: expected 'http://127.0.0.1:8080/iTrust2/login?error' to not include '/login'\n\nThis error occurred while creating the session. Because the session setup failed, we failed the test.\n\nBecause this error occurred during a `before each` hook we are skipping the remaining tests in the current suite: `Log all events`\n    at cy.session.cacheAcrossSpecs [as setup] (webpack://itrust2-acceptance-tests/./cypress/support/commands.ts:24:33)\n    at Context.<anonymous> (http://127.0.0.1:8080/__cypress/runner/cypress_runner.js:135084:38)\n    at getRet (http://127.0.0.1:8080/__cypress/runner/cypress_runner.js:121394:20)\n    at tryCatcher (http://127.0.0.1:8080/__cypress/runner/cypress_runner.js:1780:23)\n    at Promise.attempt.Promise.try (http://127.0.0.1:8080/__cypress/runner/cypress_runner.js:4288:29)\n    at Context.thenFn (http://127.0.0.1:8080/__cypress/runner/cypress_runner.js:121405:66)\n    at Context.then (http://127.0.0.1:8080/__cypress/runner/cypress_runner.js:121656:21)\n    at wrapped (http://127.0.0.1:8080/__cypress/runner/cypress_runner.js:146597:19)",
        "parsedStack": [
          {
            "message": "AssertionError: Timed out retrying after 60000ms: expected 'http://127.0.0.1:8080/iTrust2/login?error' to not include '/login'",
            "whitespace": ""
          },
          {
            "message": "",
            "whitespace": ""
          },
          {
            "message": "This error occurred while creating the session. Because the session setup failed, we failed the test.",
            "whitespace": ""
          },
          {
            "function": "cy.session.cacheAcrossSpecs [as setup]",
            "fileUrl": "http://127.0.0.1:8080/__cypress/tests?p=cypress\\support\\e2e.ts",
            "originalFile": "webpack://itrust2-acceptance-tests/./cypress/support/commands.ts",
            "relativeFile": "cypress/support/commands.ts",
            "absoluteFile": "D:\\APCS\\Acceptance/cypress/support/commands.ts",
            "line": 24,
            "column": 33,
            "whitespace": "    "
          },
          {
            "function": "Context.<anonymous>",
            "fileUrl": "http://127.0.0.1:8080/__cypress/runner/cypress_runner.js",
            "originalFile": "http://127.0.0.1:8080/__cypress/runner/cypress_runner.js",
            "line": 135084,
            "column": 38,
            "whitespace": "    "
          },
          {
            "function": "getRet",
            "fileUrl": "http://127.0.0.1:8080/__cypress/runner/cypress_runner.js",
            "originalFile": "http://127.0.0.1:8080/__cypress/runner/cypress_runner.js",
            "line": 121394,
            "column": 20,
            "whitespace": "    "
          },
          {
            "function": "tryCatcher",
            "fileUrl": "http://127.0.0.1:8080/__cypress/runner/cypress_runner.js",
            "originalFile": "http://127.0.0.1:8080/__cypress/runner/cypress_runner.js",
            "line": 1780,
            "column": 23,
            "whitespace": "    "
          },
          {
            "function": "Promise.attempt.Promise.try",
            "fileUrl": "http://127.0.0.1:8080/__cypress/runner/cypress_runner.js",
            "originalFile": "http://127.0.0.1:8080/__cypress/runner/cypress_runner.js",
            "line": 4288,
            "column": 29,
            "whitespace": "    "
          },
          {
            "function": "Context.thenFn",
            "fileUrl": "http://127.0.0.1:8080/__cypress/runner/cypress_runner.js",
            "originalFile": "http://127.0.0.1:8080/__cypress/runner/cypress_runner.js",
            "line": 121405,
            "column": 66,
            "whitespace": "    "
          },
          {
            "function": "Context.then",
            "fileUrl": "http://127.0.0.1:8080/__cypress/runner/cypress_runner.js",
            "originalFile": "http://127.0.0.1:8080/__cypress/runner/cypress_runner.js",
            "line": 121656,
            "column": 21,
            "whitespace": "    "
          },
          {
            "function": "wrapped",
            "fileUrl": "http://127.0.0.1:8080/__cypress/runner/cypress_runner.js",
            "originalFile": "http://127.0.0.1:8080/__cypress/runner/cypress_runner.js",
            "line": 146597,
            "column": 19,
            "whitespace": "    "
          }
        ],
        "codeFrame": {
          "line": 24,
          "column": 34,
          "originalFile": "cypress/support/commands.ts",
          "relativeFile": "cypress/support/commands.ts",
          "absoluteFile": "D:\\APCS\\Acceptance/cypress/support/commands.ts",
          "frame": "  22 |         .type(password, { log: false })\n  23 |       cy.get('input[type=\"submit\"], button[type=\"submit\"]').first().click()\n> 24 |       cy.url({ timeout: 60000 }).should('not.include', '/login')\n     |                                  ^\n  25 |     },\n  26 |     {\n  27 |       cacheAcrossSpecs: true,",
          "language": "ts"
        }
      }
    }
  ],
  "pending": [],
  "failures": [
    {
      "title": "\"before each\" hook for \"Log a successful login\"",
      "fullTitle": "Log all events \"before each\" hook for \"Log a successful login\"",
      "file": null,
      "currentRetry": 0,
      "err": {
        "message": "Timed out retrying after 60000ms: expected 'http://127.0.0.1:8080/iTrust2/login?error' to not include '/login'\n\nThis error occurred while creating the session. Because the session setup failed, we failed the test.\n\nBecause this error occurred during a `before each` hook we are skipping the remaining tests in the current suite: `Log all events`",
        "name": "AssertionError",
        "stack": "AssertionError: Timed out retrying after 60000ms: expected 'http://127.0.0.1:8080/iTrust2/login?error' to not include '/login'\n\nThis error occurred while creating the session. Because the session setup failed, we failed the test.\n\nBecause this error occurred during a `before each` hook we are skipping the remaining tests in the current suite: `Log all events`\n    at cy.session.cacheAcrossSpecs [as setup] (webpack://itrust2-acceptance-tests/./cypress/support/commands.ts:24:33)\n    at Context.<anonymous> (http://127.0.0.1:8080/__cypress/runner/cypress_runner.js:135084:38)\n    at getRet (http://127.0.0.1:8080/__cypress/runner/cypress_runner.js:121394:20)\n    at tryCatcher (http://127.0.0.1:8080/__cypress/runner/cypress_runner.js:1780:23)\n    at Promise.attempt.Promise.try (http://127.0.0.1:8080/__cypress/runner/cypress_runner.js:4288:29)\n    at Context.thenFn (http://127.0.0.1:8080/__cypress/runner/cypress_runner.js:121405:66)\n    at Context.then (http://127.0.0.1:8080/__cypress/runner/cypress_runner.js:121656:21)\n    at wrapped (http://127.0.0.1:8080/__cypress/runner/cypress_runner.js:146597:19)",
        "parsedStack": [
          {
            "message": "AssertionError: Timed out retrying after 60000ms: expected 'http://127.0.0.1:8080/iTrust2/login?error' to not include '/login'",
            "whitespace": ""
          },
          {
            "message": "",
            "whitespace": ""
          },
          {
            "message": "This error occurred while creating the session. Because the session setup failed, we failed the test.",
            "whitespace": ""
          },
          {
            "function": "cy.session.cacheAcrossSpecs [as setup]",
            "fileUrl": "http://127.0.0.1:8080/__cypress/tests?p=cypress\\support\\e2e.ts",
            "originalFile": "webpack://itrust2-acceptance-tests/./cypress/support/commands.ts",
            "relativeFile": "cypress/support/commands.ts",
            "absoluteFile": "D:\\APCS\\Acceptance/cypress/support/commands.ts",
            "line": 24,
            "column": 33,
            "whitespace": "    "
          },
          {
            "function": "Context.<anonymous>",
            "fileUrl": "http://127.0.0.1:8080/__cypress/runner/cypress_runner.js",
            "originalFile": "http://127.0.0.1:8080/__cypress/runner/cypress_runner.js",
            "line": 135084,
            "column": 38,
            "whitespace": "    "
          },
          {
            "function": "getRet",
            "fileUrl": "http://127.0.0.1:8080/__cypress/runner/cypress_runner.js",
            "originalFile": "http://127.0.0.1:8080/__cypress/runner/cypress_runner.js",
            "line": 121394,
            "column": 20,
            "whitespace": "    "
          },
          {
            "function": "tryCatcher",
            "fileUrl": "http://127.0.0.1:8080/__cypress/runner/cypress_runner.js",
            "originalFile": "http://127.0.0.1:8080/__cypress/runner/cypress_runner.js",
            "line": 1780,
            "column": 23,
            "whitespace": "    "
          },
          {
            "function": "Promise.attempt.Promise.try",
            "fileUrl": "http://127.0.0.1:8080/__cypress/runner/cypress_runner.js",
            "originalFile": "http://127.0.0.1:8080/__cypress/runner/cypress_runner.js",
            "line": 4288,
            "column": 29,
            "whitespace": "    "
          },
          {
            "function": "Context.thenFn",
            "fileUrl": "http://127.0.0.1:8080/__cypress/runner/cypress_runner.js",
            "originalFile": "http://127.0.0.1:8080/__cypress/runner/cypress_runner.js",
            "line": 121405,
            "column": 66,
            "whitespace": "    "
          },
          {
            "function": "Context.then",
            "fileUrl": "http://127.0.0.1:8080/__cypress/runner/cypress_runner.js",
            "originalFile": "http://127.0.0.1:8080/__cypress/runner/cypress_runner.js",
            "line": 121656,
            "column": 21,
            "whitespace": "    "
          },
          {
            "function": "wrapped",
            "fileUrl": "http://127.0.0.1:8080/__cypress/runner/cypress_runner.js",
            "originalFile": "http://127.0.0.1:8080/__cypress/runner/cypress_runner.js",
            "line": 146597,
            "column": 19,
            "whitespace": "    "
          }
        ],
        "codeFrame": {
          "line": 24,
          "column": 34,
          "originalFile": "cypress/support/commands.ts",
          "relativeFile": "cypress/support/commands.ts",
          "absoluteFile": "D:\\APCS\\Acceptance/cypress/support/commands.ts",
          "frame": "  22 |         .type(password, { log: false })\n  23 |       cy.get('input[type=\"submit\"], button[type=\"submit\"]').first().click()\n> 24 |       cy.url({ timeout: 60000 }).should('not.include', '/login')\n     |                                  ^\n  25 |     },\n  26 |     {\n  27 |       cacheAcrossSpecs: true,",
          "language": "ts"
        }
      }
    }
  ],
  "passes": []
}
  (Results)

  ΓöîΓöÇΓöÇΓöÇΓöÇΓöÇΓöÇΓöÇΓöÇΓöÇΓöÇΓöÇΓöÇΓöÇΓöÇΓöÇΓöÇΓöÇΓöÇΓöÇΓöÇΓöÇΓöÇΓöÇΓöÇΓöÇΓöÇΓöÇΓöÇΓöÇΓöÇΓöÇΓöÇΓöÇΓöÇΓöÇΓöÇΓöÇΓöÇΓöÇΓöÇΓöÇΓöÇΓöÇΓöÇΓöÇΓöÇΓöÇΓöÇΓöÇΓöÇΓöÇΓöÇΓöÇΓöÇΓöÇΓöÇΓöÇΓöÇΓöÇΓöÇΓöÇΓöÇΓöÇΓöÇΓöÇΓöÇΓöÇΓöÇΓöÇΓöÇΓöÇΓöÇΓöÇΓöÇΓöÇΓöÇΓöÇΓöÇΓöÇΓöÇΓöÇΓöÇΓöÇΓöÇΓöÇΓöÇΓöÇΓöÇΓöÇΓöÇΓöÇΓöÇΓöÇΓöÇΓöÇΓöÇΓöÉ
  Γöé Tests:        9                                                                                Γöé
  Γöé Passing:      0                                                                                Γöé
  Γöé Failing:      1                                                                                Γöé
  Γöé Pending:      0                                                                                Γöé
  Γöé Skipped:      8                                                                                Γöé
  Γöé Screenshots:  0                                                                                Γöé
  Γöé Video:        false                                                                            Γöé
  Γöé Duration:     1 minute, 1 second                                                               Γöé
  Γöé Spec Ran:     UC3/log-all-events.spec.ts                                                       Γöé
  ΓööΓöÇΓöÇΓöÇΓöÇΓöÇΓöÇΓöÇΓöÇΓöÇΓöÇΓöÇΓöÇΓöÇΓöÇΓöÇΓöÇΓöÇΓöÇΓöÇΓöÇΓöÇΓöÇΓöÇΓöÇΓöÇΓöÇΓöÇΓöÇΓöÇΓöÇΓöÇΓöÇΓöÇΓöÇΓöÇΓöÇΓöÇΓöÇΓöÇΓöÇΓöÇΓöÇΓöÇΓöÇΓöÇΓöÇΓöÇΓöÇΓöÇΓöÇΓöÇΓöÇΓöÇΓöÇΓöÇΓöÇΓöÇΓöÇΓöÇΓöÇΓöÇΓöÇΓöÇΓöÇΓöÇΓöÇΓöÇΓöÇΓöÇΓöÇΓöÇΓöÇΓöÇΓöÇΓöÇΓöÇΓöÇΓöÇΓöÇΓöÇΓöÇΓöÇΓöÇΓöÇΓöÇΓöÇΓöÇΓöÇΓöÇΓöÇΓöÇΓöÇΓöÇΓöÇΓöÇΓöÇΓöÿ


ΓöÇΓöÇΓöÇΓöÇΓöÇΓöÇΓöÇΓöÇΓöÇΓöÇΓöÇΓöÇΓöÇΓöÇΓöÇΓöÇΓöÇΓöÇΓöÇΓöÇΓöÇΓöÇΓöÇΓöÇΓöÇΓöÇΓöÇΓöÇΓöÇΓöÇΓöÇΓöÇΓöÇΓöÇΓöÇΓöÇΓöÇΓöÇΓöÇΓöÇΓöÇΓöÇΓöÇΓöÇΓöÇΓöÇΓöÇΓöÇΓöÇΓöÇΓöÇΓöÇΓöÇΓöÇΓöÇΓöÇΓöÇΓöÇΓöÇΓöÇΓöÇΓöÇΓöÇΓöÇΓöÇΓöÇΓöÇΓöÇΓöÇΓöÇΓöÇΓöÇΓöÇΓöÇΓöÇΓöÇΓöÇΓöÇΓöÇΓöÇΓöÇΓöÇΓöÇΓöÇΓöÇΓöÇΓöÇΓöÇΓöÇΓöÇΓöÇΓöÇΓöÇΓöÇΓöÇΓöÇΓöÇΓöÇΓöÇΓöÇ
                                                                                                    
  Running:  UC4/hcp-edits-patient-demographics.spec.ts                                    (14 of 33)
{
  "stats": {
    "suites": 1,
    "tests": 5,
    "passes": 0,
    "pending": 0,
    "failures": 5,
    "start": "2026-09-10T10:37:00.437Z",
    "end": "2026-09-10T10:37:44.960Z",
    "duration": 44523
  },
  "tests": [
    {
      "title": "Successfully edit patient demographics with valid data",
      "fullTitle": "Edit Patient Demographics Successfully edit patient demographics with valid data",
      "file": null,
      "duration": 9669,
      "currentRetry": 0,
      "err": {
        "message": "Timed out retrying after 8000ms: Expected to find element: `input[name=\"patient\"]`, but never found it.",
        "type": "existence",
        "name": "AssertionError",
        "stack": "AssertionError: Timed out retrying after 8000ms: Expected to find element: `input[name=\"patient\"]`, but never found it.\n    at Context.eval (webpack://itrust2-acceptance-tests/./outputs/autouat/UC4/hcp-edits-patient-demographics.spec.ts:13:7)",
        "parsedStack": [
          {
            "message": "AssertionError: Timed out retrying after 8000ms: Expected to find element: `input[name=\"patient\"]`, but never found it.",
            "whitespace": ""
          },
          {
            "function": "Context.eval",
            "fileUrl": "http://127.0.0.1:8080/__cypress/tests?p=outputs\\autouat\\UC4\\hcp-edits-patient-demographics.spec.ts",
            "originalFile": "webpack://itrust2-acceptance-tests/./outputs/autouat/UC4/hcp-edits-patient-demographics.spec.ts",
            "relativeFile": "outputs/autouat/UC4/hcp-edits-patient-demographics.spec.ts",
            "absoluteFile": "D:\\APCS\\Acceptance/outputs/autouat/UC4/hcp-edits-patient-demographics.spec.ts",
            "line": 13,
            "column": 7,
            "whitespace": "    "
          }
        ],
        "codeFrame": {
          "line": 13,
          "column": 8,
          "originalFile": "outputs/autouat/UC4/hcp-edits-patient-demographics.spec.ts",
          "relativeFile": "outputs/autouat/UC4/hcp-edits-patient-demographics.spec.ts",
          "absoluteFile": "D:\\APCS\\Acceptance/outputs/autouat/UC4/hcp-edits-patient-demographics.spec.ts",
          "frame": "  11 |     cy.get('input[name=\"search\"]').type('123456');\n  12 |     // Select the patient from the list\n> 13 |     cy.get('input[name=\"patient\"]').first().check();\n     |        ^\n  14 |     // Fill in the patient's demographic information\n  15 |     cy.get('input[name=\"firstName\"]').type('John');\n  16 |     cy.get('input[name=\"lastName\"]').type('Doe');",
          "language": "ts"
        }
      }
    },
    {
      "title": "Attempt to edit patient demographics with missing required fields",
      "fullTitle": "Edit Patient Demographics Attempt to edit patient demographics with missing required fields",
      "file": null,
      "duration": 8655,
      "currentRetry": 0,
      "err": {
        "message": "Timed out retrying after 8000ms: Expected to find element: `input[name=\"patient\"]`, but never found it.",
        "type": "existence",
        "name": "AssertionError",
        "stack": "AssertionError: Timed out retrying after 8000ms: Expected to find element: `input[name=\"patient\"]`, but never found it.\n    at Context.eval (webpack://itrust2-acceptance-tests/./outputs/autouat/UC4/hcp-edits-patient-demographics.spec.ts:29:7)",
        "parsedStack": [
          {
            "message": "AssertionError: Timed out retrying after 8000ms: Expected to find element: `input[name=\"patient\"]`, but never found it.",
            "whitespace": ""
          },
          {
            "function": "Context.eval",
            "fileUrl": "http://127.0.0.1:8080/__cypress/tests?p=outputs\\autouat\\UC4\\hcp-edits-patient-demographics.spec.ts",
            "originalFile": "webpack://itrust2-acceptance-tests/./outputs/autouat/UC4/hcp-edits-patient-demographics.spec.ts",
            "relativeFile": "outputs/autouat/UC4/hcp-edits-patient-demographics.spec.ts",
            "absoluteFile": "D:\\APCS\\Acceptance/outputs/autouat/UC4/hcp-edits-patient-demographics.spec.ts",
            "line": 29,
            "column": 7,
            "whitespace": "    "
          }
        ],
        "codeFrame": {
          "line": 29,
          "column": 8,
          "originalFile": "outputs/autouat/UC4/hcp-edits-patient-demographics.spec.ts",
          "relativeFile": "outputs/autouat/UC4/hcp-edits-patient-demographics.spec.ts",
          "absoluteFile": "D:\\APCS\\Acceptance/outputs/autouat/UC4/hcp-edits-patient-demographics.spec.ts",
          "frame": "  27 |     cy.get('input[name=\"search\"]').type('123456');\n  28 |     // Select the patient from the list\n> 29 |     cy.get('input[name=\"patient\"]').first().check();\n     |        ^\n  30 |     // Leave the patient's name blank\n  31 |     cy.get('input[name=\"firstName\"]').clear();\n  32 |     cy.get('input[name=\"dateOfBirth\"]').type('01/15/1985');",
          "language": "ts"
        }
      }
    },
    {
      "title": "Attempt to edit patient demographics with invalid date format",
      "fullTitle": "Edit Patient Demographics Attempt to edit patient demographics with invalid date format",
      "file": null,
      "duration": 8658,
      "currentRetry": 0,
      "err": {
        "message": "Timed out retrying after 8000ms: Expected to find element: `input[name=\"patient\"]`, but never found it.",
        "type": "existence",
        "name": "AssertionError",
        "stack": "AssertionError: Timed out retrying after 8000ms: Expected to find element: `input[name=\"patient\"]`, but never found it.\n    at Context.eval (webpack://itrust2-acceptance-tests/./outputs/autouat/UC4/hcp-edits-patient-demographics.spec.ts:44:7)",
        "parsedStack": [
          {
            "message": "AssertionError: Timed out retrying after 8000ms: Expected to find element: `input[name=\"patient\"]`, but never found it.",
            "whitespace": ""
          },
          {
            "function": "Context.eval",
            "fileUrl": "http://127.0.0.1:8080/__cypress/tests?p=outputs\\autouat\\UC4\\hcp-edits-patient-demographics.spec.ts",
            "originalFile": "webpack://itrust2-acceptance-tests/./outputs/autouat/UC4/hcp-edits-patient-demographics.spec.ts",
            "relativeFile": "outputs/autouat/UC4/hcp-edits-patient-demographics.spec.ts",
            "absoluteFile": "D:\\APCS\\Acceptance/outputs/autouat/UC4/hcp-edits-patient-demographics.spec.ts",
            "line": 44,
            "column": 7,
            "whitespace": "    "
          }
        ],
        "codeFrame": {
          "line": 44,
          "column": 8,
          "originalFile": "outputs/autouat/UC4/hcp-edits-patient-demographics.spec.ts",
          "relativeFile": "outputs/autouat/UC4/hcp-edits-patient-demographics.spec.ts",
          "absoluteFile": "D:\\APCS\\Acceptance/outputs/autouat/UC4/hcp-edits-patient-demographics.spec.ts",
          "frame": "  42 |     cy.get('input[name=\"search\"]').type('123456');\n  43 |     // Select the patient from the list\n> 44 |     cy.get('input[name=\"patient\"]').first().check();\n     |        ^\n  45 |     // Fill in the patient's demographic information with an invalid date format\n  46 |     cy.get('input[name=\"firstName\"]').type('John');\n  47 |     cy.get('input[name=\"lastName\"]').type('Doe');",
          "language": "ts"
        }
      }
    },
    {
      "title": "Attempt to edit patient demographics with an invalid MID",
      "fullTitle": "Edit Patient Demographics Attempt to edit patient demographics with an invalid MID",
      "file": null,
      "duration": 8721,
      "currentRetry": 0,
      "err": {
        "message": "Timed out retrying after 8050ms: `cy.click()` failed because this element is not visible:\n\n`<button ng-click=\"submit()\" name=\"submit\">Submit</button>`\n\nThis element `<button>` is not visible because its parent `<div.ng-hide>` has CSS property: `display: none`\n\nFix this problem, or use `{force: true}` to disable error checking.\n\nhttps://on.cypress.io/element-cannot-be-interacted-with",
        "name": "CypressError",
        "stack": "CypressError: Timed out retrying after 8050ms: `cy.click()` failed because this element is not visible:\n\n`<button ng-click=\"submit()\" name=\"submit\">Submit</button>`\n\nThis element `<button>` is not visible because its parent `<div.ng-hide>` has CSS property: `display: none`\n\nFix this problem, or use `{force: true}` to disable error checking.\n\nhttps://on.cypress.io/element-cannot-be-interacted-with\n    at runVisibilityCheck (http://127.0.0.1:8080/__cypress/runner/cypress_runner.js:153750:58)\n    at Object.isStrictlyVisible (http://127.0.0.1:8080/__cypress/runner/cypress_runner.js:153764:10)\n    at runAllChecks (http://127.0.0.1:8080/__cypress/runner/cypress_runner.js:114016:26)\n    at retryActionability (http://127.0.0.1:8080/__cypress/runner/cypress_runner.js:114085:16)\n    at tryCatcher (http://127.0.0.1:8080/__cypress/runner/cypress_runner.js:1780:23)\n    at Promise.attempt.Promise.try (http://127.0.0.1:8080/__cypress/runner/cypress_runner.js:4288:29)\n    at whenStable (http://127.0.0.1:8080/__cypress/runner/cypress_runner.js:152458:70)\n    at <unknown> (http://127.0.0.1:8080/__cypress/runner/cypress_runner.js:152358:14)\n    at tryCatcher (http://127.0.0.1:8080/__cypress/runner/cypress_runner.js:1780:23)\n    at Promise._settlePromiseFromHandler (http://127.0.0.1:8080/__cypress/runner/cypress_runner.js:1492:31)\n    at Promise._settlePromise (http://127.0.0.1:8080/__cypress/runner/cypress_runner.js:1549:18)\n    at Promise._settlePromise0 (http://127.0.0.1:8080/__cypress/runner/cypress_runner.js:1594:10)\n    at Promise._settlePromises (http://127.0.0.1:8080/__cypress/runner/cypress_runner.js:1674:18)\n    at Promise._fulfill (http://127.0.0.1:8080/__cypress/runner/cypress_runner.js:1618:18)\n    at <unknown> (http://127.0.0.1:8080/__cypress/runner/cypress_runner.js:5423:46)",
        "parsedStack": [
          {
            "message": "CypressError: Timed out retrying after 8050ms: `cy.click()` failed because this element is not visible:",
            "whitespace": ""
          },
          {
            "message": "",
            "whitespace": ""
          },
          {
            "message": "`<button ng-click=\"submit()\" name=\"submit\">Submit</button>`",
            "whitespace": ""
          },
          {
            "message": "",
            "whitespace": ""
          },
          {
            "message": "This element `<button>` is not visible because its parent `<div.ng-hide>` has CSS property: `display: none`",
            "whitespace": ""
          },
          {
            "message": "",
            "whitespace": ""
          },
          {
            "message": "Fix this problem, or use `{force: true}` to disable error checking.",
            "whitespace": ""
          },
          {
            "function": "runVisibilityCheck",
            "fileUrl": "http://127.0.0.1:8080/__cypress/runner/cypress_runner.js",
            "originalFile": "http://127.0.0.1:8080/__cypress/runner/cypress_runner.js",
            "line": 153750,
            "column": 58,
            "whitespace": "    "
          },
          {
            "function": "Object.isStrictlyVisible",
            "fileUrl": "http://127.0.0.1:8080/__cypress/runner/cypress_runner.js",
            "originalFile": "http://127.0.0.1:8080/__cypress/runner/cypress_runner.js",
            "line": 153764,
            "column": 10,
            "whitespace": "    "
          },
          {
            "function": "runAllChecks",
            "fileUrl": "http://127.0.0.1:8080/__cypress/runner/cypress_runner.js",
            "originalFile": "http://127.0.0.1:8080/__cypress/runner/cypress_runner.js",
            "line": 114016,
            "column": 26,
            "whitespace": "    "
          },
          {
            "function": "retryActionability",
            "fileUrl": "http://127.0.0.1:8080/__cypress/runner/cypress_runner.js",
            "originalFile": "http://127.0.0.1:8080/__cypress/runner/cypress_runner.js",
            "line": 114085,
            "column": 16,
            "whitespace": "    "
          },
          {
            "function": "tryCatcher",
            "fileUrl": "http://127.0.0.1:8080/__cypress/runner/cypress_runner.js",
            "originalFile": "http://127.0.0.1:8080/__cypress/runner/cypress_runner.js",
            "line": 1780,
            "column": 23,
            "whitespace": "    "
          },
          {
            "function": "Promise.attempt.Promise.try",
            "fileUrl": "http://127.0.0.1:8080/__cypress/runner/cypress_runner.js",
            "originalFile": "http://127.0.0.1:8080/__cypress/runner/cypress_runner.js",
            "line": 4288,
            "column": 29,
            "whitespace": "    "
          },
          {
            "function": "whenStable",
            "fileUrl": "http://127.0.0.1:8080/__cypress/runner/cypress_runner.js",
            "originalFile": "http://127.0.0.1:8080/__cypress/runner/cypress_runner.js",
            "line": 152458,
            "column": 70,
            "whitespace": "    "
          },
          {
            "function": "<unknown>",
            "fileUrl": "http://127.0.0.1:8080/__cypress/runner/cypress_runner.js",
            "originalFile": "http://127.0.0.1:8080/__cypress/runner/cypress_runner.js",
            "line": 152358,
            "column": 14,
            "whitespace": "    "
          },
          {
            "function": "tryCatcher",
            "fileUrl": "http://127.0.0.1:8080/__cypress/runner/cypress_runner.js",
            "originalFile": "http://127.0.0.1:8080/__cypress/runner/cypress_runner.js",
            "line": 1780,
            "column": 23,
            "whitespace": "    "
          },
          {
            "function": "Promise._settlePromiseFromHandler",
            "fileUrl": "http://127.0.0.1:8080/__cypress/runner/cypress_runner.js",
            "originalFile": "http://127.0.0.1:8080/__cypress/runner/cypress_runner.js",
            "line": 1492,
            "column": 31,
            "whitespace": "    "
          },
          {
            "function": "Promise._settlePromise",
            "fileUrl": "http://127.0.0.1:8080/__cypress/runner/cypress_runner.js",
            "originalFile": "http://127.0.0.1:8080/__cypress/runner/cypress_runner.js",
            "line": 1549,
            "column": 18,
            "whitespace": "    "
          },
          {
            "function": "Promise._settlePromise0",
            "fileUrl": "http://127.0.0.1:8080/__cypress/runner/cypress_runner.js",
            "originalFile": "http://127.0.0.1:8080/__cypress/runner/cypress_runner.js",
            "line": 1594,
            "column": 10,
            "whitespace": "    "
          },
          {
            "function": "Promise._settlePromises",
            "fileUrl": "http://127.0.0.1:8080/__cypress/runner/cypress_runner.js",
            "originalFile": "http://127.0.0.1:8080/__cypress/runner/cypress_runner.js",
            "line": 1674,
            "column": 18,
            "whitespace": "    "
          },
          {
            "function": "Promise._fulfill",
            "fileUrl": "http://127.0.0.1:8080/__cypress/runner/cypress_runner.js",
            "originalFile": "http://127.0.0.1:8080/__cypress/runner/cypress_runner.js",
            "line": 1618,
            "column": 18,
            "whitespace": "    "
          },
          {
            "function": "<unknown>",
            "fileUrl": "http://127.0.0.1:8080/__cypress/runner/cypress_runner.js",
            "originalFile": "http://127.0.0.1:8080/__cypress/runner/cypress_runner.js",
            "line": 5423,
            "column": 46,
            "whitespace": "    "
          }
        ]
      }
    },
    {
      "title": "Attempt to edit patient demographics with all fields blank",
      "fullTitle": "Edit Patient Demographics Attempt to edit patient demographics with all fields blank",
      "file": null,
      "duration": 8644,
      "currentRetry": 0,
      "err": {
        "message": "Timed out retrying after 8000ms: Expected to find element: `input[name=\"patient\"]`, but never found it.",
        "type": "existence",
        "name": "AssertionError",
        "stack": "AssertionError: Timed out retrying after 8000ms: Expected to find element: `input[name=\"patient\"]`, but never found it.\n    at Context.eval (webpack://itrust2-acceptance-tests/./outputs/autouat/UC4/hcp-edits-patient-demographics.spec.ts:69:7)",
        "parsedStack": [
          {
            "message": "AssertionError: Timed out retrying after 8000ms: Expected to find element: `input[name=\"patient\"]`, but never found it.",
            "whitespace": ""
          },
          {
            "function": "Context.eval",
            "fileUrl": "http://127.0.0.1:8080/__cypress/tests?p=outputs\\autouat\\UC4\\hcp-edits-patient-demographics.spec.ts",
            "originalFile": "webpack://itrust2-acceptance-tests/./outputs/autouat/UC4/hcp-edits-patient-demographics.spec.ts",
            "relativeFile": "outputs/autouat/UC4/hcp-edits-patient-demographics.spec.ts",
            "absoluteFile": "D:\\APCS\\Acceptance/outputs/autouat/UC4/hcp-edits-patient-demographics.spec.ts",
            "line": 69,
            "column": 7,
            "whitespace": "    "
          }
        ],
        "codeFrame": {
          "line": 69,
          "column": 8,
          "originalFile": "outputs/autouat/UC4/hcp-edits-patient-demographics.spec.ts",
          "relativeFile": "outputs/autouat/UC4/hcp-edits-patient-demographics.spec.ts",
          "absoluteFile": "D:\\APCS\\Acceptance/outputs/autouat/UC4/hcp-edits-patient-demographics.spec.ts",
          "frame": "  67 |     cy.get('input[name=\"search\"]').type('123456');\n  68 |     // Select the patient from the list\n> 69 |     cy.get('input[name=\"patient\"]').first().check();\n     |        ^\n  70 |     // Leave all fields blank\n  71 |     cy.get('input[name=\"firstName\"]').clear();\n  72 |     cy.get('input[name=\"lastName\"]').clear();",
          "language": "ts"
        }
      }
    }
  ],
  "pending": [],
  "failures": [
    {
      "title": "Successfully edit patient demographics with valid data",
      "fullTitle": "Edit Patient Demographics Successfully edit patient demographics with valid data",
      "file": null,
      "currentRetry": 0,
      "err": {
        "message": "Timed out retrying after 8000ms: Expected to find element: `input[name=\"patient\"]`, but never found it.",
        "type": "existence",
        "name": "AssertionError",
        "stack": "AssertionError: Timed out retrying after 8000ms: Expected to find element: `input[name=\"patient\"]`, but never found it.\n    at Context.eval (webpack://itrust2-acceptance-tests/./outputs/autouat/UC4/hcp-edits-patient-demographics.spec.ts:13:7)",
        "parsedStack": [
          {
            "message": "AssertionError: Timed out retrying after 8000ms: Expected to find element: `input[name=\"patient\"]`, but never found it.",
            "whitespace": ""
          },
          {
            "function": "Context.eval",
            "fileUrl": "http://127.0.0.1:8080/__cypress/tests?p=outputs\\autouat\\UC4\\hcp-edits-patient-demographics.spec.ts",
            "originalFile": "webpack://itrust2-acceptance-tests/./outputs/autouat/UC4/hcp-edits-patient-demographics.spec.ts",
            "relativeFile": "outputs/autouat/UC4/hcp-edits-patient-demographics.spec.ts",
            "absoluteFile": "D:\\APCS\\Acceptance/outputs/autouat/UC4/hcp-edits-patient-demographics.spec.ts",
            "line": 13,
            "column": 7,
            "whitespace": "    "
          }
        ],
        "codeFrame": {
          "line": 13,
          "column": 8,
          "originalFile": "outputs/autouat/UC4/hcp-edits-patient-demographics.spec.ts",
          "relativeFile": "outputs/autouat/UC4/hcp-edits-patient-demographics.spec.ts",
          "absoluteFile": "D:\\APCS\\Acceptance/outputs/autouat/UC4/hcp-edits-patient-demographics.spec.ts",
          "frame": "  11 |     cy.get('input[name=\"search\"]').type('123456');\n  12 |     // Select the patient from the list\n> 13 |     cy.get('input[name=\"patient\"]').first().check();\n     |        ^\n  14 |     // Fill in the patient's demographic information\n  15 |     cy.get('input[name=\"firstName\"]').type('John');\n  16 |     cy.get('input[name=\"lastName\"]').type('Doe');",
          "language": "ts"
        }
      }
    },
    {
      "title": "Attempt to edit patient demographics with missing required fields",
      "fullTitle": "Edit Patient Demographics Attempt to edit patient demographics with missing required fields",
      "file": null,
      "currentRetry": 0,
      "err": {
        "message": "Timed out retrying after 8000ms: Expected to find element: `input[name=\"patient\"]`, but never found it.",
        "type": "existence",
        "name": "AssertionError",
        "stack": "AssertionError: Timed out retrying after 8000ms: Expected to find element: `input[name=\"patient\"]`, but never found it.\n    at Context.eval (webpack://itrust2-acceptance-tests/./outputs/autouat/UC4/hcp-edits-patient-demographics.spec.ts:29:7)",
        "parsedStack": [
          {
            "message": "AssertionError: Timed out retrying after 8000ms: Expected to find element: `input[name=\"patient\"]`, but never found it.",
            "whitespace": ""
          },
          {
            "function": "Context.eval",
            "fileUrl": "http://127.0.0.1:8080/__cypress/tests?p=outputs\\autouat\\UC4\\hcp-edits-patient-demographics.spec.ts",
            "originalFile": "webpack://itrust2-acceptance-tests/./outputs/autouat/UC4/hcp-edits-patient-demographics.spec.ts",
            "relativeFile": "outputs/autouat/UC4/hcp-edits-patient-demographics.spec.ts",
            "absoluteFile": "D:\\APCS\\Acceptance/outputs/autouat/UC4/hcp-edits-patient-demographics.spec.ts",
            "line": 29,
            "column": 7,
            "whitespace": "    "
          }
        ],
        "codeFrame": {
          "line": 29,
          "column": 8,
          "originalFile": "outputs/autouat/UC4/hcp-edits-patient-demographics.spec.ts",
          "relativeFile": "outputs/autouat/UC4/hcp-edits-patient-demographics.spec.ts",
          "absoluteFile": "D:\\APCS\\Acceptance/outputs/autouat/UC4/hcp-edits-patient-demographics.spec.ts",
          "frame": "  27 |     cy.get('input[name=\"search\"]').type('123456');\n  28 |     // Select the patient from the list\n> 29 |     cy.get('input[name=\"patient\"]').first().check();\n     |        ^\n  30 |     // Leave the patient's name blank\n  31 |     cy.get('input[name=\"firstName\"]').clear();\n  32 |     cy.get('input[name=\"dateOfBirth\"]').type('01/15/1985');",
          "language": "ts"
        }
      }
    },
    {
      "title": "Attempt to edit patient demographics with invalid date format",
      "fullTitle": "Edit Patient Demographics Attempt to edit patient demographics with invalid date format",
      "file": null,
      "currentRetry": 0,
      "err": {
        "message": "Timed out retrying after 8000ms: Expected to find element: `input[name=\"patient\"]`, but never found it.",
        "type": "existence",
        "name": "AssertionError",
        "stack": "AssertionError: Timed out retrying after 8000ms: Expected to find element: `input[name=\"patient\"]`, but never found it.\n    at Context.eval (webpack://itrust2-acceptance-tests/./outputs/autouat/UC4/hcp-edits-patient-demographics.spec.ts:44:7)",
        "parsedStack": [
          {
            "message": "AssertionError: Timed out retrying after 8000ms: Expected to find element: `input[name=\"patient\"]`, but never found it.",
            "whitespace": ""
          },
          {
            "function": "Context.eval",
            "fileUrl": "http://127.0.0.1:8080/__cypress/tests?p=outputs\\autouat\\UC4\\hcp-edits-patient-demographics.spec.ts",
            "originalFile": "webpack://itrust2-acceptance-tests/./outputs/autouat/UC4/hcp-edits-patient-demographics.spec.ts",
            "relativeFile": "outputs/autouat/UC4/hcp-edits-patient-demographics.spec.ts",
            "absoluteFile": "D:\\APCS\\Acceptance/outputs/autouat/UC4/hcp-edits-patient-demographics.spec.ts",
            "line": 44,
            "column": 7,
            "whitespace": "    "
          }
        ],
        "codeFrame": {
          "line": 44,
          "column": 8,
          "originalFile": "outputs/autouat/UC4/hcp-edits-patient-demographics.spec.ts",
          "relativeFile": "outputs/autouat/UC4/hcp-edits-patient-demographics.spec.ts",
          "absoluteFile": "D:\\APCS\\Acceptance/outputs/autouat/UC4/hcp-edits-patient-demographics.spec.ts",
          "frame": "  42 |     cy.get('input[name=\"search\"]').type('123456');\n  43 |     // Select the patient from the list\n> 44 |     cy.get('input[name=\"patient\"]').first().check();\n     |        ^\n  45 |     // Fill in the patient's demographic information with an invalid date format\n  46 |     cy.get('input[name=\"firstName\"]').type('John');\n  47 |     cy.get('input[name=\"lastName\"]').type('Doe');",
          "language": "ts"
        }
      }
    },
    {
      "title": "Attempt to edit patient demographics with an invalid MID",
      "fullTitle": "Edit Patient Demographics Attempt to edit patient demographics with an invalid MID",
      "file": null,
      "currentRetry": 0,
      "err": {
        "message": "Timed out retrying after 8050ms: `cy.click()` failed because this element is not visible:\n\n`<button ng-click=\"submit()\" name=\"submit\">Submit</button>`\n\nThis element `<button>` is not visible because its parent `<div.ng-hide>` has CSS property: `display: none`\n\nFix this problem, or use `{force: true}` to disable error checking.\n\nhttps://on.cypress.io/element-cannot-be-interacted-with",
        "name": "CypressError",
        "stack": "CypressError: Timed out retrying after 8050ms: `cy.click()` failed because this element is not visible:\n\n`<button ng-click=\"submit()\" name=\"submit\">Submit</button>`\n\nThis element `<button>` is not visible because its parent `<div.ng-hide>` has CSS property: `display: none`\n\nFix this problem, or use `{force: true}` to disable error checking.\n\nhttps://on.cypress.io/element-cannot-be-interacted-with\n    at runVisibilityCheck (http://127.0.0.1:8080/__cypress/runner/cypress_runner.js:153750:58)\n    at Object.isStrictlyVisible (http://127.0.0.1:8080/__cypress/runner/cypress_runner.js:153764:10)\n    at runAllChecks (http://127.0.0.1:8080/__cypress/runner/cypress_runner.js:114016:26)\n    at retryActionability (http://127.0.0.1:8080/__cypress/runner/cypress_runner.js:114085:16)\n    at tryCatcher (http://127.0.0.1:8080/__cypress/runner/cypress_runner.js:1780:23)\n    at Promise.attempt.Promise.try (http://127.0.0.1:8080/__cypress/runner/cypress_runner.js:4288:29)\n    at whenStable (http://127.0.0.1:8080/__cypress/runner/cypress_runner.js:152458:70)\n    at <unknown> (http://127.0.0.1:8080/__cypress/runner/cypress_runner.js:152358:14)\n    at tryCatcher (http://127.0.0.1:8080/__cypress/runner/cypress_runner.js:1780:23)\n    at Promise._settlePromiseFromHandler (http://127.0.0.1:8080/__cypress/runner/cypress_runner.js:1492:31)\n    at Promise._settlePromise (http://127.0.0.1:8080/__cypress/runner/cypress_runner.js:1549:18)\n    at Promise._settlePromise0 (http://127.0.0.1:8080/__cypress/runner/cypress_runner.js:1594:10)\n    at Promise._settlePromises (http://127.0.0.1:8080/__cypress/runner/cypress_runner.js:1674:18)\n    at Promise._fulfill (http://127.0.0.1:8080/__cypress/runner/cypress_runner.js:1618:18)\n    at <unknown> (http://127.0.0.1:8080/__cypress/runner/cypress_runner.js:5423:46)",
        "parsedStack": [
          {
            "message": "CypressError: Timed out retrying after 8050ms: `cy.click()` failed because this element is not visible:",
            "whitespace": ""
          },
          {
            "message": "",
            "whitespace": ""
          },
          {
            "message": "`<button ng-click=\"submit()\" name=\"submit\">Submit</button>`",
            "whitespace": ""
          },
          {
            "message": "",
            "whitespace": ""
          },
          {
            "message": "This element `<button>` is not visible because its parent `<div.ng-hide>` has CSS property: `display: none`",
            "whitespace": ""
          },
          {
            "message": "",
            "whitespace": ""
          },
          {
            "message": "Fix this problem, or use `{force: true}` to disable error checking.",
            "whitespace": ""
          },
          {
            "function": "runVisibilityCheck",
            "fileUrl": "http://127.0.0.1:8080/__cypress/runner/cypress_runner.js",
            "originalFile": "http://127.0.0.1:8080/__cypress/runner/cypress_runner.js",
            "line": 153750,
            "column": 58,
            "whitespace": "    "
          },
          {
            "function": "Object.isStrictlyVisible",
            "fileUrl": "http://127.0.0.1:8080/__cypress/runner/cypress_runner.js",
            "originalFile": "http://127.0.0.1:8080/__cypress/runner/cypress_runner.js",
            "line": 153764,
            "column": 10,
            "whitespace": "    "
          },
          {
            "function": "runAllChecks",
            "fileUrl": "http://127.0.0.1:8080/__cypress/runner/cypress_runner.js",
            "originalFile": "http://127.0.0.1:8080/__cypress/runner/cypress_runner.js",
            "line": 114016,
            "column": 26,
            "whitespace": "    "
          },
          {
            "function": "retryActionability",
            "fileUrl": "http://127.0.0.1:8080/__cypress/runner/cypress_runner.js",
            "originalFile": "http://127.0.0.1:8080/__cypress/runner/cypress_runner.js",
            "line": 114085,
            "column": 16,
            "whitespace": "    "
          },
          {
            "function": "tryCatcher",
            "fileUrl": "http://127.0.0.1:8080/__cypress/runner/cypress_runner.js",
            "originalFile": "http://127.0.0.1:8080/__cypress/runner/cypress_runner.js",
            "line": 1780,
            "column": 23,
            "whitespace": "    "
          },
          {
            "function": "Promise.attempt.Promise.try",
            "fileUrl": "http://127.0.0.1:8080/__cypress/runner/cypress_runner.js",
            "originalFile": "http://127.0.0.1:8080/__cypress/runner/cypress_runner.js",
            "line": 4288,
            "column": 29,
            "whitespace": "    "
          },
          {
            "function": "whenStable",
            "fileUrl": "http://127.0.0.1:8080/__cypress/runner/cypress_runner.js",
            "originalFile": "http://127.0.0.1:8080/__cypress/runner/cypress_runner.js",
            "line": 152458,
            "column": 70,
            "whitespace": "    "
          },
          {
            "function": "<unknown>",
            "fileUrl": "http://127.0.0.1:8080/__cypress/runner/cypress_runner.js",
            "originalFile": "http://127.0.0.1:8080/__cypress/runner/cypress_runner.js",
            "line": 152358,
            "column": 14,
            "whitespace": "    "
          },
          {
            "function": "tryCatcher",
            "fileUrl": "http://127.0.0.1:8080/__cypress/runner/cypress_runner.js",
            "originalFile": "http://127.0.0.1:8080/__cypress/runner/cypress_runner.js",
            "line": 1780,
            "column": 23,
            "whitespace": "    "
          },
          {
            "function": "Promise._settlePromiseFromHandler",
            "fileUrl": "http://127.0.0.1:8080/__cypress/runner/cypress_runner.js",
            "originalFile": "http://127.0.0.1:8080/__cypress/runner/cypress_runner.js",
            "line": 1492,
            "column": 31,
            "whitespace": "    "
          },
          {
            "function": "Promise._settlePromise",
            "fileUrl": "http://127.0.0.1:8080/__cypress/runner/cypress_runner.js",
            "originalFile": "http://127.0.0.1:8080/__cypress/runner/cypress_runner.js",
            "line": 1549,
            "column": 18,
            "whitespace": "    "
          },
          {
            "function": "Promise._settlePromise0",
            "fileUrl": "http://127.0.0.1:8080/__cypress/runner/cypress_runner.js",
            "originalFile": "http://127.0.0.1:8080/__cypress/runner/cypress_runner.js",
            "line": 1594,
            "column": 10,
            "whitespace": "    "
          },
          {
            "function": "Promise._settlePromises",
            "fileUrl": "http://127.0.0.1:8080/__cypress/runner/cypress_runner.js",
            "originalFile": "http://127.0.0.1:8080/__cypress/runner/cypress_runner.js",
            "line": 1674,
            "column": 18,
            "whitespace": "    "
          },
          {
            "function": "Promise._fulfill",
            "fileUrl": "http://127.0.0.1:8080/__cypress/runner/cypress_runner.js",
            "originalFile": "http://127.0.0.1:8080/__cypress/runner/cypress_runner.js",
            "line": 1618,
            "column": 18,
            "whitespace": "    "
          },
          {
            "function": "<unknown>",
            "fileUrl": "http://127.0.0.1:8080/__cypress/runner/cypress_runner.js",
            "originalFile": "http://127.0.0.1:8080/__cypress/runner/cypress_runner.js",
            "line": 5423,
            "column": 46,
            "whitespace": "    "
          }
        ]
      }
    },
    {
      "title": "Attempt to edit patient demographics with all fields blank",
      "fullTitle": "Edit Patient Demographics Attempt to edit patient demographics with all fields blank",
      "file": null,
      "currentRetry": 0,
      "err": {
        "message": "Timed out retrying after 8000ms: Expected to find element: `input[name=\"patient\"]`, but never found it.",
        "type": "existence",
        "name": "AssertionError",
        "stack": "AssertionError: Timed out retrying after 8000ms: Expected to find element: `input[name=\"patient\"]`, but never found it.\n    at Context.eval (webpack://itrust2-acceptance-tests/./outputs/autouat/UC4/hcp-edits-patient-demographics.spec.ts:69:7)",
        "parsedStack": [
          {
            "message": "AssertionError: Timed out retrying after 8000ms: Expected to find element: `input[name=\"patient\"]`, but never found it.",
            "whitespace": ""
          },
          {
            "function": "Context.eval",
            "fileUrl": "http://127.0.0.1:8080/__cypress/tests?p=outputs\\autouat\\UC4\\hcp-edits-patient-demographics.spec.ts",
            "originalFile": "webpack://itrust2-acceptance-tests/./outputs/autouat/UC4/hcp-edits-patient-demographics.spec.ts",
            "relativeFile": "outputs/autouat/UC4/hcp-edits-patient-demographics.spec.ts",
            "absoluteFile": "D:\\APCS\\Acceptance/outputs/autouat/UC4/hcp-edits-patient-demographics.spec.ts",
            "line": 69,
            "column": 7,
            "whitespace": "    "
          }
        ],
        "codeFrame": {
          "line": 69,
          "column": 8,
          "originalFile": "outputs/autouat/UC4/hcp-edits-patient-demographics.spec.ts",
          "relativeFile": "outputs/autouat/UC4/hcp-edits-patient-demographics.spec.ts",
          "absoluteFile": "D:\\APCS\\Acceptance/outputs/autouat/UC4/hcp-edits-patient-demographics.spec.ts",
          "frame": "  67 |     cy.get('input[name=\"search\"]').type('123456');\n  68 |     // Select the patient from the list\n> 69 |     cy.get('input[name=\"patient\"]').first().check();\n     |        ^\n  70 |     // Leave all fields blank\n  71 |     cy.get('input[name=\"firstName\"]').clear();\n  72 |     cy.get('input[name=\"lastName\"]').clear();",
          "language": "ts"
        }
      }
    }
  ],
  "passes": []
}
  (Results)

  ΓöîΓöÇΓöÇΓöÇΓöÇΓöÇΓöÇΓöÇΓöÇΓöÇΓöÇΓöÇΓöÇΓöÇΓöÇΓöÇΓöÇΓöÇΓöÇΓöÇΓöÇΓöÇΓöÇΓöÇΓöÇΓöÇΓöÇΓöÇΓöÇΓöÇΓöÇΓöÇΓöÇΓöÇΓöÇΓöÇΓöÇΓöÇΓöÇΓöÇΓöÇΓöÇΓöÇΓöÇΓöÇΓöÇΓöÇΓöÇΓöÇΓöÇΓöÇΓöÇΓöÇΓöÇΓöÇΓöÇΓöÇΓöÇΓöÇΓöÇΓöÇΓöÇΓöÇΓöÇΓöÇΓöÇΓöÇΓöÇΓöÇΓöÇΓöÇΓöÇΓöÇΓöÇΓöÇΓöÇΓöÇΓöÇΓöÇΓöÇΓöÇΓöÇΓöÇΓöÇΓöÇΓöÇΓöÇΓöÇΓöÇΓöÇΓöÇΓöÇΓöÇΓöÇΓöÇΓöÇΓöÇΓöÉ
  Γöé Tests:        5                                                                                Γöé
  Γöé Passing:      0                                                                                Γöé
  Γöé Failing:      5                                                                                Γöé
  Γöé Pending:      0                                                                                Γöé
  Γöé Skipped:      0                                                                                Γöé
  Γöé Screenshots:  0                                                                                Γöé
  Γöé Video:        false                                                                            Γöé
  Γöé Duration:     44 seconds                                                                       Γöé
  Γöé Spec Ran:     UC4/hcp-edits-patient-demographics.spec.ts                                       Γöé
  ΓööΓöÇΓöÇΓöÇΓöÇΓöÇΓöÇΓöÇΓöÇΓöÇΓöÇΓöÇΓöÇΓöÇΓöÇΓöÇΓöÇΓöÇΓöÇΓöÇΓöÇΓöÇΓöÇΓöÇΓöÇΓöÇΓöÇΓöÇΓöÇΓöÇΓöÇΓöÇΓöÇΓöÇΓöÇΓöÇΓöÇΓöÇΓöÇΓöÇΓöÇΓöÇΓöÇΓöÇΓöÇΓöÇΓöÇΓöÇΓöÇΓöÇΓöÇΓöÇΓöÇΓöÇΓöÇΓöÇΓöÇΓöÇΓöÇΓöÇΓöÇΓöÇΓöÇΓöÇΓöÇΓöÇΓöÇΓöÇΓöÇΓöÇΓöÇΓöÇΓöÇΓöÇΓöÇΓöÇΓöÇΓöÇΓöÇΓöÇΓöÇΓöÇΓöÇΓöÇΓöÇΓöÇΓöÇΓöÇΓöÇΓöÇΓöÇΓöÇΓöÇΓöÇΓöÇΓöÇΓöÇΓöÿ


ΓöÇΓöÇΓöÇΓöÇΓöÇΓöÇΓöÇΓöÇΓöÇΓöÇΓöÇΓöÇΓöÇΓöÇΓöÇΓöÇΓöÇΓöÇΓöÇΓöÇΓöÇΓöÇΓöÇΓöÇΓöÇΓöÇΓöÇΓöÇΓöÇΓöÇΓöÇΓöÇΓöÇΓöÇΓöÇΓöÇΓöÇΓöÇΓöÇΓöÇΓöÇΓöÇΓöÇΓöÇΓöÇΓöÇΓöÇΓöÇΓöÇΓöÇΓöÇΓöÇΓöÇΓöÇΓöÇΓöÇΓöÇΓöÇΓöÇΓöÇΓöÇΓöÇΓöÇΓöÇΓöÇΓöÇΓöÇΓöÇΓöÇΓöÇΓöÇΓöÇΓöÇΓöÇΓöÇΓöÇΓöÇΓöÇΓöÇΓöÇΓöÇΓöÇΓöÇΓöÇΓöÇΓöÇΓöÇΓöÇΓöÇΓöÇΓöÇΓöÇΓöÇΓöÇΓöÇΓöÇΓöÇΓöÇΓöÇΓöÇ
                                                                                                    
  Running:  UC4/hcp-er-lab-tech-edits-own-demographics.spec.ts                            (15 of 33)
{
  "stats": {
    "suites": 1,
    "tests": 5,
    "passes": 0,
    "pending": 0,
    "failures": 5,
    "start": "2026-09-10T10:37:46.197Z",
    "end": "2026-09-10T10:38:29.154Z",
    "duration": 42957
  },
  "tests": [
    {
      "title": "Successfully edit demographic information",
      "fullTitle": "Edit Own Demographics Successfully edit demographic information",
      "file": null,
      "duration": 11331,
      "currentRetry": 0,
      "err": {
        "message": "Timed out retrying after 8000ms: expected '<div.ng-binding>' to contain 'Your demographics have been updated successfully'",
        "name": "AssertionError",
        "stack": "AssertionError: Timed out retrying after 8000ms: expected '<div.ng-binding>' to contain 'Your demographics have been updated successfully'\n    at Context.eval (webpack://itrust2-acceptance-tests/./outputs/autouat/UC4/hcp-er-lab-tech-edits-own-demographics.spec.ts:27:34)",
        "parsedStack": [
          {
            "message": "AssertionError: Timed out retrying after 8000ms: expected '<div.ng-binding>' to contain 'Your demographics have been updated successfully'",
            "whitespace": ""
          },
          {
            "function": "Context.eval",
            "fileUrl": "http://127.0.0.1:8080/__cypress/tests?p=outputs\\autouat\\UC4\\hcp-er-lab-tech-edits-own-demographics.spec.ts",
            "originalFile": "webpack://itrust2-acceptance-tests/./outputs/autouat/UC4/hcp-er-lab-tech-edits-own-demographics.spec.ts",
            "relativeFile": "outputs/autouat/UC4/hcp-er-lab-tech-edits-own-demographics.spec.ts",
            "absoluteFile": "D:\\APCS\\Acceptance/outputs/autouat/UC4/hcp-er-lab-tech-edits-own-demographics.spec.ts",
            "line": 27,
            "column": 34,
            "whitespace": "    "
          }
        ],
        "codeFrame": {
          "line": 27,
          "column": 35,
          "originalFile": "outputs/autouat/UC4/hcp-er-lab-tech-edits-own-demographics.spec.ts",
          "relativeFile": "outputs/autouat/UC4/hcp-er-lab-tech-edits-own-demographics.spec.ts",
          "absoluteFile": "D:\\APCS\\Acceptance/outputs/autouat/UC4/hcp-er-lab-tech-edits-own-demographics.spec.ts",
          "frame": "  25 |\n  26 |     // Assert confirmation message\n> 27 |     cy.get('div[name=\"success\"]').should('contain', 'Your demographics have been updated successfully');\n     |                                   ^\n  28 |\n  29 |     // Assert updated demographic information is displayed correctly\n  30 |     cy.get('#firstName').should('have.value', 'John');",
          "language": "ts"
        }
      }
    },
    {
      "title": "Attempt to edit demographic information with missing required fields",
      "fullTitle": "Edit Own Demographics Attempt to edit demographic information with missing required fields",
      "file": null,
      "duration": 10368,
      "currentRetry": 0,
      "err": {
        "message": "Timed out retrying after 8000ms: expected '<td.ng-binding>' to contain 'This field is required'",
        "name": "AssertionError",
        "stack": "AssertionError: Timed out retrying after 8000ms: expected '<td.ng-binding>' to contain 'This field is required'\n    at Context.eval (webpack://itrust2-acceptance-tests/./outputs/autouat/UC4/hcp-er-lab-tech-edits-own-demographics.spec.ts:58:35)",
        "parsedStack": [
          {
            "message": "AssertionError: Timed out retrying after 8000ms: expected '<td.ng-binding>' to contain 'This field is required'",
            "whitespace": ""
          },
          {
            "function": "Context.eval",
            "fileUrl": "http://127.0.0.1:8080/__cypress/tests?p=outputs\\autouat\\UC4\\hcp-er-lab-tech-edits-own-demographics.spec.ts",
            "originalFile": "webpack://itrust2-acceptance-tests/./outputs/autouat/UC4/hcp-er-lab-tech-edits-own-demographics.spec.ts",
            "relativeFile": "outputs/autouat/UC4/hcp-er-lab-tech-edits-own-demographics.spec.ts",
            "absoluteFile": "D:\\APCS\\Acceptance/outputs/autouat/UC4/hcp-er-lab-tech-edits-own-demographics.spec.ts",
            "line": 58,
            "column": 35,
            "whitespace": "    "
          }
        ],
        "codeFrame": {
          "line": 58,
          "column": 36,
          "originalFile": "outputs/autouat/UC4/hcp-er-lab-tech-edits-own-demographics.spec.ts",
          "relativeFile": "outputs/autouat/UC4/hcp-er-lab-tech-edits-own-demographics.spec.ts",
          "absoluteFile": "D:\\APCS\\Acceptance/outputs/autouat/UC4/hcp-er-lab-tech-edits-own-demographics.spec.ts",
          "frame": "  56 |\n  57 |     // Assert error message for missing required field\n> 58 |     cy.get('td[ng-show=\"err[0]\"]').should('contain', 'This field is required');\n     |                                    ^\n  59 |   });\n  60 |\n  61 |   it('Attempt to edit demographic information with invalid data format', () => {",
          "language": "ts"
        }
      }
    },
    {
      "title": "Attempt to edit demographic information with invalid data format",
      "fullTitle": "Edit Own Demographics Attempt to edit demographic information with invalid data format",
      "file": null,
      "duration": 10550,
      "currentRetry": 0,
      "err": {
        "message": "Timed out retrying after 8000ms: expected '<td.ng-binding.ng-hide>' to contain 'Invalid email format'",
        "name": "AssertionError",
        "stack": "AssertionError: Timed out retrying after 8000ms: expected '<td.ng-binding.ng-hide>' to contain 'Invalid email format'\n    at Context.eval (webpack://itrust2-acceptance-tests/./outputs/autouat/UC4/hcp-er-lab-tech-edits-own-demographics.spec.ts:79:35)",
        "parsedStack": [
          {
            "message": "AssertionError: Timed out retrying after 8000ms: expected '<td.ng-binding.ng-hide>' to contain 'Invalid email format'",
            "whitespace": ""
          },
          {
            "function": "Context.eval",
            "fileUrl": "http://127.0.0.1:8080/__cypress/tests?p=outputs\\autouat\\UC4\\hcp-er-lab-tech-edits-own-demographics.spec.ts",
            "originalFile": "webpack://itrust2-acceptance-tests/./outputs/autouat/UC4/hcp-er-lab-tech-edits-own-demographics.spec.ts",
            "relativeFile": "outputs/autouat/UC4/hcp-er-lab-tech-edits-own-demographics.spec.ts",
            "absoluteFile": "D:\\APCS\\Acceptance/outputs/autouat/UC4/hcp-er-lab-tech-edits-own-demographics.spec.ts",
            "line": 79,
            "column": 35,
            "whitespace": "    "
          }
        ],
        "codeFrame": {
          "line": 79,
          "column": 36,
          "originalFile": "outputs/autouat/UC4/hcp-er-lab-tech-edits-own-demographics.spec.ts",
          "relativeFile": "outputs/autouat/UC4/hcp-er-lab-tech-edits-own-demographics.spec.ts",
          "absoluteFile": "D:\\APCS\\Acceptance/outputs/autouat/UC4/hcp-er-lab-tech-edits-own-demographics.spec.ts",
          "frame": "  77 |\n  78 |     // Assert error message for invalid data format\n> 79 |     cy.get('td[ng-show=\"err[2]\"]').should('contain', 'Invalid email format');\n     |                                    ^\n  80 |   });\n  81 |\n  82 |   it('Attempt to edit demographic information with partially valid data', () => {",
          "language": "ts"
        }
      }
    },
    {
      "title": "Attempt to edit demographic information with partially valid data",
      "fullTitle": "Edit Own Demographics Attempt to edit demographic information with partially valid data",
      "file": null,
      "duration": 562,
      "currentRetry": 0,
      "err": {
        "message": "`cy.type()` cannot accept an empty string. You need to actually type something.\n\nhttps://on.cypress.io/type",
        "name": "CypressError",
        "stack": "CypressError: `cy.type()` cannot accept an empty string. You need to actually type something.\n\nhttps://on.cypress.io/type\n    at Context.type (http://127.0.0.1:8080/__cypress/runner/cypress_runner.js:116042:68)\n    at wrapped (http://127.0.0.1:8080/__cypress/runner/cypress_runner.js:146597:19)\n    at <unknown> (http://127.0.0.1:8080/__cypress/runner/cypress_runner.js:152738:15)\n    at tryCatcher (http://127.0.0.1:8080/__cypress/runner/cypress_runner.js:1780:23)\n    at Promise._settlePromiseFromHandler (http://127.0.0.1:8080/__cypress/runner/cypress_runner.js:1492:31)\n    at Promise._settlePromise (http://127.0.0.1:8080/__cypress/runner/cypress_runner.js:1549:18)\n    at Promise._settlePromiseCtx (http://127.0.0.1:8080/__cypress/runner/cypress_runner.js:1586:10)\n    at _drainQueueStep (http://127.0.0.1:8080/__cypress/runner/cypress_runner.js:2384:12)\n    at _drainQueue (http://127.0.0.1:8080/__cypress/runner/cypress_runner.js:2373:9)\n    at Async._drainQueues (http://127.0.0.1:8080/__cypress/runner/cypress_runner.js:2389:5)\n    at Async.drainQueues (http://127.0.0.1:8080/__cypress/runner/cypress_runner.js:2259:14)",
        "parsedStack": [
          {
            "message": "CypressError: `cy.type()` cannot accept an empty string. You need to actually type something.",
            "whitespace": ""
          },
          {
            "function": "Context.type",
            "fileUrl": "http://127.0.0.1:8080/__cypress/runner/cypress_runner.js",
            "originalFile": "http://127.0.0.1:8080/__cypress/runner/cypress_runner.js",
            "line": 116042,
            "column": 68,
            "whitespace": "    "
          },
          {
            "function": "wrapped",
            "fileUrl": "http://127.0.0.1:8080/__cypress/runner/cypress_runner.js",
            "originalFile": "http://127.0.0.1:8080/__cypress/runner/cypress_runner.js",
            "line": 146597,
            "column": 19,
            "whitespace": "    "
          },
          {
            "function": "<unknown>",
            "fileUrl": "http://127.0.0.1:8080/__cypress/runner/cypress_runner.js",
            "originalFile": "http://127.0.0.1:8080/__cypress/runner/cypress_runner.js",
            "line": 152738,
            "column": 15,
            "whitespace": "    "
          },
          {
            "function": "tryCatcher",
            "fileUrl": "http://127.0.0.1:8080/__cypress/runner/cypress_runner.js",
            "originalFile": "http://127.0.0.1:8080/__cypress/runner/cypress_runner.js",
            "line": 1780,
            "column": 23,
            "whitespace": "    "
          },
          {
            "function": "Promise._settlePromiseFromHandler",
            "fileUrl": "http://127.0.0.1:8080/__cypress/runner/cypress_runner.js",
            "originalFile": "http://127.0.0.1:8080/__cypress/runner/cypress_runner.js",
            "line": 1492,
            "column": 31,
            "whitespace": "    "
          },
          {
            "function": "Promise._settlePromise",
            "fileUrl": "http://127.0.0.1:8080/__cypress/runner/cypress_runner.js",
            "originalFile": "http://127.0.0.1:8080/__cypress/runner/cypress_runner.js",
            "line": 1549,
            "column": 18,
            "whitespace": "    "
          },
          {
            "function": "Promise._settlePromiseCtx",
            "fileUrl": "http://127.0.0.1:8080/__cypress/runner/cypress_runner.js",
            "originalFile": "http://127.0.0.1:8080/__cypress/runner/cypress_runner.js",
            "line": 1586,
            "column": 10,
            "whitespace": "    "
          },
          {
            "function": "_drainQueueStep",
            "fileUrl": "http://127.0.0.1:8080/__cypress/runner/cypress_runner.js",
            "originalFile": "http://127.0.0.1:8080/__cypress/runner/cypress_runner.js",
            "line": 2384,
            "column": 12,
            "whitespace": "    "
          },
          {
            "function": "_drainQueue",
            "fileUrl": "http://127.0.0.1:8080/__cypress/runner/cypress_runner.js",
            "originalFile": "http://127.0.0.1:8080/__cypress/runner/cypress_runner.js",
            "line": 2373,
            "column": 9,
            "whitespace": "    "
          },
          {
            "function": "Async._drainQueues",
            "fileUrl": "http://127.0.0.1:8080/__cypress/runner/cypress_runner.js",
            "originalFile": "http://127.0.0.1:8080/__cypress/runner/cypress_runner.js",
            "line": 2389,
            "column": 5,
            "whitespace": "    "
          },
          {
            "function": "Async.drainQueues",
            "fileUrl": "http://127.0.0.1:8080/__cypress/runner/cypress_runner.js",
            "originalFile": "http://127.0.0.1:8080/__cypress/runner/cypress_runner.js",
            "line": 2259,
            "column": 14,
            "whitespace": "    "
          }
        ]
      }
    },
    {
      "title": "Verify that the user can view their current demographic information",
      "fullTitle": "Edit Own Demographics Verify that the user can view their current demographic information",
      "file": null,
      "duration": 8131,
      "currentRetry": 0,
      "err": {
        "message": "Timed out retrying after 8000ms: expected '<input#firstName.ng-pristine.ng-untouched.ng-valid.ng-not-empty>' not to be 'empty'",
        "name": "AssertionError",
        "stack": "AssertionError: Timed out retrying after 8000ms: expected '<input#firstName.ng-pristine.ng-untouched.ng-valid.ng-not-empty>' not to be 'empty'\n    at Context.eval (webpack://itrust2-acceptance-tests/./outputs/autouat/UC4/hcp-er-lab-tech-edits-own-demographics.spec.ts:108:25)",
        "parsedStack": [
          {
            "message": "AssertionError: Timed out retrying after 8000ms: expected '<input#firstName.ng-pristine.ng-untouched.ng-valid.ng-not-empty>' not to be 'empty'",
            "whitespace": ""
          },
          {
            "function": "Context.eval",
            "fileUrl": "http://127.0.0.1:8080/__cypress/tests?p=outputs\\autouat\\UC4\\hcp-er-lab-tech-edits-own-demographics.spec.ts",
            "originalFile": "webpack://itrust2-acceptance-tests/./outputs/autouat/UC4/hcp-er-lab-tech-edits-own-demographics.spec.ts",
            "relativeFile": "outputs/autouat/UC4/hcp-er-lab-tech-edits-own-demographics.spec.ts",
            "absoluteFile": "D:\\APCS\\Acceptance/outputs/autouat/UC4/hcp-er-lab-tech-edits-own-demographics.spec.ts",
            "line": 108,
            "column": 25,
            "whitespace": "    "
          }
        ],
        "codeFrame": {
          "line": 108,
          "column": 26,
          "originalFile": "outputs/autouat/UC4/hcp-er-lab-tech-edits-own-demographics.spec.ts",
          "relativeFile": "outputs/autouat/UC4/hcp-er-lab-tech-edits-own-demographics.spec.ts",
          "absoluteFile": "D:\\APCS\\Acceptance/outputs/autouat/UC4/hcp-er-lab-tech-edits-own-demographics.spec.ts",
          "frame": "  106 |\n  107 |     // Assert current demographic information is displayed correctly\n> 108 |     cy.get('#firstName').should('not.be.empty');\n      |                          ^\n  109 |     cy.get('#lastName').should('not.be.empty');\n  110 |     cy.get('#email').should('not.be.empty');\n  111 |     cy.get('#address1').should('not.be.empty');",
          "language": "ts"
        }
      }
    }
  ],
  "pending": [],
  "failures": [
    {
      "title": "Successfully edit demographic information",
      "fullTitle": "Edit Own Demographics Successfully edit demographic information",
      "file": null,
      "currentRetry": 0,
      "err": {
        "message": "Timed out retrying after 8000ms: expected '<div.ng-binding>' to contain 'Your demographics have been updated successfully'",
        "name": "AssertionError",
        "stack": "AssertionError: Timed out retrying after 8000ms: expected '<div.ng-binding>' to contain 'Your demographics have been updated successfully'\n    at Context.eval (webpack://itrust2-acceptance-tests/./outputs/autouat/UC4/hcp-er-lab-tech-edits-own-demographics.spec.ts:27:34)",
        "parsedStack": [
          {
            "message": "AssertionError: Timed out retrying after 8000ms: expected '<div.ng-binding>' to contain 'Your demographics have been updated successfully'",
            "whitespace": ""
          },
          {
            "function": "Context.eval",
            "fileUrl": "http://127.0.0.1:8080/__cypress/tests?p=outputs\\autouat\\UC4\\hcp-er-lab-tech-edits-own-demographics.spec.ts",
            "originalFile": "webpack://itrust2-acceptance-tests/./outputs/autouat/UC4/hcp-er-lab-tech-edits-own-demographics.spec.ts",
            "relativeFile": "outputs/autouat/UC4/hcp-er-lab-tech-edits-own-demographics.spec.ts",
            "absoluteFile": "D:\\APCS\\Acceptance/outputs/autouat/UC4/hcp-er-lab-tech-edits-own-demographics.spec.ts",
            "line": 27,
            "column": 34,
            "whitespace": "    "
          }
        ],
        "codeFrame": {
          "line": 27,
          "column": 35,
          "originalFile": "outputs/autouat/UC4/hcp-er-lab-tech-edits-own-demographics.spec.ts",
          "relativeFile": "outputs/autouat/UC4/hcp-er-lab-tech-edits-own-demographics.spec.ts",
          "absoluteFile": "D:\\APCS\\Acceptance/outputs/autouat/UC4/hcp-er-lab-tech-edits-own-demographics.spec.ts",
          "frame": "  25 |\n  26 |     // Assert confirmation message\n> 27 |     cy.get('div[name=\"success\"]').should('contain', 'Your demographics have been updated successfully');\n     |                                   ^\n  28 |\n  29 |     // Assert updated demographic information is displayed correctly\n  30 |     cy.get('#firstName').should('have.value', 'John');",
          "language": "ts"
        }
      }
    },
    {
      "title": "Attempt to edit demographic information with missing required fields",
      "fullTitle": "Edit Own Demographics Attempt to edit demographic information with missing required fields",
      "file": null,
      "currentRetry": 0,
      "err": {
        "message": "Timed out retrying after 8000ms: expected '<td.ng-binding>' to contain 'This field is required'",
        "name": "AssertionError",
        "stack": "AssertionError: Timed out retrying after 8000ms: expected '<td.ng-binding>' to contain 'This field is required'\n    at Context.eval (webpack://itrust2-acceptance-tests/./outputs/autouat/UC4/hcp-er-lab-tech-edits-own-demographics.spec.ts:58:35)",
        "parsedStack": [
          {
            "message": "AssertionError: Timed out retrying after 8000ms: expected '<td.ng-binding>' to contain 'This field is required'",
            "whitespace": ""
          },
          {
            "function": "Context.eval",
            "fileUrl": "http://127.0.0.1:8080/__cypress/tests?p=outputs\\autouat\\UC4\\hcp-er-lab-tech-edits-own-demographics.spec.ts",
            "originalFile": "webpack://itrust2-acceptance-tests/./outputs/autouat/UC4/hcp-er-lab-tech-edits-own-demographics.spec.ts",
            "relativeFile": "outputs/autouat/UC4/hcp-er-lab-tech-edits-own-demographics.spec.ts",
            "absoluteFile": "D:\\APCS\\Acceptance/outputs/autouat/UC4/hcp-er-lab-tech-edits-own-demographics.spec.ts",
            "line": 58,
            "column": 35,
            "whitespace": "    "
          }
        ],
        "codeFrame": {
          "line": 58,
          "column": 36,
          "originalFile": "outputs/autouat/UC4/hcp-er-lab-tech-edits-own-demographics.spec.ts",
          "relativeFile": "outputs/autouat/UC4/hcp-er-lab-tech-edits-own-demographics.spec.ts",
          "absoluteFile": "D:\\APCS\\Acceptance/outputs/autouat/UC4/hcp-er-lab-tech-edits-own-demographics.spec.ts",
          "frame": "  56 |\n  57 |     // Assert error message for missing required field\n> 58 |     cy.get('td[ng-show=\"err[0]\"]').should('contain', 'This field is required');\n     |                                    ^\n  59 |   });\n  60 |\n  61 |   it('Attempt to edit demographic information with invalid data format', () => {",
          "language": "ts"
        }
      }
    },
    {
      "title": "Attempt to edit demographic information with invalid data format",
      "fullTitle": "Edit Own Demographics Attempt to edit demographic information with invalid data format",
      "file": null,
      "currentRetry": 0,
      "err": {
        "message": "Timed out retrying after 8000ms: expected '<td.ng-binding.ng-hide>' to contain 'Invalid email format'",
        "name": "AssertionError",
        "stack": "AssertionError: Timed out retrying after 8000ms: expected '<td.ng-binding.ng-hide>' to contain 'Invalid email format'\n    at Context.eval (webpack://itrust2-acceptance-tests/./outputs/autouat/UC4/hcp-er-lab-tech-edits-own-demographics.spec.ts:79:35)",
        "parsedStack": [
          {
            "message": "AssertionError: Timed out retrying after 8000ms: expected '<td.ng-binding.ng-hide>' to contain 'Invalid email format'",
            "whitespace": ""
          },
          {
            "function": "Context.eval",
            "fileUrl": "http://127.0.0.1:8080/__cypress/tests?p=outputs\\autouat\\UC4\\hcp-er-lab-tech-edits-own-demographics.spec.ts",
            "originalFile": "webpack://itrust2-acceptance-tests/./outputs/autouat/UC4/hcp-er-lab-tech-edits-own-demographics.spec.ts",
            "relativeFile": "outputs/autouat/UC4/hcp-er-lab-tech-edits-own-demographics.spec.ts",
            "absoluteFile": "D:\\APCS\\Acceptance/outputs/autouat/UC4/hcp-er-lab-tech-edits-own-demographics.spec.ts",
            "line": 79,
            "column": 35,
            "whitespace": "    "
          }
        ],
        "codeFrame": {
          "line": 79,
          "column": 36,
          "originalFile": "outputs/autouat/UC4/hcp-er-lab-tech-edits-own-demographics.spec.ts",
          "relativeFile": "outputs/autouat/UC4/hcp-er-lab-tech-edits-own-demographics.spec.ts",
          "absoluteFile": "D:\\APCS\\Acceptance/outputs/autouat/UC4/hcp-er-lab-tech-edits-own-demographics.spec.ts",
          "frame": "  77 |\n  78 |     // Assert error message for invalid data format\n> 79 |     cy.get('td[ng-show=\"err[2]\"]').should('contain', 'Invalid email format');\n     |                                    ^\n  80 |   });\n  81 |\n  82 |   it('Attempt to edit demographic information with partially valid data', () => {",
          "language": "ts"
        }
      }
    },
    {
      "title": "Attempt to edit demographic information with partially valid data",
      "fullTitle": "Edit Own Demographics Attempt to edit demographic information with partially valid data",
      "file": null,
      "currentRetry": 0,
      "err": {
        "message": "`cy.type()` cannot accept an empty string. You need to actually type something.\n\nhttps://on.cypress.io/type",
        "name": "CypressError",
        "stack": "CypressError: `cy.type()` cannot accept an empty string. You need to actually type something.\n\nhttps://on.cypress.io/type\n    at Context.type (http://127.0.0.1:8080/__cypress/runner/cypress_runner.js:116042:68)\n    at wrapped (http://127.0.0.1:8080/__cypress/runner/cypress_runner.js:146597:19)\n    at <unknown> (http://127.0.0.1:8080/__cypress/runner/cypress_runner.js:152738:15)\n    at tryCatcher (http://127.0.0.1:8080/__cypress/runner/cypress_runner.js:1780:23)\n    at Promise._settlePromiseFromHandler (http://127.0.0.1:8080/__cypress/runner/cypress_runner.js:1492:31)\n    at Promise._settlePromise (http://127.0.0.1:8080/__cypress/runner/cypress_runner.js:1549:18)\n    at Promise._settlePromiseCtx (http://127.0.0.1:8080/__cypress/runner/cypress_runner.js:1586:10)\n    at _drainQueueStep (http://127.0.0.1:8080/__cypress/runner/cypress_runner.js:2384:12)\n    at _drainQueue (http://127.0.0.1:8080/__cypress/runner/cypress_runner.js:2373:9)\n    at Async._drainQueues (http://127.0.0.1:8080/__cypress/runner/cypress_runner.js:2389:5)\n    at Async.drainQueues (http://127.0.0.1:8080/__cypress/runner/cypress_runner.js:2259:14)",
        "parsedStack": [
          {
            "message": "CypressError: `cy.type()` cannot accept an empty string. You need to actually type something.",
            "whitespace": ""
          },
          {
            "function": "Context.type",
            "fileUrl": "http://127.0.0.1:8080/__cypress/runner/cypress_runner.js",
            "originalFile": "http://127.0.0.1:8080/__cypress/runner/cypress_runner.js",
            "line": 116042,
            "column": 68,
            "whitespace": "    "
          },
          {
            "function": "wrapped",
            "fileUrl": "http://127.0.0.1:8080/__cypress/runner/cypress_runner.js",
            "originalFile": "http://127.0.0.1:8080/__cypress/runner/cypress_runner.js",
            "line": 146597,
            "column": 19,
            "whitespace": "    "
          },
          {
            "function": "<unknown>",
            "fileUrl": "http://127.0.0.1:8080/__cypress/runner/cypress_runner.js",
            "originalFile": "http://127.0.0.1:8080/__cypress/runner/cypress_runner.js",
            "line": 152738,
            "column": 15,
            "whitespace": "    "
          },
          {
            "function": "tryCatcher",
            "fileUrl": "http://127.0.0.1:8080/__cypress/runner/cypress_runner.js",
            "originalFile": "http://127.0.0.1:8080/__cypress/runner/cypress_runner.js",
            "line": 1780,
            "column": 23,
            "whitespace": "    "
          },
          {
            "function": "Promise._settlePromiseFromHandler",
            "fileUrl": "http://127.0.0.1:8080/__cypress/runner/cypress_runner.js",
            "originalFile": "http://127.0.0.1:8080/__cypress/runner/cypress_runner.js",
            "line": 1492,
            "column": 31,
            "whitespace": "    "
          },
          {
            "function": "Promise._settlePromise",
            "fileUrl": "http://127.0.0.1:8080/__cypress/runner/cypress_runner.js",
            "originalFile": "http://127.0.0.1:8080/__cypress/runner/cypress_runner.js",
            "line": 1549,
            "column": 18,
            "whitespace": "    "
          },
          {
            "function": "Promise._settlePromiseCtx",
            "fileUrl": "http://127.0.0.1:8080/__cypress/runner/cypress_runner.js",
            "originalFile": "http://127.0.0.1:8080/__cypress/runner/cypress_runner.js",
            "line": 1586,
            "column": 10,
            "whitespace": "    "
          },
          {
            "function": "_drainQueueStep",
            "fileUrl": "http://127.0.0.1:8080/__cypress/runner/cypress_runner.js",
            "originalFile": "http://127.0.0.1:8080/__cypress/runner/cypress_runner.js",
            "line": 2384,
            "column": 12,
            "whitespace": "    "
          },
          {
            "function": "_drainQueue",
            "fileUrl": "http://127.0.0.1:8080/__cypress/runner/cypress_runner.js",
            "originalFile": "http://127.0.0.1:8080/__cypress/runner/cypress_runner.js",
            "line": 2373,
            "column": 9,
            "whitespace": "    "
          },
          {
            "function": "Async._drainQueues",
            "fileUrl": "http://127.0.0.1:8080/__cypress/runner/cypress_runner.js",
            "originalFile": "http://127.0.0.1:8080/__cypress/runner/cypress_runner.js",
            "line": 2389,
            "column": 5,
            "whitespace": "    "
          },
          {
            "function": "Async.drainQueues",
            "fileUrl": "http://127.0.0.1:8080/__cypress/runner/cypress_runner.js",
            "originalFile": "http://127.0.0.1:8080/__cypress/runner/cypress_runner.js",
            "line": 2259,
            "column": 14,
            "whitespace": "    "
          }
        ]
      }
    },
    {
      "title": "Verify that the user can view their current demographic information",
      "fullTitle": "Edit Own Demographics Verify that the user can view their current demographic information",
      "file": null,
      "currentRetry": 0,
      "err": {
        "message": "Timed out retrying after 8000ms: expected '<input#firstName.ng-pristine.ng-untouched.ng-valid.ng-not-empty>' not to be 'empty'",
        "name": "AssertionError",
        "stack": "AssertionError: Timed out retrying after 8000ms: expected '<input#firstName.ng-pristine.ng-untouched.ng-valid.ng-not-empty>' not to be 'empty'\n    at Context.eval (webpack://itrust2-acceptance-tests/./outputs/autouat/UC4/hcp-er-lab-tech-edits-own-demographics.spec.ts:108:25)",
        "parsedStack": [
          {
            "message": "AssertionError: Timed out retrying after 8000ms: expected '<input#firstName.ng-pristine.ng-untouched.ng-valid.ng-not-empty>' not to be 'empty'",
            "whitespace": ""
          },
          {
            "function": "Context.eval",
            "fileUrl": "http://127.0.0.1:8080/__cypress/tests?p=outputs\\autouat\\UC4\\hcp-er-lab-tech-edits-own-demographics.spec.ts",
            "originalFile": "webpack://itrust2-acceptance-tests/./outputs/autouat/UC4/hcp-er-lab-tech-edits-own-demographics.spec.ts",
            "relativeFile": "outputs/autouat/UC4/hcp-er-lab-tech-edits-own-demographics.spec.ts",
            "absoluteFile": "D:\\APCS\\Acceptance/outputs/autouat/UC4/hcp-er-lab-tech-edits-own-demographics.spec.ts",
            "line": 108,
            "column": 25,
            "whitespace": "    "
          }
        ],
        "codeFrame": {
          "line": 108,
          "column": 26,
          "originalFile": "outputs/autouat/UC4/hcp-er-lab-tech-edits-own-demographics.spec.ts",
          "relativeFile": "outputs/autouat/UC4/hcp-er-lab-tech-edits-own-demographics.spec.ts",
          "absoluteFile": "D:\\APCS\\Acceptance/outputs/autouat/UC4/hcp-er-lab-tech-edits-own-demographics.spec.ts",
          "frame": "  106 |\n  107 |     // Assert current demographic information is displayed correctly\n> 108 |     cy.get('#firstName').should('not.be.empty');\n      |                          ^\n  109 |     cy.get('#lastName').should('not.be.empty');\n  110 |     cy.get('#email').should('not.be.empty');\n  111 |     cy.get('#address1').should('not.be.empty');",
          "language": "ts"
        }
      }
    }
  ],
  "passes": []
}
  (Results)

  ΓöîΓöÇΓöÇΓöÇΓöÇΓöÇΓöÇΓöÇΓöÇΓöÇΓöÇΓöÇΓöÇΓöÇΓöÇΓöÇΓöÇΓöÇΓöÇΓöÇΓöÇΓöÇΓöÇΓöÇΓöÇΓöÇΓöÇΓöÇΓöÇΓöÇΓöÇΓöÇΓöÇΓöÇΓöÇΓöÇΓöÇΓöÇΓöÇΓöÇΓöÇΓöÇΓöÇΓöÇΓöÇΓöÇΓöÇΓöÇΓöÇΓöÇΓöÇΓöÇΓöÇΓöÇΓöÇΓöÇΓöÇΓöÇΓöÇΓöÇΓöÇΓöÇΓöÇΓöÇΓöÇΓöÇΓöÇΓöÇΓöÇΓöÇΓöÇΓöÇΓöÇΓöÇΓöÇΓöÇΓöÇΓöÇΓöÇΓöÇΓöÇΓöÇΓöÇΓöÇΓöÇΓöÇΓöÇΓöÇΓöÇΓöÇΓöÇΓöÇΓöÇΓöÇΓöÇΓöÇΓöÇΓöÉ
  Γöé Tests:        5                                                                                Γöé
  Γöé Passing:      0                                                                                Γöé
  Γöé Failing:      5                                                                                Γöé
  Γöé Pending:      0                                                                                Γöé
  Γöé Skipped:      0                                                                                Γöé
  Γöé Screenshots:  0                                                                                Γöé
  Γöé Video:        false                                                                            Γöé
  Γöé Duration:     42 seconds                                                                       Γöé
  Γöé Spec Ran:     UC4/hcp-er-lab-tech-edits-own-demographics.spec.ts                               Γöé
  ΓööΓöÇΓöÇΓöÇΓöÇΓöÇΓöÇΓöÇΓöÇΓöÇΓöÇΓöÇΓöÇΓöÇΓöÇΓöÇΓöÇΓöÇΓöÇΓöÇΓöÇΓöÇΓöÇΓöÇΓöÇΓöÇΓöÇΓöÇΓöÇΓöÇΓöÇΓöÇΓöÇΓöÇΓöÇΓöÇΓöÇΓöÇΓöÇΓöÇΓöÇΓöÇΓöÇΓöÇΓöÇΓöÇΓöÇΓöÇΓöÇΓöÇΓöÇΓöÇΓöÇΓöÇΓöÇΓöÇΓöÇΓöÇΓöÇΓöÇΓöÇΓöÇΓöÇΓöÇΓöÇΓöÇΓöÇΓöÇΓöÇΓöÇΓöÇΓöÇΓöÇΓöÇΓöÇΓöÇΓöÇΓöÇΓöÇΓöÇΓöÇΓöÇΓöÇΓöÇΓöÇΓöÇΓöÇΓöÇΓöÇΓöÇΓöÇΓöÇΓöÇΓöÇΓöÇΓöÇΓöÇΓöÿ


ΓöÇΓöÇΓöÇΓöÇΓöÇΓöÇΓöÇΓöÇΓöÇΓöÇΓöÇΓöÇΓöÇΓöÇΓöÇΓöÇΓöÇΓöÇΓöÇΓöÇΓöÇΓöÇΓöÇΓöÇΓöÇΓöÇΓöÇΓöÇΓöÇΓöÇΓöÇΓöÇΓöÇΓöÇΓöÇΓöÇΓöÇΓöÇΓöÇΓöÇΓöÇΓöÇΓöÇΓöÇΓöÇΓöÇΓöÇΓöÇΓöÇΓöÇΓöÇΓöÇΓöÇΓöÇΓöÇΓöÇΓöÇΓöÇΓöÇΓöÇΓöÇΓöÇΓöÇΓöÇΓöÇΓöÇΓöÇΓöÇΓöÇΓöÇΓöÇΓöÇΓöÇΓöÇΓöÇΓöÇΓöÇΓöÇΓöÇΓöÇΓöÇΓöÇΓöÇΓöÇΓöÇΓöÇΓöÇΓöÇΓöÇΓöÇΓöÇΓöÇΓöÇΓöÇΓöÇΓöÇΓöÇΓöÇΓöÇΓöÇ
                                                                                                    
  Running:  UC4/patient-edits-own-demographics.spec.ts                                    (16 of 33)
